Id,Name
1,薇汀俱乐部
2,自由风俱乐部
3,圣迪俱乐部
4,旭坤俱乐部
5,烽达俱乐部
6,雏鹰俱乐部
7,州尚俱乐部
8,新锐俱乐部
9,凯文俱乐部
10,雄志俱乐部
11,奇百特俱乐部
12,唯美俱乐部
13,颜族俱乐部
14,梦瑞俱乐部
15,质子俱乐部
16,黑卡俱乐部
17,钧泽俱乐部
18,天至骄俱乐部
19,奕佳俱乐部
20,安奇俱乐部
21,金方俱乐部
22,南红门俱乐部
23,泽锦俱乐部
24,大师俱乐部
25,三平俱乐部
26,嘉铖俱乐部
27,飞达俱乐部
28,网萌俱乐部
29,班利俱乐部
30,金硕俱乐部
31,缔王派俱乐部
32,仙烁俱乐部
33,多格多俱乐部
34,金榜俱乐部
35,索伊卡俱乐部
36,宁动俱乐部
37,顶峰俱乐部
38,豪风俱乐部
39,明珂玛俱乐部
40,和特俱乐部
41,英旗俱乐部
42,蒙蒙雨俱乐部
43,海飞依俱乐部
44,豪爵俱乐部
45,闯天俱乐部
46,佳才俱乐部
47,新盛俱乐部
48,法德俱乐部
49,德隆俱乐部
50,新亚俱乐部
51,锦衣梦俱乐部
52,大管家俱乐部
53,沁庆俱乐部
54,卓烁俱乐部
55,奔鸟俱乐部
56,法派特俱乐部
57,圣罗兰俱乐部
58,昕晨俱乐部
59,富邦俱乐部
60,昌乐泽川俱乐部
61,焱火俱乐部
62,益希俱乐部
63,璐绣俱乐部
64,捷高俱乐部
65,金玛俱乐部
66,缝纫机俱乐部
67,里水俱乐部
68,铭安达俱乐部
69,侬侬俱乐部
70,七彩虹俱乐部
71,汉林俱乐部
72,亚玲俱乐部
73,海西俱乐部
74,金灵俱乐部
75,梦瑶俱乐部
76,万通俱乐部
77,鹏发俱乐部
78,得能俱乐部
79,佐纯俱乐部
80,金伦俱乐部
81,金达莱俱乐部
82,名禾俱乐部
83,贝比秀俱乐部
84,澄海俱乐部
85,江花俱乐部
86,圣润俱乐部
87,雅琦俱乐部
88,海兴俱乐部
89,圣舞堂俱乐部
90,六毛俱乐部
91,雅致俱乐部
92,幸运俱乐部
93,客城俱乐部
94,天仙俱乐部
95,当美俱乐部
96,蒙泰俱乐部
97,优七俱乐部
98,凯志俱乐部
99,中正俱乐部
100,恒美俱乐部
101,注礼俱乐部
102,固德俱乐部
103,维妮俱乐部
104,铭隆俱乐部
105,御锦俱乐部
106,唐马俱乐部
107,汇林俱乐部
108,格沃俱乐部
109,家乐俱乐部
110,家美俱乐部
111,美家园俱乐部
112,博大俱乐部
113,大富豪俱乐部
114,深度俱乐部
115,华邦俱乐部
116,福成俱乐部
117,永合俱乐部
118,奥展俱乐部
119,嘉瑞俱乐部
120,纳斯卡俱乐部
121,明雄俱乐部
122,易美佳俱乐部
123,金达俱乐部
124,润龙俱乐部
125,思索俱乐部
126,克劳迪俱乐部
127,明旺俱乐部
128,朴洛俱乐部
129,米思俱乐部
130,泰康俱乐部
131,顺达俱乐部
132,东鼎俱乐部
133,格林世纪俱乐部
134,品度俱乐部
135,勒美俱乐部
136,青城嘉俱乐部
137,艺美格俱乐部
138,日日顺俱乐部
139,悠乐美俱乐部
140,雅泰俱乐部
141,柯雅派俱乐部
142,七彩喵俱乐部
143,雅阁苑俱乐部
144,乐天俱乐部
145,风行俱乐部
146,夏茉俱乐部
147,尚提俱乐部
148,伽叶俱乐部
149,禅韵俱乐部
150,紫薇俱乐部
151,梵尚阁俱乐部
152,万柳俱乐部
153,优伽俱乐部
154,高米俱乐部
155,纳音俱乐部
156,云婵俱乐部
157,妙乐俱乐部
158,梵竹俱乐部
159,慧心俱乐部
160,姿轩俱乐部
161,银座俱乐部
162,怡然俱乐部
163,时光俱乐部
164,悦己俱乐部
165,清心俱乐部
166,伊美俱乐部
167,奇趣俱乐部
168,峰汇俱乐部
169,魅空俱乐部
170,晨缘俱乐部
171,青荷俱乐部
172,荷姿俱乐部
173,朱鸿俱乐部
174,琦源俱乐部
175,天朗俱乐部
176,大火俱乐部
177,动火俱乐部
178,卓希俱乐部
179,宁胜俱乐部
180,悦步俱乐部
181,造梦俱乐部
182,海川俱乐部
183,羽翔俱乐部
184,恒冠俱乐部
185,笨笨俱乐部
186,金仕堡俱乐部
187,战舰俱乐部
188,锋悦俱乐部
189,兴然俱乐部
190,后舍俱乐部
191,飞越俱乐部
192,可乐俱乐部
193,文体俱乐部
194,博宽俱乐部
195,冠登俱乐部
196,鼎尚俱乐部
197,星翔俱乐部
198,壹球俱乐部
199,锅盖头俱乐部
200,飚速俱乐部
201,达乐俱乐部
202,运动世家俱乐部
203,麦卡俱乐部
204,北海俱乐部
205,乐士俱乐部
206,劲戈俱乐部
207,球之家俱乐部
208,火柴俱乐部
209,天堂运动俱乐部
210,傲翔俱乐部
211,顶迪俱乐部
212,凌动俱乐部
213,米力俱乐部
214,思川俱乐部
215,麦凯俱乐部
216,动玛俱乐部
217,摩腾俱乐部
218,普达维斯俱乐部
219,双德俱乐部
220,鑫体俱乐部
221,爱之美俱乐部
222,中漫俱乐部
223,宏达俱乐部
224,百事狼俱乐部
225,百动俱乐部
226,艾莫斯俱乐部
227,途锐俱乐部
228,欣欣俱乐部
229,球迷俱乐部
230,宝丽俱乐部
231,迷运俱乐部
232,迈宽俱乐部
233,黄金俱乐部
234,康括尔俱乐部
235,圣德鑫俱乐部
236,天齐俱乐部
237,福乐迪俱乐部
238,大学生俱乐部
239,大宇俱乐部
240,三星俱乐部
241,迈克俱乐部
242,达威俱乐部
243,锐思俱乐部
244,奥匹俱乐部
245,泉立俱乐部
246,当当俱乐部
247,小旋风俱乐部
248,领先俱乐部
249,比布狼俱乐部
250,竞业俱乐部
251,腾飞俱乐部
252,唯依库俱乐部
253,兴乐俱乐部
254,狂神俱乐部
255,大扬俱乐部
256,鹰酷俱乐部
257,星奥俱乐部
258,育博俱乐部
259,卡金俱乐部
260,领酷俱乐部
261,胜客俱乐部
262,劲博俱乐部
263,尔高俱乐部
264,阳阳俱乐部
265,锐朋仕俱乐部
266,艾上俱乐部
267,运动神俱乐部
268,至型俱乐部
269,荣健俱乐部
270,狂风俱乐部
271,乐健俱乐部
272,泽恒俱乐部
273,宝荣俱乐部
274,灵动俱乐部
275,来客俱乐部
276,酷玩俱乐部
277,信诺俱乐部
278,富贵羊俱乐部
279,阿童木俱乐部
280,乐宜俱乐部
281,速麦特俱乐部
282,五色花俱乐部
283,易健俱乐部
284,天润俱乐部
285,孙泽俱乐部
286,达人俱乐部
287,中超俱乐部
288,乐尔斯俱乐部
289,迅格俱乐部
290,搏霸俱乐部
291,健驰俱乐部
292,鼎奥俱乐部
293,动力俱乐部
294,乐尚俱乐部
295,舒乐凯俱乐部
296,青春俱乐部
297,奥得乐俱乐部
298,玖零俱乐部
299,飒拓俱乐部
300,风行者俱乐部
301,依凡俱乐部
302,飙人俱乐部
303,艾华尔俱乐部
304,无限俱乐部
305,威玛俱乐部
306,顶力俱乐部
307,火石俱乐部
308,跨越者俱乐部
309,永胜俱乐部
310,正品俱乐部
311,简酷龙俱乐部
312,裕普俱乐部
313,和升俱乐部
314,芬迪俱乐部
315,莱迪俱乐部
316,赞斯特俱乐部
317,德轩俱乐部
318,漫步俱乐部
319,博威俱乐部
320,旌弗俱乐部
321,神飞俱乐部
322,优邦俱乐部
323,玖拾捌俱乐部
324,烈焰俱乐部
325,极速俱乐部
326,雷霆俱乐部
327,黑骑俱乐部
328,碧海俱乐部
329,金羽俱乐部
330,紫电俱乐部
331,狂风俱乐部
332,铁拳俱乐部
333,龙翼俱乐部
334,战魂俱乐部
335,神威俱乐部
336,神噬俱乐部
337,夜猫俱乐部
338,幻影俱乐部
339,火箭俱乐部
340,冰锋俱乐部
341,狼牙俱乐部
342,极限俱乐部
343,奇迹俱乐部
344,影子俱乐部
345,雷电俱乐部
346,暗影俱乐部
347,神圣俱乐部
348,火焰俱乐部
349,霸者俱乐部
350,风暴俱乐部
351,闪电俱乐部
352,绝影俱乐部
353,神话俱乐部
354,神速俱乐部
355,神光俱乐部
356,猎鹰俱乐部
357,碧空俱乐部
358,神罚俱乐部
359,紫霄俱乐部
360,毁灭俱乐部
361,苍穹俱乐部
362,天翼俱乐部
363,神域俱乐部
364,荣耀俱乐部
365,黑暗俱乐部
366,神殿俱乐部
367,神力俱乐部
368,巨人俱乐部
369,终极俱乐部
370,狂雷俱乐部
371,魔龙俱乐部
372,黎明俱乐部
373,薇汀体育
374,自由风体育
375,圣迪体育
376,旭坤体育
377,烽达体育
378,雏鹰体育
379,州尚体育
380,新锐体育
381,凯文体育
382,雄志体育
383,奇百特体育
384,唯美体育
385,颜族体育
386,梦瑞体育
387,质子体育
388,黑卡体育
389,钧泽体育
390,天至骄体育
391,奕佳体育
392,安奇体育
393,金方体育
394,南红门体育
395,泽锦体育
396,大师体育
397,三平体育
398,嘉铖体育
399,飞达体育
400,网萌体育
401,班利体育
402,金硕体育
403,缔王派体育
404,仙烁体育
405,多格多体育
406,金榜体育
407,索伊卡体育
408,宁动体育
409,顶峰体育
410,豪风体育
411,明珂玛体育
412,和特体育
413,英旗体育
414,蒙蒙雨体育
415,海飞依体育
416,豪爵体育
417,闯天体育
418,佳才体育
419,新盛体育
420,法德体育
421,德隆体育
422,新亚体育
423,锦衣梦体育
424,大管家体育
425,沁庆体育
426,卓烁体育
427,奔鸟体育
428,法派特体育
429,圣罗兰体育
430,昕晨体育
431,富邦体育
432,昌乐泽川体育
433,焱火体育
434,益希体育
435,璐绣体育
436,捷高体育
437,金玛体育
438,缝纫机体育
439,里水体育
440,铭安达体育
441,侬侬体育
442,七彩虹体育
443,汉林体育
444,亚玲体育
445,海西体育
446,金灵体育
447,梦瑶体育
448,万通体育
449,鹏发体育
450,得能体育
451,佐纯体育
452,金伦体育
453,金达莱体育
454,名禾体育
455,贝比秀体育
456,澄海体育
457,江花体育
458,圣润体育
459,雅琦体育
460,海兴体育
461,圣舞堂体育
462,六毛体育
463,雅致体育
464,幸运体育
465,客城体育
466,天仙体育
467,当美体育
468,蒙泰体育
469,优七体育
470,凯志体育
471,中正体育
472,恒美体育
473,注礼体育
474,固德体育
475,维妮体育
476,铭隆体育
477,御锦体育
478,唐马体育
479,汇林体育
480,格沃体育
481,家乐体育
482,家美体育
483,美家园体育
484,博大体育
485,大富豪体育
486,深度体育
487,华邦体育
488,福成体育
489,永合体育
490,奥展体育
491,嘉瑞体育
492,纳斯卡体育
493,明雄体育
494,易美佳体育
495,金达体育
496,润龙体育
497,思索体育
498,克劳迪体育
499,明旺体育
500,朴洛体育
501,米思体育
502,泰康体育
503,顺达体育
504,东鼎体育
505,格林世纪体育
506,品度体育
507,勒美体育
508,青城嘉体育
509,艺美格体育
510,日日顺体育
511,悠乐美体育
512,雅泰体育
513,柯雅派体育
514,七彩喵体育
515,雅阁苑体育
516,乐天体育
517,风行体育
518,夏茉体育
519,尚提体育
520,伽叶体育
521,禅韵体育
522,紫薇体育
523,梵尚阁体育
524,万柳体育
525,优伽体育
526,高米体育
527,纳音体育
528,云婵体育
529,妙乐体育
530,梵竹体育
531,慧心体育
532,姿轩体育
533,银座体育
534,怡然体育
535,时光体育
536,悦己体育
537,清心体育
538,伊美体育
539,奇趣体育
540,峰汇体育
541,魅空体育
542,晨缘体育
543,青荷体育
544,荷姿体育
545,朱鸿体育
546,琦源体育
547,天朗体育
548,大火体育
549,动火体育
550,卓希体育
551,宁胜体育
552,悦步体育
553,造梦体育
554,海川体育
555,羽翔体育
556,恒冠体育
557,笨笨体育
558,金仕堡体育
559,战舰体育
560,锋悦体育
561,兴然体育
562,后舍体育
563,飞越体育
564,可乐体育
565,文体体育
566,博宽体育
567,冠登体育
568,鼎尚体育
569,星翔体育
570,壹球体育
571,锅盖头体育
572,飚速体育
573,达乐体育
574,运动世家体育
575,麦卡体育
576,北海体育
577,乐士体育
578,劲戈体育
579,球之家体育
580,火柴体育
581,天堂运动体育
582,傲翔体育
583,顶迪体育
584,凌动体育
585,米力体育
586,思川体育
587,麦凯体育
588,动玛体育
589,摩腾体育
590,普达维斯体育
591,双德体育
592,鑫体体育
593,爱之美体育
594,中漫体育
595,宏达体育
596,百事狼体育
597,百动体育
598,艾莫斯体育
599,途锐体育
600,欣欣体育
601,球迷体育
602,宝丽体育
603,迷运体育
604,迈宽体育
605,黄金体育
606,康括尔体育
607,圣德鑫体育
608,天齐体育
609,福乐迪体育
610,大学生体育
611,大宇体育
612,三星体育
613,迈克体育
614,达威体育
615,锐思体育
616,奥匹体育
617,泉立体育
618,当当体育
619,小旋风体育
620,领先体育
621,比布狼体育
622,竞业体育
623,腾飞体育
624,唯依库体育
625,兴乐体育
626,狂神体育
627,大扬体育
628,鹰酷体育
629,星奥体育
630,育博体育
631,卡金体育
632,领酷体育
633,胜客体育
634,劲博体育
635,尔高体育
636,阳阳体育
637,锐朋仕体育
638,艾上体育
639,运动神体育
640,至型体育
641,荣健体育
642,狂风体育
643,乐健体育
644,泽恒体育
645,宝荣体育
646,灵动体育
647,来客体育
648,酷玩体育
649,信诺体育
650,富贵羊体育
651,阿童木体育
652,乐宜体育
653,速麦特体育
654,五色花体育
655,易健体育
656,天润体育
657,孙泽体育
658,达人体育
659,中超体育
660,乐尔斯体育
661,迅格体育
662,搏霸体育
663,健驰体育
664,鼎奥体育
665,动力体育
666,乐尚体育
667,舒乐凯体育
668,青春体育
669,奥得乐体育
670,玖零体育
671,飒拓体育
672,风行者体育
673,依凡体育
674,飙人体育
675,艾华尔体育
676,无限体育
677,威玛体育
678,顶力体育
679,火石体育
680,跨越者体育
681,永胜体育
682,正品体育
683,简酷龙体育
684,裕普体育
685,和升体育
686,芬迪体育
687,莱迪体育
688,赞斯特体育
689,德轩体育
690,漫步体育
691,博威体育
692,旌弗体育
693,神飞体育
694,优邦体育
695,玖拾捌体育
696,烈焰体育
697,无敌体育
698,神速体育
699,极限体育
700,至尊体育
701,狂飙体育
702,紫电体育
703,碧海体育
704,龙骑体育
705,荣耀体育
706,运动神体育
707,力行体育
708,激情体育
709,烈火体育
710,飞跃体育
711,雄心体育
712,强力体育
713,胜利体育
714,掌控体育
715,无敌体育
716,风暴体育
717,奋斗体育
718,原动体育
719,神速体育
720,热血体育
721,神威体育
722,火焰体育
723,荣耀体育
724,霸者体育
725,绝影体育
726,神光体育
727,金翼体育
728,狂风体育
729,雷霆体育
730,黑骑体育
731,碧海体育
732,神圣体育
733,紫电体育
734,狂雷体育
735,战魂体育
736,龙翼体育
737,铁拳体育
738,影子体育
739,极限体育
740,碧空体育
741,冰锋体育
742,神噬体育
743,苍穹体育
744,毁灭体育
745,胜者体育
746,闪电体育
747,终极体育
748,神罚体育
749,神域体育
750,神力体育
751,幻影体育
752,神殿体育
753,魔龙体育
754,黎明体育
755,震撼体育
756,神盾体育
757,烈焰体育
758,极速体育
759,雷霆体育
760,黑骑体育
761,碧海体育
762,金羽体育
763,紫电体育
764,狂风体育
765,铁拳体育
766,龙翼体育
767,战魂体育
768,神威体育
769,神噬体育
770,夜猫体育
771,幻影体育
772,火箭体育
773,冰锋体育
774,狼牙体育
775,极限体育
776,奇迹体育
777,影子体育
778,雷电体育
779,暗影体育
780,神圣体育
781,火焰体育
782,霸者体育
783,风暴体育
784,闪电体育
785,绝影体育
786,神话体育
787,神速体育
788,神光体育
789,猎鹰体育
790,碧空体育
791,神罚体育
792,紫霄体育
793,毁灭体育
794,苍穹体育
795,天翼体育
796,神域体育
797,荣耀体育
798,黑暗体育
799,神殿体育
800,神力体育
801,巨人体育
802,终极体育
803,狂雷体育
804,魔龙体育
805,黎明体育
806,胜者体育
807,闪电体育
808,终极体育
809,神罚体育
810,神域体育
811,神力体育
812,幻影体育
813,神殿体育
814,魔龙体育
815,黎明体育
816,震撼体育
817,神盾体育
818,烈焰体育
819,极速体育
820,雷霆体育
821,黑骑体育
822,碧海体育
823,金羽体育
824,紫电体育
825,狂风体育
826,铁拳体育
827,龙翼体育
828,战魂体育
829,神威体育
830,神噬体育
831,夜猫体育
832,幻影体育
833,火箭体育
834,冰锋体育
835,狼牙体育
836,极限体育
837,奇迹体育
838,影子体育
839,雷电体育
840,暗影体育
841,神圣体育
842,火焰体育
843,霸者体育
844,风暴体育
845,闪电体育
846,绝影体育
847,神话体育
848,神速体育
849,神光体育
850,猎鹰体育
851,碧空体育
852,神罚体育
853,紫霄体育
854,毁灭体育
855,苍穹体育
856,天翼体育
857,神域体育
858,荣耀体育
859,黑暗体育
860,神殿体育
861,神力体育
862,巨人体育
863,终极体育
864,狂雷体育
865,魔龙体育
866,黎明体育
867,薇汀竞技
868,自由风竞技
869,圣迪竞技
870,旭坤竞技
871,烽达竞技
872,雏鹰竞技
873,州尚竞技
874,新锐竞技
875,凯文竞技
876,雄志竞技
877,奇百特竞技
878,唯美竞技
879,颜族竞技
880,梦瑞竞技
881,质子竞技
882,黑卡竞技
883,钧泽竞技
884,天至骄竞技
885,奕佳竞技
886,安奇竞技
887,金方竞技
888,南红门竞技
889,泽锦竞技
890,大师竞技
891,三平竞技
892,嘉铖竞技
893,飞达竞技
894,网萌竞技
895,班利竞技
896,金硕竞技
897,缔王派竞技
898,仙烁竞技
899,多格多竞技
900,金榜竞技
901,索伊卡竞技
902,宁动竞技
903,顶峰竞技
904,豪风竞技
905,明珂玛竞技
906,和特竞技
907,英旗竞技
908,蒙蒙雨竞技
909,海飞依竞技
910,豪爵竞技
911,闯天竞技
912,佳才竞技
913,新盛竞技
914,法德竞技
915,德隆竞技
916,新亚竞技
917,锦衣梦竞技
918,大管家竞技
919,沁庆竞技
920,卓烁竞技
921,奔鸟竞技
922,法派特竞技
923,圣罗兰竞技
924,昕晨竞技
925,富邦竞技
926,昌乐泽川竞技
927,焱火竞技
928,益希竞技
929,璐绣竞技
930,捷高竞技
931,金玛竞技
932,缝纫机竞技
933,里水竞技
934,铭安达竞技
935,侬侬竞技
936,七彩虹竞技
937,汉林竞技
938,亚玲竞技
939,海西竞技
940,金灵竞技
941,梦瑶竞技
942,万通竞技
943,鹏发竞技
944,得能竞技
945,佐纯竞技
946,金伦竞技
947,金达莱竞技
948,名禾竞技
949,贝比秀竞技
950,澄海竞技
951,江花竞技
952,圣润竞技
953,雅琦竞技
954,海兴竞技
955,圣舞堂竞技
956,六毛竞技
957,雅致竞技
958,幸运竞技
959,客城竞技
960,天仙竞技
961,当美竞技
962,蒙泰竞技
963,优七竞技
964,凯志竞技
965,中正竞技
966,恒美竞技
967,注礼竞技
968,固德竞技
969,维妮竞技
970,铭隆竞技
971,御锦竞技
972,唐马竞技
973,汇林竞技
974,格沃竞技
975,家乐竞技
976,家美竞技
977,美家园竞技
978,博大竞技
979,大富豪竞技
980,深度竞技
981,华邦竞技
982,福成竞技
983,永合竞技
984,奥展竞技
985,嘉瑞竞技
986,纳斯卡竞技
987,明雄竞技
988,易美佳竞技
989,金达竞技
990,润龙竞技
991,思索竞技
992,克劳迪竞技
993,明旺竞技
994,朴洛竞技
995,米思竞技
996,泰康竞技
997,顺达竞技
998,东鼎竞技
999,格林世纪竞技
1000,品度竞技
1001,勒美竞技
1002,青城嘉竞技
1003,艺美格竞技
1004,日日顺竞技
1005,悠乐美竞技
1006,雅泰竞技
1007,柯雅派竞技
1008,七彩喵竞技
1009,雅阁苑竞技
1010,乐天竞技
1011,风行竞技
1012,夏茉竞技
1013,尚提竞技
1014,伽叶竞技
1015,禅韵竞技
1016,紫薇竞技
1017,梵尚阁竞技
1018,万柳竞技
1019,优伽竞技
1020,高米竞技
1021,纳音竞技
1022,云婵竞技
1023,妙乐竞技
1024,梵竹竞技
1025,慧心竞技
1026,姿轩竞技
1027,银座竞技
1028,怡然竞技
1029,时光竞技
1030,悦己竞技
1031,清心竞技
1032,伊美竞技
1033,奇趣竞技
1034,峰汇竞技
1035,魅空竞技
1036,晨缘竞技
1037,青荷竞技
1038,荷姿竞技
1039,朱鸿竞技
1040,琦源竞技
1041,天朗竞技
1042,大火竞技
1043,动火竞技
1044,卓希竞技
1045,宁胜竞技
1046,悦步竞技
1047,造梦竞技
1048,海川竞技
1049,羽翔竞技
1050,恒冠竞技
1051,笨笨竞技
1052,金仕堡竞技
1053,战舰竞技
1054,锋悦竞技
1055,兴然竞技
1056,后舍竞技
1057,飞越竞技
1058,可乐竞技
1059,文体竞技
1060,博宽竞技
1061,冠登竞技
1062,鼎尚竞技
1063,星翔竞技
1064,壹球竞技
1065,锅盖头竞技
1066,飚速竞技
1067,达乐竞技
1068,运动世家竞技
1069,麦卡竞技
1070,北海竞技
1071,乐士竞技
1072,劲戈竞技
1073,球之家竞技
1074,火柴竞技
1075,天堂运动竞技
1076,傲翔竞技
1077,顶迪竞技
1078,凌动竞技
1079,米力竞技
1080,思川竞技
1081,麦凯竞技
1082,动玛竞技
1083,摩腾竞技
1084,普达维斯竞技
1085,双德竞技
1086,鑫体竞技
1087,爱之美竞技
1088,中漫竞技
1089,宏达竞技
1090,百事狼竞技
1091,百动竞技
1092,艾莫斯竞技
1093,途锐竞技
1094,欣欣竞技
1095,球迷竞技
1096,宝丽竞技
1097,迷运竞技
1098,迈宽竞技
1099,黄金竞技
1100,康括尔竞技
1101,圣德鑫竞技
1102,天齐竞技
1103,福乐迪竞技
1104,大学生竞技
1105,大宇竞技
1106,三星竞技
1107,迈克竞技
1108,达威竞技
1109,锐思竞技
1110,奥匹竞技
1111,泉立竞技
1112,当当竞技
1113,小旋风竞技
1114,领先竞技
1115,比布狼竞技
1116,竞业竞技
1117,腾飞竞技
1118,唯依库竞技
1119,兴乐竞技
1120,狂神竞技
1121,大扬竞技
1122,鹰酷竞技
1123,星奥竞技
1124,育博竞技
1125,卡金竞技
1126,领酷竞技
1127,胜客竞技
1128,劲博竞技
1129,尔高竞技
1130,阳阳竞技
1131,锐朋仕竞技
1132,艾上竞技
1133,运动神竞技
1134,至型竞技
1135,荣健竞技
1136,狂风竞技
1137,乐健竞技
1138,泽恒竞技
1139,宝荣竞技
1140,灵动竞技
1141,来客竞技
1142,酷玩竞技
1143,信诺竞技
1144,富贵羊竞技
1145,阿童木竞技
1146,乐宜竞技
1147,速麦特竞技
1148,五色花竞技
1149,易健竞技
1150,天润竞技
1151,孙泽竞技
1152,达人竞技
1153,中超竞技
1154,乐尔斯竞技
1155,迅格竞技
1156,搏霸竞技
1157,健驰竞技
1158,鼎奥竞技
1159,动力竞技
1160,乐尚竞技
1161,舒乐凯竞技
1162,青春竞技
1163,奥得乐竞技
1164,玖零竞技
1165,飒拓竞技
1166,风行者竞技
1167,依凡竞技
1168,飙人竞技
1169,艾华尔竞技
1170,无限竞技
1171,威玛竞技
1172,顶力竞技
1173,火石竞技
1174,跨越者竞技
1175,永胜竞技
1176,正品竞技
1177,简酷龙竞技
1178,裕普竞技
1179,和升竞技
1180,芬迪竞技
1181,莱迪竞技
1182,赞斯特竞技
1183,德轩竞技
1184,漫步竞技
1185,博威竞技
1186,旌弗竞技
1187,神飞竞技
1188,优邦竞技
1189,玖拾捌竞技
1190,烈焰竞技
1191,无敌竞技
1192,神速竞技
1193,极限竞技
1194,至尊竞技
1195,狂飙竞技
1196,紫电竞技
1197,碧海竞技
1198,龙骑竞技
1199,荣耀竞技
1200,运动神竞技
1201,力行竞技
1202,激情竞技
1203,烈火竞技
1204,飞跃竞技
1205,雄心竞技
1206,强力竞技
1207,胜利竞技
1208,掌控竞技
1209,无敌竞技
1210,风暴竞技
1211,奋斗竞技
1212,原动竞技
1213,神速竞技
1214,热血竞技
1215,神威竞技
1216,火焰竞技
1217,荣耀竞技
1218,霸者竞技
1219,绝影竞技
1220,神光竞技
1221,金翼竞技
1222,狂风竞技
1223,雷霆竞技
1224,黑骑竞技
1225,碧海竞技
1226,神圣竞技
1227,紫电竞技
1228,狂雷竞技
1229,战魂竞技
1230,龙翼竞技
1231,铁拳竞技
1232,影子竞技
1233,极限竞技
1234,碧空竞技
1235,冰锋竞技
1236,神噬竞技
1237,苍穹竞技
1238,毁灭竞技
1239,胜者竞技
1240,闪电竞技
1241,终极竞技
1242,神罚竞技
1243,神域竞技
1244,神力竞技
1245,幻影竞技
1246,神殿竞技
1247,魔龙竞技
1248,黎明竞技
1249,震撼竞技
1250,神盾竞技
1251,烈焰竞技
1252,极速竞技
1253,雷霆竞技
1254,黑骑竞技
1255,碧海竞技
1256,金羽竞技
1257,紫电竞技
1258,狂风竞技
1259,铁拳竞技
1260,龙翼竞技
1261,战魂竞技
1262,神威竞技
1263,神噬竞技
1264,夜猫竞技
1265,幻影竞技
1266,火箭竞技
1267,冰锋竞技
1268,狼牙竞技
1269,极限竞技
1270,奇迹竞技
1271,影子竞技
1272,雷电竞技
1273,暗影竞技
1274,神圣竞技
1275,火焰竞技
1276,霸者竞技
1277,风暴竞技
1278,闪电竞技
1279,绝影竞技
1280,神话竞技
1281,神速竞技
1282,神光竞技
1283,猎鹰竞技
1284,碧空竞技
1285,神罚竞技
1286,紫霄竞技
1287,毁灭竞技
1288,苍穹竞技
1289,天翼竞技
1290,神域竞技
1291,荣耀竞技
1292,黑暗竞技
1293,神殿竞技
1294,神力竞技
1295,巨人竞技
1296,终极竞技
1297,狂雷竞技
1298,魔龙竞技
1299,黎明竞技
1300,薇汀篮球
1301,自由风篮球
1302,圣迪篮球
1303,旭坤篮球
1304,烽达篮球
1305,雏鹰篮球
1306,州尚篮球
1307,新锐篮球
1308,凯文篮球
1309,雄志篮球
1310,奇百特篮球
1311,唯美篮球
1312,颜族篮球
1313,梦瑞篮球
1314,质子篮球
1315,黑卡篮球
1316,钧泽篮球
1317,天至骄篮球
1318,奕佳篮球
1319,安奇篮球
1320,金方篮球
1321,南红门篮球
1322,泽锦篮球
1323,大师篮球
1324,三平篮球
1325,嘉铖篮球
1326,飞达篮球
1327,网萌篮球
1328,班利篮球
1329,金硕篮球
1330,缔王派篮球
1331,仙烁篮球
1332,多格多篮球
1333,金榜篮球
1334,索伊卡篮球
1335,宁动篮球
1336,顶峰篮球
1337,豪风篮球
1338,明珂玛篮球
1339,和特篮球
1340,英旗篮球
1341,蒙蒙雨篮球
1342,海飞依篮球
1343,豪爵篮球
1344,闯天篮球
1345,佳才篮球
1346,新盛篮球
1347,法德篮球
1348,德隆篮球
1349,新亚篮球
1350,锦衣梦篮球
1351,大管家篮球
1352,沁庆篮球
1353,卓烁篮球
1354,奔鸟篮球
1355,法派特篮球
1356,圣罗兰篮球
1357,昕晨篮球
1358,富邦篮球
1359,昌乐泽川篮球
1360,焱火篮球
1361,益希篮球
1362,璐绣篮球
1363,捷高篮球
1364,金玛篮球
1365,缝纫机篮球
1366,里水篮球
1367,铭安达篮球
1368,侬侬篮球
1369,七彩虹篮球
1370,汉林篮球
1371,亚玲篮球
1372,海西篮球
1373,金灵篮球
1374,梦瑶篮球
1375,万通篮球
1376,鹏发篮球
1377,得能篮球
1378,佐纯篮球
1379,金伦篮球
1380,金达莱篮球
1381,名禾篮球
1382,贝比秀篮球
1383,澄海篮球
1384,江花篮球
1385,圣润篮球
1386,雅琦篮球
1387,海兴篮球
1388,圣舞堂篮球
1389,六毛篮球
1390,雅致篮球
1391,幸运篮球
1392,客城篮球
1393,天仙篮球
1394,当美篮球
1395,蒙泰篮球
1396,优七篮球
1397,凯志篮球
1398,中正篮球
1399,恒美篮球
1400,注礼篮球
1401,固德篮球
1402,维妮篮球
1403,铭隆篮球
1404,御锦篮球
1405,唐马篮球
1406,汇林篮球
1407,格沃篮球
1408,家乐篮球
1409,家美篮球
1410,美家园篮球
1411,博大篮球
1412,大富豪篮球
1413,深度篮球
1414,华邦篮球
1415,福成篮球
1416,永合篮球
1417,奥展篮球
1418,嘉瑞篮球
1419,纳斯卡篮球
1420,明雄篮球
1421,易美佳篮球
1422,金达篮球
1423,润龙篮球
1424,思索篮球
1425,克劳迪篮球
1426,明旺篮球
1427,朴洛篮球
1428,米思篮球
1429,泰康篮球
1430,顺达篮球
1431,东鼎篮球
1432,格林世纪篮球
1433,品度篮球
1434,勒美篮球
1435,青城嘉篮球
1436,艺美格篮球
1437,日日顺篮球
1438,悠乐美篮球
1439,雅泰篮球
1440,柯雅派篮球
1441,七彩喵篮球
1442,雅阁苑篮球
1443,乐天篮球
1444,风行篮球
1445,夏茉篮球
1446,尚提篮球
1447,伽叶篮球
1448,禅韵篮球
1449,紫薇篮球
1450,梵尚阁篮球
1451,万柳篮球
1452,优伽篮球
1453,高米篮球
1454,纳音篮球
1455,云婵篮球
1456,妙乐篮球
1457,梵竹篮球
1458,慧心篮球
1459,姿轩篮球
1460,银座篮球
1461,怡然篮球
1462,时光篮球
1463,悦己篮球
1464,清心篮球
1465,伊美篮球
1466,奇趣篮球
1467,峰汇篮球
1468,魅空篮球
1469,晨缘篮球
1470,青荷篮球
1471,荷姿篮球
1472,朱鸿篮球
1473,琦源篮球
1474,天朗篮球
1475,大火篮球
1476,动火篮球
1477,卓希篮球
1478,宁胜篮球
1479,悦步篮球
1480,造梦篮球
1481,海川篮球
1482,羽翔篮球
1483,恒冠篮球
1484,笨笨篮球
1485,金仕堡篮球
1486,战舰篮球
1487,锋悦篮球
1488,兴然篮球
1489,后舍篮球
1490,飞越篮球
1491,可乐篮球
1492,文体篮球
1493,博宽篮球
1494,冠登篮球
1495,鼎尚篮球
1496,星翔篮球
1497,壹球篮球
1498,锅盖头篮球
1499,飚速篮球
1500,达乐篮球
1501,运动世家篮球
1502,麦卡篮球
1503,北海篮球
1504,乐士篮球
1505,劲戈篮球
1506,球之家篮球
1507,火柴篮球
1508,天堂运动篮球
1509,傲翔篮球
1510,顶迪篮球
1511,凌动篮球
1512,米力篮球
1513,思川篮球
1514,麦凯篮球
1515,动玛篮球
1516,摩腾篮球
1517,普达维斯篮球
1518,双德篮球
1519,鑫体篮球
1520,爱之美篮球
1521,中漫篮球
1522,宏达篮球
1523,百事狼篮球
1524,百动篮球
1525,艾莫斯篮球
1526,途锐篮球
1527,欣欣篮球
1528,球迷篮球
1529,宝丽篮球
1530,迷运篮球
1531,迈宽篮球
1532,黄金篮球
1533,康括尔篮球
1534,圣德鑫篮球
1535,天齐篮球
1536,福乐迪篮球
1537,大学生篮球
1538,大宇篮球
1539,三星篮球
1540,迈克篮球
1541,达威篮球
1542,锐思篮球
1543,奥匹篮球
1544,泉立篮球
1545,当当篮球
1546,小旋风篮球
1547,领先篮球
1548,比布狼篮球
1549,竞业篮球
1550,腾飞篮球
1551,唯依库篮球
1552,兴乐篮球
1553,狂神篮球
1554,大扬篮球
1555,鹰酷篮球
1556,星奥篮球
1557,育博篮球
1558,卡金篮球
1559,领酷篮球
1560,胜客篮球
1561,劲博篮球
1562,尔高篮球
1563,阳阳篮球
1564,锐朋仕篮球
1565,艾上篮球
1566,运动神篮球
1567,至型篮球
1568,荣健篮球
1569,狂风篮球
1570,乐健篮球
1571,泽恒篮球
1572,宝荣篮球
1573,灵动篮球
1574,来客篮球
1575,酷玩篮球
1576,信诺篮球
1577,富贵羊篮球
1578,阿童木篮球
1579,乐宜篮球
1580,速麦特篮球
1581,五色花篮球
1582,易健篮球
1583,天润篮球
1584,孙泽篮球
1585,达人篮球
1586,中超篮球
1587,乐尔斯篮球
1588,迅格篮球
1589,搏霸篮球
1590,健驰篮球
1591,鼎奥篮球
1592,动力篮球
1593,乐尚篮球
1594,舒乐凯篮球
1595,青春篮球
1596,奥得乐篮球
1597,玖零篮球
1598,飒拓篮球
1599,风行者篮球
1600,依凡篮球
1601,飙人篮球
1602,艾华尔篮球
1603,无限篮球
1604,威玛篮球
1605,顶力篮球
1606,火石篮球
1607,跨越者篮球
1608,永胜篮球
1609,正品篮球
1610,简酷龙篮球
1611,裕普篮球
1612,和升篮球
1613,芬迪篮球
1614,莱迪篮球
1615,赞斯特篮球
1616,德轩篮球
1617,漫步篮球
1618,博威篮球
1619,旌弗篮球
1620,神飞篮球
1621,优邦篮球
1622,玖拾捌篮球
1623,烈焰篮球
1624,无敌篮球
1625,神速篮球
1626,极限篮球
1627,至尊篮球
1628,狂飙篮球
1629,紫电篮球
1630,碧海篮球
1631,龙骑篮球
1632,荣耀篮球
1633,运动神篮球
1634,力行篮球
1635,激情篮球
1636,烈火篮球
1637,飞跃篮球
1638,雄心篮球
1639,强力篮球
1640,胜利篮球
1641,掌控篮球
1642,无敌篮球
1643,风暴篮球
1644,奋斗篮球
1645,原动篮球
1646,神速篮球
1647,热血篮球
1648,神威篮球
1649,火焰篮球
1650,荣耀篮球
1651,霸者篮球
1652,绝影篮球
1653,神光篮球
1654,金翼篮球
1655,狂风篮球
1656,雷霆篮球
1657,黑骑篮球
1658,碧海篮球
1659,神圣篮球
1660,紫电篮球
1661,狂雷篮球
1662,战魂篮球
1663,龙翼篮球
1664,铁拳篮球
1665,影子篮球
1666,极限篮球
1667,碧空篮球
1668,冰锋篮球
1669,神噬篮球
1670,苍穹篮球
1671,毁灭篮球
1672,胜者篮球
1673,闪电篮球
1674,终极篮球
1675,神罚篮球
1676,神域篮球
1677,神力篮球
1678,幻影篮球
1679,神殿篮球
1680,魔龙篮球
1681,黎明篮球
1682,震撼篮球
1683,神盾篮球
1684,烈焰篮球
1685,极速篮球
1686,雷霆篮球
1687,黑骑篮球
1688,碧海篮球
1689,金羽篮球
1690,紫电篮球
1691,狂风篮球
1692,铁拳篮球
1693,龙翼篮球
1694,战魂篮球
1695,神威篮球
1696,神噬篮球
1697,夜猫篮球
1698,幻影篮球
1699,火箭篮球
1700,冰锋篮球
1701,狼牙篮球
1702,极限篮球
1703,奇迹篮球
1704,影子篮球
1705,雷电篮球
1706,暗影篮球
1707,神圣篮球
1708,火焰篮球
1709,霸者篮球
1710,风暴篮球
1711,闪电篮球
1712,绝影篮球
1713,神话篮球
1714,神速篮球
1715,神光篮球
1716,猎鹰篮球
1717,碧空篮球
1718,神罚篮球
1719,紫霄篮球
1720,毁灭篮球
1721,苍穹篮球
1722,天翼篮球
1723,神域篮球
1724,荣耀篮球
1725,黑暗篮球
1726,神殿篮球
1727,神力篮球
1728,巨人篮球
1729,终极篮球
1730,狂雷篮球
1731,魔龙篮球
1732,黎明篮球
