Id,UnitName
0,
1,K
2,M
3,B
4,T
5,aa
6,bb
7,cc
8,dd
9,ee
10,ff
11,gg
12,hh
13,ii
14,jj
15,kk
16,ll
17,mm
18,nn
19,oo
20,pp
21,qq
22,rr
23,ss
24,tt
25,uu
26,vv
27,ww
28,xx
29,yy
30,zz
31,AA
32,BB
33,CC
34,DD
35,EE
36,FF
37,GG
38,HH
39,II
40,JJ
41,KK
42,LL
43,MM
44,NN
45,OO
46,PP
47,QQ
48,RR
49,SS
50,TT
51,UU
52,VV
53,WW
54,XX
55,YY
56,ZZ
57,aaa
58,bbb
59,ccc
60,ddd
61,eee
62,fff
63,ggg
64,hhh
65,iii
66,jjj
67,kkk
68,lll
69,mmm
70,nnn
71,ooo
72,ppp
73,qqq
74,rrr
75,sss
76,ttt
77,uuu
78,vvv
79,www
80,xxx
81,yyy
82,zzz
83,AAA
84,BBB
85,CCC
86,DDD
87,EEE
88,FFF
89,GGG
90,HHH
91,III
92,JJJ
93,KKK
94,LLL
95,MMM
96,NNN
97,OOO
98,PPP
99,QQQ
100,RRR
101,SSS
102,TTT
103,UUU
104,VVV
105,WWW
106,XXX
107,YYY
108,ZZZ
109,$aa
110,$bb
111,$cc
112,$dd
113,$ee
114,$ff
115,$gg
116,$hh
117,$ii
118,$jj
119,$kk
120,$ll
121,$mm
122,$nn
123,$oo
124,$pp
125,$qq
126,$rr
127,$ss
128,$tt
129,$uu
130,$vv
131,$ww
132,$xx
133,$yy
134,$zz
135,$AA
136,$BB
137,$CC
138,$DD
139,$EE
140,$FF
141,$GG
142,$HH
143,$II
144,$JJ
145,$KK
146,$LL
147,$MM
148,$NN
149,$OO
150,$PP
151,$QQ
152,$RR
153,$SS
154,$TT
155,$UU
156,$VV
157,$WW
158,$XX
159,$YY
160,$ZZ
161,$$a
162,$$b
163,$$c
164,$$d
165,$$e
166,$$f
167,$$g
168,$$h
169,$$i
170,$$j
171,$$k
172,$$l
173,$$m
174,$$n
175,$$o
176,$$p
177,$$q
178,$$r
179,$$s
180,$$t
181,$$u
182,$$v
183,$$w
184,$$x
185,$$y
186,$$z
187,$$A
188,$$B
189,$$C
190,$$D
191,$$E
192,$$F
193,$$G
194,$$H
195,$$I
196,$$J
197,$$K
198,$$L
199,$$M
200,$$N
201,$$O
202,$$P
203,$$Q
204,$$R
205,$$S
206,$$T
207,$$U
208,$$V
209,$$W
210,$$X
211,$$Y
212,$$Z
213,@aa
214,@bb
215,@cc
216,@dd
217,@ee
218,@ff
219,@gg
220,@hh
221,@ii
222,@jj
223,@kk
224,@ll
225,@mm
226,@nn
227,@oo
228,@pp
229,@qq
230,@rr
231,@ss
232,@tt
233,@uu
234,@vv
235,@ww
236,@xx
237,@yy
238,@zz
239,@AA
240,@BB
241,@CC
242,@DD
243,@EE
244,@FF
245,@GG
246,@HH
247,@II
248,@JJ
249,@KK
250,@LL
251,@MM
252,@NN
253,@OO
254,@PP
255,@QQ
256,@RR
257,@SS
258,@TT
259,@UU
260,@VV
261,@WW
262,@XX
263,@YY
264,@ZZ
265,@@a
266,@@b
267,@@c
268,@@d
269,@@e
270,@@f
271,@@g
272,@@h
273,@@i
274,@@j
275,@@k
276,@@l
277,@@m
278,@@n
279,@@o
280,@@p
281,@@q
282,@@r
283,@@s
284,@@t
285,@@u
286,@@v
287,@@w
288,@@x
289,@@y
290,@@z
291,@@A
292,@@B
293,@@C
294,@@D
295,@@E
296,@@F
297,@@G
298,@@H
299,@@I
300,@@J
301,@@K
302,@@L
303,@@M
304,@@N
305,@@O
306,@@P
307,@@Q
308,@@R
309,@@S
310,@@T
311,@@U
312,@@V
313,@@W
314,@@X
315,@@Y
316,@@Z
317,#aa
318,#bb
319,#cc
320,#dd
321,#ee
322,#ff
323,#gg
324,#hh
325,#ii
326,#jj
327,#kk
328,#ll
329,#mm
330,#nn
331,#oo
332,#pp
333,#qq
334,#rr
335,#ss
336,#tt
337,#uu
338,#vv
339,#ww
340,#xx
341,#yy
342,#zz
343,#AA
344,#BB
345,#CC
346,#DD
347,#EE
348,#FF
349,#GG
350,#HH
351,#II
352,#JJ
353,#KK
354,#LL
355,#MM
356,#NN
357,#OO
358,#PP
359,#QQ
360,#RR
361,#SS
362,#TT
363,#UU
364,#VV
365,#WW
366,#XX
367,#YY
368,#ZZ
369,##a
370,##b
371,##c
372,##d
373,##e
374,##f
375,##g
376,##h
377,##i
378,##j
379,##k
380,##l
381,##m
382,##n
383,##o
384,##p
385,##q
386,##r
387,##s
388,##t
389,##u
390,##v
391,##w
392,##x
393,##y
394,##z
395,##A
396,##B
397,##C
398,##D
399,##E
400,##F
401,##G
402,##H
403,##I
404,##J
405,##K
406,##L
407,##M
408,##N
409,##O
410,##P
411,##Q
412,##R
413,##S
414,##T
415,##U
416,##V
417,##W
418,##X
419,##Y
420,##Z
421,&aa
422,&bb
423,&cc
424,&dd
425,&ee
426,&ff
427,&gg
428,&hh
429,&ii
430,&jj
431,&kk
432,&ll
433,&mm
434,&nn
435,&oo
436,&pp
437,&qq
438,&rr
439,&ss
440,&tt
441,&uu
442,&vv
443,&ww
444,&xx
445,&yy
446,&zz
447,&AA
448,&BB
449,&CC
450,&DD
451,&EE
452,&FF
453,&GG
454,&HH
455,&II
456,&JJ
457,&KK
458,&LL
459,&MM
460,&NN
461,&OO
462,&PP
463,&QQ
464,&RR
465,&SS
466,&TT
467,&UU
468,&VV
469,&WW
470,&XX
471,&YY
472,&ZZ
473,&&a
474,&&b
475,&&c
476,&&d
477,&&e
478,&&f
479,&&g
480,&&h
481,&&i
482,&&j
483,&&k
484,&&l
485,&&m
486,&&n
487,&&o
488,&&p
489,&&q
490,&&r
491,&&s
492,&&t
493,&&u
494,&&v
495,&&w
496,&&x
497,&&y
498,&&z
499,&&A
500,&&B
501,&&C
502,&&D
503,&&E
504,&&F
505,&&G
506,&&H
507,&&I
508,&&J
509,&&K
510,&&L
511,&&M
512,&&N
513,&&O
514,&&P
515,&&Q
516,&&R
517,&&S
518,&&T
519,&&U
520,&&V
521,&&W
522,&&X
523,&&Y
524,&&Z
525,%aa
526,%bb
527,%cc
528,%dd
529,%ee
530,%ff
531,%gg
532,%hh
533,%ii
534,%jj
535,%kk
536,%ll
537,%mm
538,%nn
539,%oo
540,%pp
541,%qq
542,%rr
543,%ss
544,%tt
545,%uu
546,%vv
547,%ww
548,%xx
549,%yy
550,%zz
551,%AA
552,%BB
553,%CC
554,%DD
555,%EE
556,%FF
557,%GG
558,%HH
559,%II
560,%JJ
561,%KK
562,%LL
563,%MM
564,%NN
565,%OO
566,%PP
567,%QQ
568,%RR
569,%SS
570,%TT
571,%UU
572,%VV
573,%WW
574,%XX
575,%YY
576,%ZZ
