Id,TriggerId,CompareType,Condition,Action,ActionParam
1,10018,>=,0,addTask,100101
2,10018,>=,0,unlockCyclicTaskGroup,2:1
3,10018,>=,0,unlockCyclicTaskGroup,2:2
4,10018,>=,0,unlockCyclicTaskGroup,2:3
5,10018,>=,0,unlockCyclicTaskGroup,2:4
6,30001,>=,3,addTask,100201
7,30001,>=,3,addTask,100301
8,30001,>=,3,addTask,100401
9,30001,>=,3,addTask,100501
10,30001,>=,3,addTask,100601
11,10018,>=,0,unlockCyclicTaskGroup,2:5
12,10018,>=,0,unlockCyclicTaskGroup,2:6
13,10018,>=,0,unlockCyclicTaskGroup,2:7
14,10018,>=,0,unlockCyclicTaskGroup,2:8
15,10018,>=,0,unlockCyclicTaskGroup,2:9
16,10018,>=,0,unlockCyclicTaskGroup,2:10
17,10018,>=,0,unlockCyclicTaskGroup,2:11
18,10018,>=,0,unlockCyclicTaskGroup,2:12
12001,10018,>=,0,unlockCyclicTaskGroup,2:13
12002,10018,>=,0,unlockCyclicTaskGroup,2:14
19,10018,>=,0,unlockCyclicTaskGroup,3:1
20,10018,>=,0,unlockCyclicTaskGroup,3:2
21,10018,>=,0,unlockCyclicTaskGroup,3:3
22,10018,>=,0,unlockCyclicTaskGroup,3:4
23,10018,>=,0,unlockCyclicTaskGroup,3:5
24,10018,>=,0,unlockCyclicTaskGroup,3:6
25,10018,>=,0,unlockCyclicTaskGroup,3:7
26,10018,>=,0,unlockCyclicTaskGroup,3:8
27,10018,>=,0,unlockCyclicTaskGroup,3:9
28,10018,>=,0,unlockCyclicTaskGroup,3:10
29,10018,>=,0,unlockCyclicTaskGroup,3:11
30,10018,>=,0,unlockCyclicTaskGroup,3:12
31,10018,>=,0,unlockCyclicTaskGroup,3:13
32,10018,>=,0,unlockCyclicTaskGroup,3:14
13001,10018,>=,0,unlockCyclicTaskGroup,3:15
13002,10018,>=,0,unlockCyclicTaskGroup,3:16
13003,10018,>=,0,unlockCyclicTaskGroup,3:17
34,30001,>=,1,unlockModule,1100
35,30001,>=,1,unlockModule,1101
36,30001,>=,1,unlockModule,1102
37,30001,>=,15,unlockModule,1200
38,30001,>=,10,unlockModule,1300
39,30001,>=,10,unlockModule,1301
40,30001,>=,10,unlockModule,1302
41,30001,>=,10,unlockModule,1303
42,30001,>=,10,unlockModule,1304
43,30001,>=,10,unlockModule,1305
44,30001,>=,6,unlockModule,1400
45,30001,>=,6,unlockModule,1401
46,30001,>=,6,unlockModule,1402
47,30001,>=,7,unlockModule,1500
48,30001,>=,7,unlockModule,1501
49,30001,>=,7,unlockModule,1502
50,30001,>=,7,unlockModule,1503
51,30001,>=,7,unlockModule,1600
52,30001,>=,8,unlockModule,1700
53,30001,>=,8,unlockModule,1701
54,30001,>=,8,unlockModule,1702
55,30001,>=,14,unlockModule,1703
56,30001,>=,16,unlockModule,1800
57,30001,>=,1,unlockModule,1900
58,30001,>=,1,unlockModule,2000
59,30001,>=,2,unlockModule,2100
60,30001,>=,2,unlockModule,2101
61,30001,>=,3,unlockModule,2102
62,30001,>=,2,unlockModule,2103
63,30001,>=,2,unlockModule,2200
64,30001,>=,1,unlockModule,2300
65,30001,>=,1,unlockModule,2301
66,30001,>=,1,unlockModule,2302
67,30001,>=,1,unlockModule,2303
68,30001,>=,1,unlockModule,2304
69,30001,>=,1,unlockModule,2305
70,30001,>=,1,unlockModule,2400
71,30001,>=,1,unlockModule,2500
72,30001,>=,2,unlockModule,2501
73,30001,>=,1,unlockModule,2600
74,30001,>=,14,unlockModule,2601
75,30001,>=,24,unlockModule,2900
1001,30001,>=,18,unlockModule,3001
1002,30001,>=,16,unlockModule,1801
76,10005,=,1010103,unlockActivityGift,5001001
77,10005,=,1010205,unlockActivityGift,5001002
78,10005,=,1010307,unlockActivityGift,5001003
79,10005,=,1010410,unlockActivityGift,5001004
80,10005,=,1010510,unlockActivityGift,5001005
81,10005,=,1010610,unlockActivityGift,5001006
82,10005,=,1010710,unlockActivityGift,5001007
83,10005,=,1020110,unlockActivityGift,5001008
84,10005,=,1020210,unlockActivityGift,5001009
85,10005,=,1020310,unlockActivityGift,5001010
86,10005,=,1020410,unlockActivityGift,5001011
87,10005,=,1020510,unlockActivityGift,5001012
88,10005,=,1020610,unlockActivityGift,5001013
89,10005,=,1020710,unlockActivityGift,5001014
90,10005,=,1020810,unlockActivityGift,5001015
91,10005,=,1020910,unlockActivityGift,5001016
92,10005,=,1021010,unlockActivityGift,5001017
93,10005,=,1030110,unlockActivityGift,5001018
94,10005,=,1030210,unlockActivityGift,5001019
95,10005,=,1030310,unlockActivityGift,5001020
96,10005,=,1030410,unlockActivityGift,5001021
97,10005,=,1030510,unlockActivityGift,5001022
98,10005,=,1030610,unlockActivityGift,5001023
99,10005,=,1030710,unlockActivityGift,5001024
100,10005,=,1030810,unlockActivityGift,5001025
101,10005,=,1030910,unlockActivityGift,5001026
102,10005,=,1031010,unlockActivityGift,5001027
103,10005,=,1040110,unlockActivityGift,5001028
104,10005,=,1040210,unlockActivityGift,5001029
105,10005,=,1040310,unlockActivityGift,5001030
106,10005,=,1040410,unlockActivityGift,5001031
107,10005,=,1040510,unlockActivityGift,5001032
108,10005,=,1040610,unlockActivityGift,5001033
109,10005,=,1040710,unlockActivityGift,5001034
110,10005,=,1040810,unlockActivityGift,5001035
111,10005,=,1040910,unlockActivityGift,5001036
112,10005,=,1041010,unlockActivityGift,5001037
113,10005,=,1050110,unlockActivityGift,5001038
114,10005,=,1050210,unlockActivityGift,5001039
115,10005,=,1050310,unlockActivityGift,5001040
116,10005,=,1050410,unlockActivityGift,5001041
117,10005,=,1050510,unlockActivityGift,5001042
118,10005,=,1050610,unlockActivityGift,5001043
119,10005,=,1050710,unlockActivityGift,5001044
120,10005,=,1050810,unlockActivityGift,5001045
121,10005,=,1050910,unlockActivityGift,5001046
122,10005,=,1051010,unlockActivityGift,5001047
123,10005,=,2010110,unlockActivityGift,5001048
124,10005,=,2010210,unlockActivityGift,5001049
125,10005,=,2010310,unlockActivityGift,5001050
126,10005,=,2010410,unlockActivityGift,5001051
127,10005,=,2010510,unlockActivityGift,5001052
128,10005,=,2010610,unlockActivityGift,5001053
129,10005,=,2010710,unlockActivityGift,5001054
130,10005,=,2020110,unlockActivityGift,5001055
131,10005,=,2020210,unlockActivityGift,5001056
132,10005,=,2020310,unlockActivityGift,5001057
133,10005,=,2020410,unlockActivityGift,5001058
134,10005,=,2020510,unlockActivityGift,5001059
135,10005,=,2020610,unlockActivityGift,5001060
136,10005,=,2020710,unlockActivityGift,5001061
137,10005,=,2020810,unlockActivityGift,5001062
138,10005,=,2020910,unlockActivityGift,5001063
139,10005,=,2021010,unlockActivityGift,5001064
140,10005,=,2030110,unlockActivityGift,5001065
141,10005,=,2030210,unlockActivityGift,5001066
142,10005,=,2030310,unlockActivityGift,5001067
143,10005,=,2030410,unlockActivityGift,5001068
144,10005,=,2030510,unlockActivityGift,5001069
145,10005,=,2030610,unlockActivityGift,5001070
146,10005,=,2030710,unlockActivityGift,5001071
147,10005,=,2030810,unlockActivityGift,5001072
148,10005,=,2030910,unlockActivityGift,5001073
149,10005,=,2031010,unlockActivityGift,5001074
150,10005,=,2040110,unlockActivityGift,5001075
151,10005,=,2040210,unlockActivityGift,5001076
152,10005,=,2040310,unlockActivityGift,5001077
153,10005,=,2040410,unlockActivityGift,5001078
154,10005,=,2040510,unlockActivityGift,5001079
155,10005,=,2040610,unlockActivityGift,5001080
156,10005,=,2040710,unlockActivityGift,5001081
157,10005,=,2040810,unlockActivityGift,5001082
158,10005,=,2040910,unlockActivityGift,5001083
159,10005,=,2041010,unlockActivityGift,5001084
160,10005,=,2050110,unlockActivityGift,5001085
161,10005,=,2050210,unlockActivityGift,5001086
162,10005,=,2050310,unlockActivityGift,5001087
163,10005,=,2050410,unlockActivityGift,5001088
164,10005,=,2050510,unlockActivityGift,5001089
165,10005,=,2050610,unlockActivityGift,5001090
166,10005,=,2050710,unlockActivityGift,5001091
167,10005,=,2050810,unlockActivityGift,5001092
168,10005,=,2050910,unlockActivityGift,5001093
169,10005,=,2051010,unlockActivityGift,5001094
170,10005,=,3010110,unlockActivityGift,5001095
171,10005,=,3010210,unlockActivityGift,5001096
172,10005,=,3010310,unlockActivityGift,5001097
173,10005,=,3010410,unlockActivityGift,5001098
174,10005,=,3010510,unlockActivityGift,5001099
175,10005,=,3010610,unlockActivityGift,5001100
176,10005,=,3010710,unlockActivityGift,5001101
177,10005,=,3020110,unlockActivityGift,5001102
178,10005,=,3020210,unlockActivityGift,5001103
179,10005,=,3020310,unlockActivityGift,5001104
180,10005,=,3020410,unlockActivityGift,5001105
181,10005,=,3020510,unlockActivityGift,5001106
182,10005,=,3020610,unlockActivityGift,5001107
183,10005,=,3020710,unlockActivityGift,5001108
184,10005,=,3020810,unlockActivityGift,5001109
185,10005,=,3020910,unlockActivityGift,5001110
186,10005,=,3021010,unlockActivityGift,5001111
187,10005,=,3030110,unlockActivityGift,5001112
188,10005,=,3030210,unlockActivityGift,5001113
189,10005,=,3030310,unlockActivityGift,5001114
190,10005,=,3030410,unlockActivityGift,5001115
191,10005,=,3030510,unlockActivityGift,5001116
192,10005,=,3030610,unlockActivityGift,5001117
193,10005,=,3030710,unlockActivityGift,5001118
194,10005,=,3030810,unlockActivityGift,5001119
195,10005,=,3030910,unlockActivityGift,5001120
196,10005,=,3031010,unlockActivityGift,5001121
197,10005,=,3040110,unlockActivityGift,5001122
198,10005,=,3040210,unlockActivityGift,5001123
199,10005,=,3040310,unlockActivityGift,5001124
200,10005,=,3040410,unlockActivityGift,5001125
201,10005,=,3040510,unlockActivityGift,5001126
202,10005,=,3040610,unlockActivityGift,5001127
203,10005,=,3040710,unlockActivityGift,5001128
204,10005,=,3040810,unlockActivityGift,5001129
205,10005,=,3040910,unlockActivityGift,5001130
206,10005,=,3041010,unlockActivityGift,5001131
207,10005,=,3050110,unlockActivityGift,5001132
208,10005,=,3050210,unlockActivityGift,5001133
209,10005,=,3050310,unlockActivityGift,5001134
210,10005,=,3050410,unlockActivityGift,5001135
211,10005,=,3050510,unlockActivityGift,5001136
212,10005,=,3050610,unlockActivityGift,5001137
213,10005,=,3050710,unlockActivityGift,5001138
214,10005,=,3050810,unlockActivityGift,5001139
215,10005,=,3050910,unlockActivityGift,5001140
216,10005,=,3051010,unlockActivityGift,5001141
217,20030,=,104001,unlockActivityGift,5002001
218,20030,=,104002,unlockActivityGift,5002002
219,20030,=,104003,unlockActivityGift,5002003
220,20030,=,104004,unlockActivityGift,5002004
221,20030,=,104005,unlockActivityGift,5002005
222,20030,=,104006,unlockActivityGift,5002006
223,20030,=,104007,unlockActivityGift,5002007
224,20030,=,104008,unlockActivityGift,5002008
225,20030,=,104009,unlockActivityGift,5002009
226,20030,=,104010,unlockActivityGift,5002010
227,20030,=,104011,unlockActivityGift,5002011
228,20030,=,104012,unlockActivityGift,5002012
229,20030,=,104013,unlockActivityGift,5002013
230,20030,=,104014,unlockActivityGift,5002014
231,20030,=,104015,unlockActivityGift,5002015
232,20030,=,104016,unlockActivityGift,5002016
233,20030,=,104017,unlockActivityGift,5002017
234,20030,=,104018,unlockActivityGift,5002018
235,20030,=,104019,unlockActivityGift,5002019
236,20030,=,104020,unlockActivityGift,5002020
237,20030,=,104021,unlockActivityGift,5002021
238,20030,=,104022,unlockActivityGift,5002022
239,20030,=,104023,unlockActivityGift,5002023
240,20030,=,104024,unlockActivityGift,5002024
241,20030,=,104025,unlockActivityGift,5002025
242,20030,=,104026,unlockActivityGift,5002026
243,20030,=,104027,unlockActivityGift,5002027
244,20030,=,104028,unlockActivityGift,5002028
245,20030,=,104029,unlockActivityGift,5002029
246,20030,=,104030,unlockActivityGift,5002030
247,20030,=,104031,unlockActivityGift,5002026
248,20030,=,104032,unlockActivityGift,5002027
249,20030,=,104033,unlockActivityGift,5002028
250,20030,=,104034,unlockActivityGift,5002029
251,20030,=,104035,unlockActivityGift,5002030
20001,20030,=,104038,unlockActivityGift,5002031
252,30001,>=,5,unlockActivityGift,5003001
253,30001,>=,10,unlockActivityGift,5003002
254,30001,>=,15,unlockActivityGift,5003003
255,30001,>=,20,unlockActivityGift,5003004
256,30001,>=,22,unlockActivityGift,5003005
257,30001,>=,24,unlockActivityGift,5003006
258,30001,>=,26,unlockActivityGift,5003007
259,30001,>=,30,unlockActivityGift,5003008
260,30001,>=,32,unlockActivityGift,5003009
261,30001,>=,34,unlockActivityGift,5003010
262,30001,>=,36,unlockActivityGift,5003011
263,30001,>=,38,unlockActivityGift,5003012
264,30001,>=,40,unlockActivityGift,5003013
265,30001,>=,42,unlockActivityGift,5003014
266,30001,>=,44,unlockActivityGift,5003015
267,30001,>=,46,unlockActivityGift,5003016
268,30001,>=,47,unlockActivityGift,5003017
269,30001,>=,48,unlockActivityGift,5003018
270,30001,>=,49,unlockActivityGift,5003019
271,30001,>=,50,unlockActivityGift,5003020
272,30001,>=,51,unlockActivityGift,5003021
273,30001,>=,52,unlockActivityGift,5003022
274,30001,>=,53,unlockActivityGift,5003023
275,30001,>=,54,unlockActivityGift,5003024
276,30001,>=,55,unlockActivityGift,5003025
277,30001,>=,56,unlockActivityGift,5003026
278,30001,>=,57,unlockActivityGift,5003027
279,30001,>=,58,unlockActivityGift,5003028
280,30001,>=,59,unlockActivityGift,5003029
281,30001,>=,60,unlockActivityGift,5003030
282,30001,>=,61,unlockActivityGift,5003031
283,30001,>=,62,unlockActivityGift,5003032
284,30001,>=,63,unlockActivityGift,5003033
285,30001,>=,64,unlockActivityGift,5003034
286,30001,>=,65,unlockActivityGift,5003035
287,30001,>=,66,unlockActivityGift,5003036
288,30001,>=,67,unlockActivityGift,5003037
289,30001,>=,68,unlockActivityGift,5003038
290,30001,>=,69,unlockActivityGift,5003039
291,30001,>=,70,unlockActivityGift,5003040
292,30001,>=,71,unlockActivityGift,5003041
293,30001,>=,72,unlockActivityGift,5003042
294,30001,>=,73,unlockActivityGift,5003043
295,30001,>=,74,unlockActivityGift,5003044
296,30001,>=,75,unlockActivityGift,5003045
297,30001,>=,76,unlockActivityGift,5003046
298,30001,>=,77,unlockActivityGift,5003047
299,30001,>=,78,unlockActivityGift,5003048
300,30001,>=,79,unlockActivityGift,5003049
301,30001,>=,80,unlockActivityGift,5003050
302,30001,>=,81,unlockActivityGift,5003051
303,30001,>=,82,unlockActivityGift,5003052
304,30001,>=,83,unlockActivityGift,5003053
305,30001,>=,84,unlockActivityGift,5003054
306,30001,>=,85,unlockActivityGift,5003055
307,30001,>=,86,unlockActivityGift,5003056
308,30001,>=,87,unlockActivityGift,5003057
309,30001,>=,88,unlockActivityGift,5003058
310,30001,>=,89,unlockActivityGift,5003059
311,30001,>=,90,unlockActivityGift,5003060
312,30001,>=,91,unlockActivityGift,5003061
313,30001,>=,92,unlockActivityGift,5003062
314,30001,>=,93,unlockActivityGift,5003063
315,30001,>=,94,unlockActivityGift,5003064
316,30001,>=,95,unlockActivityGift,5003065
317,30001,>=,96,unlockActivityGift,5003066
318,30001,>=,97,unlockActivityGift,5003067
319,30001,>=,98,unlockActivityGift,5003068
320,30001,>=,99,unlockActivityGift,5003069
321,30001,>=,100,unlockActivityGift,5003070
322,30001,>=,101,unlockActivityGift,5003071
323,30001,>=,102,unlockActivityGift,5003072
324,30001,>=,103,unlockActivityGift,5003073
325,30001,>=,104,unlockActivityGift,5003074
326,30001,>=,105,unlockActivityGift,5003075
327,30001,>=,106,unlockActivityGift,5003076
328,30001,>=,107,unlockActivityGift,5003077
329,30001,>=,108,unlockActivityGift,5003078
330,30001,>=,109,unlockActivityGift,5003079
331,30001,>=,110,unlockActivityGift,5003080
332,30001,>=,111,unlockActivityGift,5003081
333,30001,>=,112,unlockActivityGift,5003082
334,30001,>=,113,unlockActivityGift,5003083
335,30001,>=,114,unlockActivityGift,5003084
336,30001,>=,115,unlockActivityGift,5003085
337,30001,>=,116,unlockActivityGift,5003086
338,30001,>=,117,unlockActivityGift,5003087
339,30001,>=,118,unlockActivityGift,5003088
340,30001,>=,119,unlockActivityGift,5003089
341,30001,>=,120,unlockActivityGift,5003090
342,20031,=,5002001,unlockActivityGift,5002001
343,20031,=,5002002,unlockActivityGift,5002002
344,20031,=,5002003,unlockActivityGift,5002003
345,20031,=,5002004,unlockActivityGift,5002004
346,20031,=,5002005,unlockActivityGift,5002005
347,20031,=,5002006,unlockActivityGift,5002006
348,20031,=,5002007,unlockActivityGift,5002007
349,20031,=,5002008,unlockActivityGift,5002008
350,20031,=,5002009,unlockActivityGift,5002009
351,20031,=,5002010,unlockActivityGift,5002010
352,20031,=,5002011,unlockActivityGift,5002011
353,20031,=,5002012,unlockActivityGift,5002012
354,20031,=,5002013,unlockActivityGift,5002013
355,20031,=,5002014,unlockActivityGift,5002014
356,20031,=,5002015,unlockActivityGift,5002015
357,20031,=,5002016,unlockActivityGift,5002016
358,20031,=,5002017,unlockActivityGift,5002017
359,20031,=,5002018,unlockActivityGift,5002018
360,20031,=,5002019,unlockActivityGift,5002019
361,20031,=,5002020,unlockActivityGift,5002020
362,20031,=,5002021,unlockActivityGift,5002021
363,20031,=,5002022,unlockActivityGift,5002022
364,20031,=,5002023,unlockActivityGift,5002023
365,20031,=,5002024,unlockActivityGift,5002024
366,20031,=,5002025,unlockActivityGift,5002025
367,20031,=,5002026,unlockActivityGift,5002026
368,20031,=,5002027,unlockActivityGift,5002027
369,20031,=,5002028,unlockActivityGift,5002028
370,20031,=,5002029,unlockActivityGift,5002029
371,20031,=,5002030,unlockActivityGift,5002030
372,20031,=,5002031,unlockActivityGift,5002026
373,20031,=,5002032,unlockActivityGift,5002027
374,20031,=,5002033,unlockActivityGift,5002028
375,20031,=,5002034,unlockActivityGift,5002029
376,20031,=,5002035,unlockActivityGift,5002030
20002,20031,=,5002036,unlockActivityGift,5002031
377,20031,=,5002101,unlockActivityGift,5002001
378,20031,=,5002201,unlockActivityGift,5002001
379,20031,=,5002301,unlockActivityGift,5002001
380,20031,=,5002401,unlockActivityGift,5002001
381,20031,=,5002501,unlockActivityGift,5002001
382,20031,=,5002601,unlockActivityGift,5002001
383,20031,=,5002701,unlockActivityGift,5002001
384,20031,=,5002801,unlockActivityGift,5002001
