Id,Fungroup,Type,Icon,Name,Desc,Reward,Target,Point,ClientCheck,Moduleid,Info,IsHide,Module,CanAdd,ClientGroup,GroupTitle,MaxShowTimes
1001001,1001,1,1001,旗开得胜1,在赛事中获得{0}/{1}次胜利,1:06:40,[1],10,0,1400,,0,2400,0,0,,0
1001002,1001,1,1001,旗开得胜2,在赛事中获得{0}/{1}次胜利,1:06:40,[10],10,0,1400,,0,2400,0,0,,0
1001003,1001,1,1001,旗开得胜3,在赛事中获得{0}/{1}次胜利,1:06:40,[50],10,0,1400,,0,2400,0,0,,0
1001004,1001,1,1001,旗开得胜4,在赛事中获得{0}/{1}次胜利,1:06:40,[100],10,0,1400,,0,2400,0,0,,0
1001005,1001,1,1001,旗开得胜5,在赛事中获得{0}/{1}次胜利,1:06:40,[300],10,0,1400,,0,2400,0,0,,0
1001006,1001,1,1001,旗开得胜6,在赛事中获得{0}/{1}次胜利,1:06:40,[500],10,0,1400,,0,2400,0,0,,0
1001007,1001,1,1001,旗开得胜7,在赛事中获得{0}/{1}次胜利,1:06:50,[1000],10,0,1400,,0,2400,0,0,,0
1001008,1001,1,1001,旗开得胜8,在赛事中获得{0}/{1}次胜利,1:06:50,[1250],10,0,1400,,0,2400,0,0,,0
1001009,1001,1,1001,旗开得胜9,在赛事中获得{0}/{1}次胜利,1:06:50,[1500],10,0,1400,,0,2400,0,0,,0
1001010,1001,1,1001,旗开得胜10,在赛事中获得{0}/{1}次胜利,1:06:50,[2000],10,0,1400,,0,2400,0,0,,0
1001011,1001,1,1001,旗开得胜11,在赛事中获得{0}/{1}次胜利,1:06:50,[3000],10,0,1400,,0,2400,0,0,,0
1001012,1001,1,1001,旗开得胜12,在赛事中获得{0}/{1}次胜利,1:06:50,[4000],10,0,1400,,0,2400,0,0,,0
1001013,1001,1,1001,旗开得胜13,在赛事中获得{0}/{1}次胜利,1:06:50,[5000],10,0,1400,,0,2400,0,0,,0
1001014,1001,1,1001,旗开得胜14,在赛事中获得{0}/{1}次胜利,1:06:50,[6000],10,0,1400,,0,2400,0,0,,0
1001015,1001,1,1001,旗开得胜15,在赛事中获得{0}/{1}次胜利,1:06:50,[7000],10,0,1400,,0,2400,0,0,,0
1001016,1001,1,1001,旗开得胜16,在赛事中获得{0}/{1}次胜利,1:06:50,[8000],10,0,1400,,0,2400,0,0,,0
1001017,1001,1,1001,旗开得胜17,在赛事中获得{0}/{1}次胜利,1:06:50,[9000],10,0,1400,,0,2400,0,0,,0
1001018,1001,1,1001,旗开得胜18,在赛事中获得{0}/{1}次胜利,1:06:50,[10000],10,0,1400,,0,2400,0,0,,0
1002001,1002,1,1002,火力全开,我队在一场比赛中得分超过{0}/{1},1:01:50,[80],10,0,-1,,0,2400,0,0,,0
1002002,1002,1,1002,火力全开,我队在一场比赛中得分超过{0}/{1},0.043518519,[85],10,0,-1,,0,2400,0,0,,0
1002003,1002,1,1002,火力全开,我队在一场比赛中得分超过{0}/{1},0.044097222,[100],10,0,-1,,0,2400,0,0,,0
1002004,1002,1,1002,火力全开,我队在一场比赛中得分超过{0}/{1},0.044675926,[105],10,0,-1,,0,2400,0,0,,0
1002005,1002,1,1002,火力全开,我队在一场比赛中得分超过{0}/{1},0.04525463,[110],10,0,-1,,0,2400,0,0,,0
1002006,1002,1,1002,火力全开,我队在一场比赛中得分超过{0}/{1},0.045833333,[115],10,0,-1,,0,2400,0,0,,0
1002007,1002,1,1002,火力全开,我队在一场比赛中得分超过{0}/{1},0.045833333,[120],10,0,-1,,0,2400,0,0,,0
1002008,1002,1,1002,火力全开,我队在一场比赛中得分超过{0}/{1},0.045833333,[125],10,0,-1,,0,2400,0,0,,0
1002009,1002,1,1002,火力全开,我队在一场比赛中得分超过{0}/{1},0.045833333,[130],10,0,-1,,0,2400,0,0,,0
1002010,1002,1,1002,火力全开,我队在一场比赛中得分超过{0}/{1},0.045833333,[135],10,0,-1,,0,2400,0,0,,0
1002011,1002,1,1002,火力全开,我队在一场比赛中得分超过{0}/{1},0.045833333,[140],10,0,-1,,0,2400,0,0,,0
1002012,1002,1,1002,火力全开,我队在一场比赛中得分超过{0}/{1},0.045833333,[145],10,0,-1,,0,2400,0,0,,0
1002013,1002,1,1002,火力全开,我队在一场比赛中得分超过{0}/{1},0.045833333,[150],10,0,-1,,0,2400,0,0,,0
1003001,1003,1,1003,全场最佳,全场MVP由我队球员获得,0.05462963,[1],10,0,-1,,0,2400,0,0,,0
1004001,1004,1,1004,神奇换人,比赛中我队替补登场球员得分最高,0.05462963,[1],10,0,-1,,0,2400,0,0,,0
1005001,1005,1,1005,反败为胜,我队在前三节落后的情况下逆转取得胜利,0.043518519,[1],10,0,-1,,0,2400,0,0,,0
1006001,1006,1,1006,永不放弃,我队在加时赛中获胜,0.05462963,[1],10,0,-1,,0,2400,0,0,,0
1008001,1008,1,1008,赛季连胜1,我队单赛季联赛获得{0}/{1}连胜,0.043518519,[2],10,0,1400,,0,2400,0,0,,0
1008002,1008,1,1008,赛季连胜2,我队单赛季联赛获得{0}/{1}连胜,0.043518519,[3],10,0,1400,,0,2400,0,0,,0
1008003,1008,1,1008,赛季连胜3,我队单赛季联赛获得{0}/{1}连胜,0.043518519,[4],10,0,1400,,0,2400,0,0,,0
1008004,1008,1,1008,赛季连胜4,我队单赛季联赛获得{0}/{1}连胜,0.043518519,[5],10,0,1400,,0,2400,0,0,,0
1008005,1008,1,1008,赛季连胜5,我队单赛季联赛获得{0}/{1}连胜,0.043518519,[6],10,0,1400,,0,2400,0,0,,0
1008006,1008,1,1008,赛季连胜6,我队单赛季联赛获得{0}/{1}连胜,0.043518519,[7],10,0,1400,,0,2400,0,0,,0
1008007,1008,1,1008,赛季连胜7,我队单赛季联赛获得{0}/{1}连胜,0.043518519,[8],10,0,1400,,0,2400,0,0,,0
1008008,1008,1,1008,赛季连胜8,我队单赛季联赛获得{0}/{1}连胜,0.043518519,[9],10,0,1400,,0,2400,0,0,,0
1008009,1008,1,1008,赛季连胜9,我队单赛季联赛获得{0}/{1}连胜,0.043518519,[10],10,0,1400,,0,2400,0,0,,0
1008010,1008,1,1008,赛季连胜10,我队单赛季联赛获得{0}/{1}连胜,0.043518519,[11],10,0,1400,,0,2400,0,0,,0
1008011,1008,1,1008,赛季连胜11,我队单赛季联赛获得{0}/{1}连胜,0.043518519,[12],10,0,1400,,0,2400,0,0,,0
1009001,1009,1,1009,多点开花1,我队所有首发球员得分均超过{0}/{1}分,0.077777778,[10],10,0,1200,,0,2400,0,0,,0
1009002,1009,1,1009,多点开花2,我队所有首发球员得分均超过{0}/{1}分,0.077777778,[12],10,0,1200,,0,2400,0,0,,0
1009003,1009,1,1009,多点开花3,我队所有首发球员得分均超过{0}/{1}分,0.077777778,[14],10,0,1200,,0,2400,0,0,,0
1009004,1009,1,1009,多点开花4,我队所有首发球员得分均超过{0}/{1}分,0.077777778,[16],10,0,1200,,0,2400,0,0,,0
1009005,1009,1,1009,多点开花5,我队所有首发球员得分均超过{0}/{1}分,0.077777778,[18],10,0,1200,,0,2400,0,0,,0
1009006,1009,1,1009,多点开花6,我队所有首发球员得分均超过{0}/{1}分,0.077777778,[20],10,0,1200,,0,2400,0,0,,0
1009007,1009,1,1009,多点开花7,我队所有首发球员得分均超过{0}/{1}分,0.077777778,[22],10,0,1200,,0,2400,0,0,,0
1009008,1009,1,1009,多点开花8,我队所有首发球员得分均超过{0}/{1}分,0.077777778,[24],10,0,1200,,0,2400,0,0,,0
1009009,1009,1,1009,多点开花9,我队所有首发球员得分均超过{0}/{1}分,0.077777778,[26],10,0,1200,,0,2400,0,0,,0
1009010,1009,1,1009,多点开花10,我队所有首发球员得分均超过{0}/{1}分,0.077777778,[28],10,0,1200,,0,2400,0,0,,0
1009011,1009,1,1009,多点开花11,我队所有首发球员得分均超过{0}/{1}分,0.077777778,[30],10,0,1200,,0,2400,0,0,,0
1010001,1010,1,1010,公平竞技,我队单赛季联赛犯规最少,0.048842593,[1],10,0,1400,,0,2400,0,0,,0
1011001,1011,1,1011,联赛晋级,我队联赛晋级成功,0.045833333,[1],10,0,1400,,0,2400,0,0,,0
1012001,1012,1,1012,发挥失常,我队联赛降级1次,0.048842593,[1],10,0,1400,,0,2400,0,0,,0
1013001,1013,1,1013,罚球王,我队累计从罚球中获得{0}/{1}分,0.048842593,[100],10,0,-1,,0,2400,0,0,,0
1014001,1014,1,1014,伤兵满营,我队同时有3个以上受伤球员,0.048842593,[1],10,0,1400,,0,2400,0,0,,0
1015001,1015,1,1015,压倒性优势1,我队以{0}/{1}分或以上的优势获胜,1:01:20,[5],10,0,-1,,0,2400,0,0,,0
1015002,1015,1,1015,压倒性优势2,我队以{0}/{1}分或以上的优势获胜,1:01:20,[10],10,0,-1,,0,2400,0,0,,0
1015003,1015,1,1015,压倒性优势3,我队以{0}/{1}分或以上的优势获胜,1:01:20,[15],10,0,-1,,0,2400,0,0,,0
1015004,1015,1,1015,压倒性优势4,我队以{0}/{1}分或以上的优势获胜,1:01:25,[20],10,0,-1,,0,2400,0,0,,0
1015005,1015,1,1015,压倒性优势5,我队以{0}/{1}分或以上的优势获胜,1:01:25,[25],10,0,-1,,0,2400,0,0,,0
1015006,1015,1,1015,压倒性优势6,我队以{0}/{1}分或以上的优势获胜,1:01:25,[30],10,0,-1,,0,2400,0,0,,0
1015007,1015,1,1015,压倒性优势7,我队以{0}/{1}分或以上的优势获胜,1:01:30,[35],10,0,-1,,0,2400,0,0,,0
1015008,1015,1,1015,压倒性优势8,我队以{0}/{1}分或以上的优势获胜,1:01:30,[40],10,0,-1,,0,2400,0,0,,0
1015009,1015,1,1015,压倒性优势9,我队以{0}/{1}分或以上的优势获胜,1:01:30,[45],10,0,-1,,0,2400,0,0,,0
1015010,1015,1,1015,压倒性优势10,我队以{0}/{1}分或以上的优势获胜,1:01:40,[50],10,0,-1,,0,2400,0,0,,0
1015011,1015,1,1015,压倒性优势11,我队以{0}/{1}分或以上的优势获胜,1:01:40,[55],10,0,-1,,0,2400,0,0,,0
1015012,1015,1,1015,压倒性优势12,我队以{0}/{1}分或以上的优势获胜,1:01:40,[60],10,0,-1,,0,2400,0,0,,0
1018001,1018,1,1018,闪电战,我队首节比赛获得50分,0.048842593,[1],10,0,-1,,0,2400,0,0,,0
1019001,1019,1,1019,完美控制,我队单场比赛失误数小于2次,0.048842593,[1],10,0,-1,,0,2400,0,0,,0
1020001,1020,1,1020,洲级球队1,在[普通]难度中击败亚洲的所有球队,0.053935185,[1010710],10,0,1100,,0,2400,0,0,,0
1020002,1020,1,1020,洲级球队2,在[普通]难度中击败非洲的所有球队,0.053935185,[1021010],10,0,1100,,0,2400,0,0,,0
1020003,1020,1,1020,洲级球队3,在[普通]难度中击败北美的所有球队,0.053935185,[1031010],10,0,1100,,0,2400,0,0,,0
1020004,1020,1,1020,洲级球队4,在[普通]难度中击败南美的所有球队,0.053935185,[1041010],10,0,1100,,0,2400,0,0,,0
1020005,1020,1,1020,洲级球队5,在[普通]难度中击败欧洲的所有球队,0.053935185,[1051010],10,0,1100,,0,2400,0,0,,0
1020006,1020,1,1020,洲级球队6,在[困难]难度中击败亚洲的所有球队,0.053935185,[2010710],10,0,1100,,0,2400,0,0,,0
1020007,1020,1,1020,洲级球队7,在[困难]难度中击败非洲的所有球队,0.053935185,[2021010],10,0,1100,,0,2400,0,0,,0
1020008,1020,1,1020,洲级球队8,在[困难]难度中击败北美的所有球队,0.053935185,[2031010],10,0,1100,,0,2400,0,0,,0
1020009,1020,1,1020,洲级球队9,在[困难]难度中击败南美的所有球队,0.053935185,[2041010],10,0,1100,,0,2400,0,0,,0
1020010,1020,1,1020,洲级球队10,在[困难]难度中击败欧洲的所有球队,0.053935185,[2051010],10,0,1100,,0,2400,0,0,,0
1020011,1020,1,1020,洲级球队11,在[挑战]难度中击败亚洲的所有球队,0.053935185,[3010710],10,0,1100,,0,2400,0,0,,0
1020012,1020,1,1020,洲级球队12,在[挑战]难度中击败非洲的所有球队,0.053935185,[3021010],10,0,1100,,0,2400,0,0,,0
1020013,1020,1,1020,洲级球队13,在[挑战]难度中击败北美的所有球队,0.053935185,[3031010],10,0,1100,,0,2400,0,0,,0
1020014,1020,1,1020,洲级球队14,在[挑战]难度中击败南美的所有球队,0.053935185,[3041010],10,0,1100,,0,2400,0,0,,0
1020015,1020,1,1020,洲级球队15,在[挑战]难度中击败欧洲的所有球队,0.053935185,[3051010],10,0,1100,,0,2400,0,0,,0
1022001,1022,1,1022,传控打法,我队单赛季联赛助攻最多,0.048842593,[1],10,0,1400,,0,2400,0,0,,0
1023001,1023,1,1023,铜墙铁壁,我队单赛季联赛失分最少,0.048842593,[1],10,0,1400,,0,2400,0,0,,0
1024001,1024,1,1024,进攻为王,我队单赛季联赛得分最多,0.048842593,[1],10,0,1400,,0,2400,0,0,,0
1025001,1025,1,1025,得分如麻1,我队累计得分{0}/{1}分,1:01:30,[50],10,0,-1,,0,2400,0,0,,0
1025002,1025,1,1025,得分如麻2,我队累计得分{0}/{1}分,1:01:30,[100],10,0,-1,,0,2400,0,0,,0
1025003,1025,1,1025,得分如麻3,我队累计得分{0}/{1}分,1:01:30,[200],10,0,-1,,0,2400,0,0,,0
1025004,1025,1,1025,得分如麻4,我队累计得分{0}/{1}分,1:01:30,[400],10,0,-1,,0,2400,0,0,,0
1025005,1025,1,1025,得分如麻5,我队累计得分{0}/{1}分,1:01:30,[800],10,0,-1,,0,2400,0,0,,0
1025006,1025,1,1025,得分如麻6,我队累计得分{0}/{1}分,1:01:30,[1600],10,0,-1,,0,2400,0,0,,0
1025007,1025,1,1025,得分如麻7,我队累计得分{0}/{1}分,1:01:30,[3200],10,0,-1,,0,2400,0,0,,0
1025008,1025,1,1025,得分如麻8,我队累计得分{0}/{1}分,1:01:30,[6400],10,0,-1,,0,2400,0,0,,0
1025009,1025,1,1025,得分如麻9,我队累计得分{0}/{1}分,1:01:30,[12800],10,0,-1,,0,2400,0,0,,0
1025010,1025,1,1025,得分如麻10,我队累计得分{0}/{1}分,1:01:30,[20000],10,0,-1,,0,2400,0,0,,0
1025011,1025,1,1025,得分如麻11,我队累计得分{0}/{1}分,1:01:30,[30000],10,0,-1,,0,2400,0,0,,0
1025012,1025,1,1025,得分如麻12,我队累计得分{0}/{1}分,1:01:30,[40000],10,0,-1,,0,2400,0,0,,0
1025013,1025,1,1025,得分如麻13,我队累计得分{0}/{1}分,1:01:30,[50000],10,0,-1,,0,2400,0,0,,0
1025014,1025,1,1025,得分如麻14,我队累计得分{0}/{1}分,1:01:30,[60000],10,0,-1,,0,2400,0,0,,0
1025015,1025,1,1025,得分如麻15,我队累计得分{0}/{1}分,1:01:30,[70000],10,0,-1,,0,2400,0,0,,0
1025016,1025,1,1025,得分如麻16,我队累计得分{0}/{1}分,1:01:30,[80000],10,0,-1,,0,2400,0,0,,0
1025017,1025,1,1025,得分如麻17,我队累计得分{0}/{1}分,1:01:30,[90000],10,0,-1,,0,2400,0,0,,0
1025018,1025,1,1025,得分如麻18,我队累计得分{0}/{1}分,1:01:30,[100000],10,0,-1,,0,2400,0,0,,0
1025019,1025,1,1025,得分如麻19,我队累计得分{0}/{1}分,1:01:30,[150000],10,0,-1,,0,2400,0,0,,0
1025020,1025,1,1025,得分如麻20,我队累计得分{0}/{1}分,1:01:30,[200000],10,0,-1,,0,2400,0,0,,0
1025021,1025,1,1025,得分如麻21,我队累计得分{0}/{1}分,1:01:30,[250000],10,0,-1,,0,2400,0,0,,0
1025022,1025,1,1025,得分如麻22,我队累计得分{0}/{1}分,1:01:30,[300000],10,0,-1,,0,2400,0,0,,0
1025023,1025,1,1025,得分如麻23,我队累计得分{0}/{1}分,1:01:30,[350000],10,0,-1,,0,2400,0,0,,0
1025024,1025,1,1025,得分如麻24,我队累计得分{0}/{1}分,1:01:30,[400000],10,0,-1,,0,2400,0,0,,0
1025025,1025,1,1025,得分如麻25,我队累计得分{0}/{1}分,1:01:30,[450000],10,0,-1,,0,2400,0,0,,0
1025026,1025,1,1025,得分如麻26,我队累计得分{0}/{1}分,1:01:30,[500000],10,0,-1,,0,2400,0,0,,0
1025027,1025,1,1025,得分如麻27,我队累计得分{0}/{1}分,1:01:30,[1000000],10,0,-1,,0,2400,0,0,,0
1025028,1025,1,1025,得分如麻28,我队累计得分{0}/{1}分,1:01:30,[1500000],10,0,-1,,0,2400,0,0,,0
1025029,1025,1,1025,得分如麻29,我队累计得分{0}/{1}分,1:01:30,[2000000],10,0,-1,,0,2400,0,0,,0
1025030,1025,1,1025,得分如麻30,我队累计得分{0}/{1}分,1:01:30,[5000000],10,0,-1,,0,2400,0,0,,0
1026001,1026,1,1026,大灌篮,我队累计扣篮{0}/{1}次,0.04537037,[1000],10,0,-1,,0,2400,0,0,,0
1027001,1027,1,1027,犯规大王,我队累计犯规{0}/{1}次,0.04537037,[200],10,0,-1,,0,2400,0,0,,0
1028001,1028,1,1028,攻势篮球,我队单赛季联赛场均得分超过120,0.04537037,[1],10,0,1400,,0,2400,0,0,,0
1029001,1029,1,1029,三连冠,我队连续3个赛季联赛夺冠,0.04537037,[1],10,0,1400,,0,2400,0,0,,0
1030001,1030,1,1030,联赛之王,我队联赛累计获得30000分,0.04537037,[30000],10,0,1400,,0,2400,0,0,,0
1031001,1031,1,1031,公平竞赛,我队单场比赛中犯规小于5次,0.04537037,[1],10,0,-1,,0,2400,0,0,,0
1032001,1032,1,1032,不败赛季,我队单赛季联赛保持不败,0.04537037,[1],10,0,1400,,0,2400,0,0,,0
1033001,1033,1,1033,环球称霸1,通关中国[普通难度],0.043518519,[1010103],10,0,1100,,0,2400,0,0,,0
1033002,1033,1,1033,环球称霸2,通关韩国[普通难度],0.043518519,[1010205],10,0,1100,,0,2400,0,0,,0
1033003,1033,1,1033,环球称霸3,通关日本[普通难度],0.043518519,[1010307],10,0,1100,,0,2400,0,0,,0
1033004,1033,1,1033,环球称霸4,通关菲律宾[普通难度],0.043518519,[1010410],10,0,1100,,0,2400,0,0,,0
1033005,1033,1,1033,环球称霸5,通关泰国[普通难度],0.043518519,[1010510],10,0,1100,,0,2400,0,0,,0
1033006,1033,1,1033,环球称霸6,通关印度[普通难度],0.043518519,[1010610],10,0,1100,,0,2400,0,0,,0
1033007,1033,1,1033,环球称霸7,通关伊朗[普通难度],0.043518519,[1010710],10,0,1100,,0,2400,0,0,,0
1033008,1033,1,1033,环球称霸8,通关安哥拉[普通难度],0.043518519,[1020110],10,0,1100,,0,2400,0,0,,0
1033009,1033,1,1033,环球称霸9,通关尼日利亚[普通难度],0.043518519,[1020210],10,0,1100,,0,2400,0,0,,0
1033010,1033,1,1033,环球称霸10,通关塞内加尔[普通难度],0.043518519,[1020310],10,0,1100,,0,2400,0,0,,0
1033011,1033,1,1033,环球称霸11,通关科特迪瓦[普通难度],0.043518519,[1020410],10,0,1100,,0,2400,0,0,,0
1033012,1033,1,1033,环球称霸12,通关埃及[普通难度],0.043518519,[1020510],10,0,1100,,0,2400,0,0,,0
1033013,1033,1,1033,环球称霸13,通关喀麦隆[普通难度],0.043518519,[1020610],10,0,1100,,0,2400,0,0,,0
1033014,1033,1,1033,环球称霸14,通关摩洛哥[普通难度],0.043518519,[1020710],10,0,1100,,0,2400,0,0,,0
1033015,1033,1,1033,环球称霸15,通关中非[普通难度],0.043518519,[1020810],10,0,1100,,0,2400,0,0,,0
1033016,1033,1,1033,环球称霸16,通关突尼西亚[普通难度],0.043518519,[1020910],10,0,1100,,0,2400,0,0,,0
1033017,1033,1,1033,环球称霸17,通关刚果[普通难度],0.043518519,[1021010],10,0,1100,,0,2400,0,0,,0
1033018,1033,1,1033,环球称霸18,通关印第安纳州[普通难度],0.043518519,[1030110],10,0,1100,,0,2400,0,0,,0
1033019,1033,1,1033,环球称霸19,通关蒙大拿州[普通难度],0.043518519,[1030210],10,0,1100,,0,2400,0,0,,0
1033020,1033,1,1033,环球称霸20,通关加利福尼亚州[普通难度],0.043518519,[1030310],10,0,1100,,0,2400,0,0,,0
1033021,1033,1,1033,环球称霸21,通关北卡罗来纳州[普通难度],0.043518519,[1030410],10,0,1100,,0,2400,0,0,,0
1033022,1033,1,1033,环球称霸22,通关康涅狄格州[普通难度],0.043518519,[1030510],10,0,1100,,0,2400,0,0,,0
1033023,1033,1,1033,环球称霸23,通关宾夕法尼亚州[普通难度],0.043518519,[1030610],10,0,1100,,0,2400,0,0,,0
1033024,1033,1,1033,环球称霸24,通关堪萨斯州[普通难度],0.043518519,[1030710],10,0,1100,,0,2400,0,0,,0
1033025,1033,1,1033,环球称霸25,通关加拿大[普通难度],0.043518519,[1030810],10,0,1100,,0,2400,0,0,,0
1033026,1033,1,1033,环球称霸26,通关古巴[普通难度],0.043518519,[1030910],10,0,1100,,0,2400,0,0,,0
1033027,1033,1,1033,环球称霸27,通关墨西哥[普通难度],0.043518519,[1031010],10,0,1100,,0,2400,0,0,,0
1033028,1033,1,1033,环球称霸28,通关维京群岛[普通难度],0.043518519,[1040110],10,0,1100,,0,2400,0,0,,0
1033029,1033,1,1033,环球称霸29,通关牙买加[普通难度],0.043518519,[1040210],10,0,1100,,0,2400,0,0,,0
1033030,1033,1,1033,环球称霸30,通关哥伦比亚[普通难度],0.043518519,[1040310],10,0,1100,,0,2400,0,0,,0
1033031,1033,1,1033,环球称霸31,通关巴拉马[普通难度],0.043518519,[1040410],10,0,1100,,0,2400,0,0,,0
1033032,1033,1,1033,环球称霸32,通关乌拉圭[普通难度],0.043518519,[1040510],10,0,1100,,0,2400,0,0,,0
1033033,1033,1,1033,环球称霸33,通关委内瑞拉[普通难度],0.043518519,[1040610],10,0,1100,,0,2400,0,0,,0
1033034,1033,1,1033,环球称霸34,通关多米尼加[普通难度],0.043518519,[1040710],10,0,1100,,0,2400,0,0,,0
1033035,1033,1,1033,环球称霸35,通关玻利维亚[普通难度],0.043518519,[1040810],10,0,1100,,0,2400,0,0,,0
1033036,1033,1,1033,环球称霸36,通关巴西[普通难度],0.043518519,[1040910],10,0,1100,,0,2400,0,0,,0
1033037,1033,1,1033,环球称霸37,通关阿根廷[普通难度],0.043518519,[1041010],10,0,1100,,0,2400,0,0,,0
1033038,1033,1,1033,环球称霸38,通关英国[普通难度],0.043518519,[1050110],10,0,1100,,0,2400,0,0,,0
1033039,1033,1,1033,环球称霸39,通关土耳其[普通难度],0.043518519,[1050210],10,0,1100,,0,2400,0,0,,0
1033040,1033,1,1033,环球称霸40,通关芬兰[普通难度],0.043518519,[1050310],10,0,1100,,0,2400,0,0,,0
1033041,1033,1,1033,环球称霸41,通关波兰[普通难度],0.043518519,[1050410],10,0,1100,,0,2400,0,0,,0
1033042,1033,1,1033,环球称霸42,通关德国[普通难度],0.043518519,[1050510],10,0,1100,,0,2400,0,0,,0
1033043,1033,1,1033,环球称霸43,通关法国[普通难度],0.043518519,[1050610],10,0,1100,,0,2400,0,0,,0
1033044,1033,1,1033,环球称霸44,通关意大利[普通难度],0.043518519,[1050710],10,0,1100,,0,2400,0,0,,0
1033045,1033,1,1033,环球称霸45,通关希腊[普通难度],0.043518519,[1050810],10,0,1100,,0,2400,0,0,,0
1033046,1033,1,1033,环球称霸46,通关瑞典[普通难度],0.043518519,[1050910],10,0,1100,,0,2400,0,0,,0
1033047,1033,1,1033,环球称霸47,通关西班牙[普通难度],0.043518519,[1051010],10,0,1100,,0,2400,0,0,,0
1033048,1033,1,1033,环球称霸48,通关中国[困难难度],0.043518519,[2010110],10,0,1100,,0,2400,0,0,,0
1033049,1033,1,1033,环球称霸49,通关韩国[困难难度],0.043518519,[2010210],10,0,1100,,0,2400,0,0,,0
1033050,1033,1,1033,环球称霸50,通关日本[困难难度],0.043518519,[2010310],10,0,1100,,0,2400,0,0,,0
1033051,1033,1,1033,环球称霸51,通关菲律宾[困难难度],0.043518519,[2010410],10,0,1100,,0,2400,0,0,,0
1033052,1033,1,1033,环球称霸52,通关泰国[困难难度],0.043518519,[2010510],10,0,1100,,0,2400,0,0,,0
1033053,1033,1,1033,环球称霸53,通关印度[困难难度],0.043518519,[2010610],10,0,1100,,0,2400,0,0,,0
1033054,1033,1,1033,环球称霸54,通关伊朗[困难难度],0.043518519,[2010710],10,0,1100,,0,2400,0,0,,0
1033055,1033,1,1033,环球称霸55,通关安哥拉[困难难度],0.043518519,[2020110],10,0,1100,,0,2400,0,0,,0
1033056,1033,1,1033,环球称霸56,通关尼日利亚[困难难度],0.043518519,[2020210],10,0,1100,,0,2400,0,0,,0
1033057,1033,1,1033,环球称霸57,通关塞内加尔[困难难度],0.043518519,[2020310],10,0,1100,,0,2400,0,0,,0
1033058,1033,1,1033,环球称霸58,通关科特迪瓦[困难难度],0.043518519,[2020410],10,0,1100,,0,2400,0,0,,0
1033059,1033,1,1033,环球称霸59,通关埃及[困难难度],0.043518519,[2020510],10,0,1100,,0,2400,0,0,,0
1033060,1033,1,1033,环球称霸60,通关喀麦隆[困难难度],0.043518519,[2020610],10,0,1100,,0,2400,0,0,,0
1033061,1033,1,1033,环球称霸61,通关摩洛哥[困难难度],0.043518519,[2020710],10,0,1100,,0,2400,0,0,,0
1033062,1033,1,1033,环球称霸62,通关中非[困难难度],0.043518519,[2020810],10,0,1100,,0,2400,0,0,,0
1033063,1033,1,1033,环球称霸63,通关突尼西亚[困难难度],0.043518519,[2020910],10,0,1100,,0,2400,0,0,,0
1033064,1033,1,1033,环球称霸64,通关刚果[困难难度],0.043518519,[2021010],10,0,1100,,0,2400,0,0,,0
1033065,1033,1,1033,环球称霸65,通关印第安纳州[困难难度],0.043518519,[2030110],10,0,1100,,0,2400,0,0,,0
1033066,1033,1,1033,环球称霸66,通关蒙大拿州[困难难度],0.043518519,[2030210],10,0,1100,,0,2400,0,0,,0
1033067,1033,1,1033,环球称霸67,通关加利福尼亚州[困难难度],0.043518519,[2030310],10,0,1100,,0,2400,0,0,,0
1033068,1033,1,1033,环球称霸68,通关北卡罗来纳州[困难难度],0.043518519,[2030410],10,0,1100,,0,2400,0,0,,0
1033069,1033,1,1033,环球称霸69,通关康涅狄格州[困难难度],0.043518519,[2030510],10,0,1100,,0,2400,0,0,,0
1033070,1033,1,1033,环球称霸70,通关宾夕法尼亚州[困难难度],0.043518519,[2030610],10,0,1100,,0,2400,0,0,,0
1033071,1033,1,1033,环球称霸71,通关堪萨斯州[困难难度],0.043518519,[2030710],10,0,1100,,0,2400,0,0,,0
1033072,1033,1,1033,环球称霸72,通关加拿大[困难难度],0.043518519,[2030810],10,0,1100,,0,2400,0,0,,0
1033073,1033,1,1033,环球称霸73,通关古巴[困难难度],0.043518519,[2030910],10,0,1100,,0,2400,0,0,,0
1033074,1033,1,1033,环球称霸74,通关墨西哥[困难难度],0.043518519,[2031010],10,0,1100,,0,2400,0,0,,0
1033075,1033,1,1033,环球称霸75,通关维京群岛[困难难度],0.043518519,[2040110],10,0,1100,,0,2400,0,0,,0
1033076,1033,1,1033,环球称霸76,通关牙买加[困难难度],0.043518519,[2040210],10,0,1100,,0,2400,0,0,,0
1033077,1033,1,1033,环球称霸77,通关哥伦比亚[困难难度],0.043518519,[2040310],10,0,1100,,0,2400,0,0,,0
1033078,1033,1,1033,环球称霸78,通关巴拉马[困难难度],0.043518519,[2040410],10,0,1100,,0,2400,0,0,,0
1033079,1033,1,1033,环球称霸79,通关乌拉圭[困难难度],0.043518519,[2040510],10,0,1100,,0,2400,0,0,,0
1033080,1033,1,1033,环球称霸80,通关委内瑞拉[困难难度],0.043518519,[2040610],10,0,1100,,0,2400,0,0,,0
1033081,1033,1,1033,环球称霸81,通关多米尼加[困难难度],0.043518519,[2040710],10,0,1100,,0,2400,0,0,,0
1033082,1033,1,1033,环球称霸82,通关玻利维亚[困难难度],0.043518519,[2040810],10,0,1100,,0,2400,0,0,,0
1033083,1033,1,1033,环球称霸83,通关巴西[困难难度],0.043518519,[2040910],10,0,1100,,0,2400,0,0,,0
1033084,1033,1,1033,环球称霸84,通关阿根廷[困难难度],0.043518519,[2041010],10,0,1100,,0,2400,0,0,,0
1033085,1033,1,1033,环球称霸85,通关英国[困难难度],0.043518519,[2050110],10,0,1100,,0,2400,0,0,,0
1033086,1033,1,1033,环球称霸86,通关土耳其[困难难度],0.043518519,[2050210],10,0,1100,,0,2400,0,0,,0
1033087,1033,1,1033,环球称霸87,通关芬兰[困难难度],0.043518519,[2050310],10,0,1100,,0,2400,0,0,,0
1033088,1033,1,1033,环球称霸88,通关波兰[困难难度],0.043518519,[2050410],10,0,1100,,0,2400,0,0,,0
1033089,1033,1,1033,环球称霸89,通关德国[困难难度],0.043518519,[2050510],10,0,1100,,0,2400,0,0,,0
1033090,1033,1,1033,环球称霸90,通关法国[困难难度],0.043518519,[2050610],10,0,1100,,0,2400,0,0,,0
1033091,1033,1,1033,环球称霸91,通关意大利[困难难度],0.043518519,[2050710],10,0,1100,,0,2400,0,0,,0
1033092,1033,1,1033,环球称霸92,通关希腊[困难难度],0.043518519,[2050810],10,0,1100,,0,2400,0,0,,0
1033093,1033,1,1033,环球称霸93,通关瑞典[困难难度],0.043518519,[2050910],10,0,1100,,0,2400,0,0,,0
1033094,1033,1,1033,环球称霸94,通关西班牙[困难难度],0.043518519,[2051010],10,0,1100,,0,2400,0,0,,0
1033095,1033,1,1033,环球称霸95,通关中国[挑战难度],0.043518519,[3010110],10,0,1100,,0,2400,0,0,,0
1033096,1033,1,1033,环球称霸96,通关韩国[挑战难度],0.043518519,[3010210],10,0,1100,,0,2400,0,0,,0
1033097,1033,1,1033,环球称霸97,通关日本[挑战难度],0.043518519,[3010310],10,0,1100,,0,2400,0,0,,0
1033098,1033,1,1033,环球称霸98,通关菲律宾[挑战难度],0.043518519,[3010410],10,0,1100,,0,2400,0,0,,0
1033099,1033,1,1033,环球称霸99,通关泰国[挑战难度],0.043518519,[3010510],10,0,1100,,0,2400,0,0,,0
1033100,1033,1,1033,环球称霸100,通关印度[挑战难度],0.043518519,[3010610],10,0,1100,,0,2400,0,0,,0
1033101,1033,1,1033,环球称霸101,通关伊朗[挑战难度],0.043518519,[3010710],10,0,1100,,0,2400,0,0,,0
1033102,1033,1,1033,环球称霸102,通关安哥拉[挑战难度],0.043518519,[3020110],10,0,1100,,0,2400,0,0,,0
1033103,1033,1,1033,环球称霸103,通关尼日利亚[挑战难度],0.043518519,[3020210],10,0,1100,,0,2400,0,0,,0
1033104,1033,1,1033,环球称霸104,通关塞内加尔[挑战难度],0.043518519,[3020310],10,0,1100,,0,2400,0,0,,0
1033105,1033,1,1033,环球称霸105,通关科特迪瓦[挑战难度],0.043518519,[3020410],10,0,1100,,0,2400,0,0,,0
1033106,1033,1,1033,环球称霸106,通关埃及[挑战难度],0.043518519,[3020510],10,0,1100,,0,2400,0,0,,0
1033107,1033,1,1033,环球称霸107,通关喀麦隆[挑战难度],0.043518519,[3020610],10,0,1100,,0,2400,0,0,,0
1033108,1033,1,1033,环球称霸108,通关摩洛哥[挑战难度],0.043518519,[3020710],10,0,1100,,0,2400,0,0,,0
1033109,1033,1,1033,环球称霸109,通关中非[挑战难度],0.043518519,[3020810],10,0,1100,,0,2400,0,0,,0
1033110,1033,1,1033,环球称霸110,通关突尼西亚[挑战难度],0.043518519,[3020910],10,0,1100,,0,2400,0,0,,0
1033111,1033,1,1033,环球称霸111,通关刚果[挑战难度],0.043518519,[3021010],10,0,1100,,0,2400,0,0,,0
1033112,1033,1,1033,环球称霸112,通关印第安纳州[挑战难度],0.043518519,[3030110],10,0,1100,,0,2400,0,0,,0
1033113,1033,1,1033,环球称霸113,通关蒙大拿州[挑战难度],0.043518519,[3030210],10,0,1100,,0,2400,0,0,,0
1033114,1033,1,1033,环球称霸114,通关加利福尼亚州[挑战难度],0.043518519,[3030310],10,0,1100,,0,2400,0,0,,0
1033115,1033,1,1033,环球称霸115,通关北卡罗来纳州[挑战难度],0.043518519,[3030410],10,0,1100,,0,2400,0,0,,0
1033116,1033,1,1033,环球称霸116,通关康涅狄格州[挑战难度],0.043518519,[3030510],10,0,1100,,0,2400,0,0,,0
1033117,1033,1,1033,环球称霸117,通关宾夕法尼亚州[挑战难度],0.043518519,[3030610],10,0,1100,,0,2400,0,0,,0
1033118,1033,1,1033,环球称霸118,通关堪萨斯州[挑战难度],0.043518519,[3030710],10,0,1100,,0,2400,0,0,,0
1033119,1033,1,1033,环球称霸119,通关加拿大[挑战难度],0.043518519,[3030810],10,0,1100,,0,2400,0,0,,0
1033120,1033,1,1033,环球称霸120,通关古巴[挑战难度],0.043518519,[3030910],10,0,1100,,0,2400,0,0,,0
1033121,1033,1,1033,环球称霸121,通关墨西哥[挑战难度],0.043518519,[3031010],10,0,1100,,0,2400,0,0,,0
1033122,1033,1,1033,环球称霸122,通关维京群岛[挑战难度],0.043518519,[3040110],10,0,1100,,0,2400,0,0,,0
1033123,1033,1,1033,环球称霸123,通关牙买加[挑战难度],0.043518519,[3040210],10,0,1100,,0,2400,0,0,,0
1033124,1033,1,1033,环球称霸124,通关哥伦比亚[挑战难度],0.043518519,[3040310],10,0,1100,,0,2400,0,0,,0
1033125,1033,1,1033,环球称霸125,通关巴拉马[挑战难度],0.043518519,[3040410],10,0,1100,,0,2400,0,0,,0
1033126,1033,1,1033,环球称霸126,通关乌拉圭[挑战难度],0.043518519,[3040510],10,0,1100,,0,2400,0,0,,0
1033127,1033,1,1033,环球称霸127,通关委内瑞拉[挑战难度],0.043518519,[3040610],10,0,1100,,0,2400,0,0,,0
1033128,1033,1,1033,环球称霸128,通关多米尼加[挑战难度],0.043518519,[3040710],10,0,1100,,0,2400,0,0,,0
1033129,1033,1,1033,环球称霸129,通关玻利维亚[挑战难度],0.043518519,[3040810],10,0,1100,,0,2400,0,0,,0
1033130,1033,1,1033,环球称霸130,通关巴西[挑战难度],0.043518519,[3040910],10,0,1100,,0,2400,0,0,,0
1033131,1033,1,1033,环球称霸131,通关阿根廷[挑战难度],0.043518519,[3041010],10,0,1100,,0,2400,0,0,,0
1033132,1033,1,1033,环球称霸132,通关英国[挑战难度],0.043518519,[3050110],10,0,1100,,0,2400,0,0,,0
1033133,1033,1,1033,环球称霸133,通关土耳其[挑战难度],0.043518519,[3050210],10,0,1100,,0,2400,0,0,,0
1033134,1033,1,1033,环球称霸134,通关芬兰[挑战难度],0.043518519,[3050310],10,0,1100,,0,2400,0,0,,0
1033135,1033,1,1033,环球称霸135,通关波兰[挑战难度],0.043518519,[3050410],10,0,1100,,0,2400,0,0,,0
1033136,1033,1,1033,环球称霸136,通关德国[挑战难度],0.043518519,[3050510],10,0,1100,,0,2400,0,0,,0
1033137,1033,1,1033,环球称霸137,通关法国[挑战难度],0.043518519,[3050610],10,0,1100,,0,2400,0,0,,0
1033138,1033,1,1033,环球称霸138,通关意大利[挑战难度],0.043518519,[3050710],10,0,1100,,0,2400,0,0,,0
1033139,1033,1,1033,环球称霸139,通关希腊[挑战难度],0.043518519,[3050810],10,0,1100,,0,2400,0,0,,0
1033140,1033,1,1033,环球称霸140,通关瑞典[挑战难度],0.043518519,[3050910],10,0,1100,,0,2400,0,0,,0
1033141,1033,1,1033,环球称霸141,通关西班牙[挑战难度],0.043518519,[3051010],10,0,1100,,0,2400,0,0,,0
1034001,1034,2,1034,球员等级1,拥有{0}/{1}名5级球员,2:100105:10,"[5,5]",10,1,2100,,0,2400,0,0,,0
1034002,1034,2,1034,球员等级2,拥有{0}/{1}名10级球员,2:100105:10,"[5,10]",10,1,2100,,0,2400,0,0,,0
1034003,1034,2,1034,球员等级3,拥有{0}/{1}名15级球员,2:100105:10,"[5,15]",10,1,2100,,0,2400,0,0,,0
1034004,1034,2,1034,球员等级4,拥有{0}/{1}名20级球员,2:100105:10,"[5,20]",10,1,2100,,0,2400,0,0,,0
1034005,1034,2,1034,球员等级5,拥有{0}/{1}名25级球员,2:100105:10,"[5,25]",10,1,2100,,0,2400,0,0,,0
1034006,1034,2,1034,球员等级6,拥有{0}/{1}名30级球员,2:100106:10,"[5,30]",10,1,2100,,0,2400,0,0,,0
1034007,1034,2,1034,球员等级7,拥有{0}/{1}名35级球员,2:100106:10,"[5,35]",10,1,2100,,0,2400,0,0,,0
1034008,1034,2,1034,球员等级8,拥有{0}/{1}名40级球员,2:100106:10,"[5,40]",10,1,2100,,0,2400,0,0,,0
1034009,1034,2,1034,球员等级9,拥有{0}/{1}名45级球员,2:100106:10,"[5,45]",10,1,2100,,0,2400,0,0,,0
1034010,1034,2,1034,球员等级10,拥有{0}/{1}名50级球员,2:100106:10,"[5,50]",10,1,2100,,0,2400,0,0,,0
1034011,1034,2,1034,球员等级11,拥有{0}/{1}名55级球员,2:100106:10,"[5,55]",10,1,2100,,0,2400,0,0,,0
1034012,1034,2,1034,球员等级12,拥有{0}/{1}名60级球员,2:100106:10,"[5,60]",10,1,2100,,0,2400,0,0,,0
1034013,1034,2,1034,球员等级13,拥有{0}/{1}名65级球员,2:100106:10,"[5,65]",10,1,2100,,0,2400,0,0,,0
1034014,1034,2,1034,球员等级14,拥有{0}/{1}名70级球员,2:100106:10,"[5,70]",10,1,2100,,0,2400,0,0,,0
1034015,1034,2,1034,球员等级15,拥有{0}/{1}名75级球员,2:100106:10,"[5,75]",10,1,2100,,0,2400,0,0,,0
1034016,1034,2,1034,球员等级16,拥有{0}/{1}名80级球员,2:100106:10,"[5,80]",10,1,2100,,0,2400,0,0,,0
1034017,1034,2,1034,球员等级17,拥有{0}/{1}名85级球员,2:100106:10,"[5,85]",10,1,2100,,0,2400,0,0,,0
1034018,1034,2,1034,球员等级18,拥有{0}/{1}名90级球员,2:100106:10,"[5,90]",10,1,2100,,0,2400,0,0,,0
1034019,1034,2,1034,球员等级19,拥有{0}/{1}名95级球员,2:100106:10,"[5,95]",10,1,2100,,0,2400,0,0,,0
1034020,1034,2,1034,球员等级20,拥有{0}/{1}名100级球员,2:100106:10,"[5,100]",10,1,2100,,0,2400,0,0,,0
1034021,1034,2,1034,球员等级21,拥有{0}/{1}名105级球员,2:100106:10,"[5,105]",10,1,2100,,0,2400,0,0,,0
1034022,1034,2,1034,球员等级22,拥有{0}/{1}名110级球员,2:100106:10,"[5,110]",10,1,2100,,0,2400,0,0,,0
1034023,1034,2,1034,球员等级23,拥有{0}/{1}名115级球员,2:100106:10,"[5,115]",10,1,2100,,0,2400,0,0,,0
1034024,1034,2,1034,球员等级24,拥有{0}/{1}名120级球员,2:100106:10,"[5,120]",10,1,2100,,0,2400,0,0,,0
1035001,1035,2,1035,1星球员1,拥有{0}/{1}名任意品质的1星球员,1:01:50,"[1,1,1]",10,1,2100,,0,2400,0,0,,0
1035002,1035,2,1035,1星球员2,拥有{0}/{1}名任意品质1星球员,1:01:50,"[2,1,1]",10,1,2100,,0,2400,0,0,,0
1035003,1035,2,1035,1星球员3,拥有{0}/{1}名任意品质1星球员,1:01:50,"[3,1,1]",10,1,2100,,0,2400,0,0,,0
1035004,1035,2,1035,1星球员4,拥有{0}/{1}名任意品质1星球员,1:01:50,"[4,1,1]",10,1,2100,,0,2400,0,0,,0
1035005,1035,2,1035,1星球员5,拥有{0}/{1}名任意品质1星球员,1:01:50,"[5,1,1]",10,1,2100,,0,2400,0,0,,0
1035006,1035,2,1035,2星球员1,拥有{0}/{1}名品质为绿色及以上的2星球员,0.043518519,"[1,2,1]",10,1,2100,,0,2400,0,0,,0
1035007,1035,2,1035,2星球员2,拥有{0}/{1}名品质为绿色及以上的2星球员,0.043518519,"[2,2,1]",10,1,2100,,0,2400,0,0,,0
1035008,1035,2,1035,2星球员3,拥有{0}/{1}名品质为绿色及以上的2星球员,0.043518519,"[3,2,1]",10,1,2100,,0,2400,0,0,,0
1035009,1035,2,1035,2星球员4,拥有{0}/{1}名品质为绿色及以上的2星球员,0.043518519,"[4,2,1]",10,1,2100,,0,2400,0,0,,0
1035010,1035,2,1035,2星球员5,拥有{0}/{1}名品质为绿色及以上的2星球员,0.043518519,"[5,2,1]",10,1,2100,,0,2400,0,0,,0
1035011,1035,2,1035,3星球员1,拥有{0}/{1}名品质为绿色及以上的3星球员,0.044097222,"[1,3,1]",10,1,2100,,0,2400,0,0,,0
1035012,1035,2,1035,3星球员2,拥有{0}/{1}名品质为绿色及以上的3星球员,0.044097222,"[2,3,1]",10,1,2100,,0,2400,0,0,,0
1035013,1035,2,1035,3星球员3,拥有{0}/{1}名品质为绿色及以上的3星球员,0.044097222,"[3,3,1]",10,1,2100,,0,2400,0,0,,0
1035014,1035,2,1035,3星球员4,拥有{0}/{1}名品质为绿色及以上的3星球员,0.044097222,"[4,3,1]",10,1,2100,,0,2400,0,0,,0
1035015,1035,2,1035,3星球员5,拥有{0}/{1}名品质为绿色及以上的3星球员,0.044097222,"[5,3,1]",10,1,2100,,0,2400,0,0,,0
1035016,1035,2,1035,4星球员1,拥有{0}/{1}名品质为绿色及以上的4星球员,0.044675926,"[1,4,1]",10,1,2100,,0,2400,0,0,,0
1035017,1035,2,1035,4星球员2,拥有{0}/{1}名品质为绿色及以上的4星球员,0.044675926,"[2,4,1]",10,1,2100,,0,2400,0,0,,0
1035018,1035,2,1035,4星球员3,拥有{0}/{1}名品质为绿色及以上的4星球员,0.044675926,"[3,4,1]",10,1,2100,,0,2400,0,0,,0
1035019,1035,2,1035,4星球员4,拥有{0}/{1}名品质为绿色及以上的4星球员,0.044675926,"[4,4,1]",10,1,2100,,0,2400,0,0,,0
1035020,1035,2,1035,4星球员5,拥有{0}/{1}名品质为绿色及以上的4星球员,0.044675926,"[5,4,1]",10,1,2100,,0,2400,0,0,,0
1035021,1035,2,1035,5星球员1,拥有{0}/{1}名品质为绿色及以上的5星球员,0.044675926,"[1,5,1]",10,1,2100,,0,2400,0,0,,0
1035022,1035,2,1035,5星球员2,拥有{0}/{1}名品质为绿色及以上的5星球员,0.044675926,"[2,5,1]",10,1,2100,,0,2400,0,0,,0
1035023,1035,2,1035,5星球员3,拥有{0}/{1}名品质为绿色及以上的5星球员,0.044675926,"[3,5,1]",10,1,2100,,0,2400,0,0,,0
1035024,1035,2,1035,5星球员4,拥有{0}/{1}名品质为绿色及以上的5星球员,0.044675926,"[4,5,1]",10,1,2100,,0,2400,0,0,,0
1035025,1035,2,1035,5星球员5,拥有{0}/{1}名品质为绿色及以上的5星球员,0.044675926,"[5,5,1]",10,1,2100,,0,2400,0,0,,0
1035026,1035,2,1035,6星球员1,拥有{0}/{1}名橙色6星及以上的球员,0.044675926,"[1,6,4]",10,1,2100,,0,2400,0,0,,0
1035027,1035,2,1035,6星球员2,拥有{0}/{1}名橙色6星及以上的球员,0.044675926,"[2,6,4]",10,1,2100,,0,2400,0,0,,0
1035028,1035,2,1035,6星球员3,拥有{0}/{1}名橙色6星及以上的球员,0.044675926,"[3,6,4]",10,1,2100,,0,2400,0,0,,0
1035029,1035,2,1035,6星球员4,拥有{0}/{1}名橙色6星及以上的球员,0.044675926,"[4,6,4]",10,1,2100,,0,2400,0,0,,0
1035030,1035,2,1035,6星球员5,拥有{0}/{1}名橙色6星及以上的球员,0.044675926,"[5,6,4]",10,1,2100,,0,2400,0,0,,0
1035031,1035,2,1035,7星球员1,拥有{0}/{1}名橙色7星及以上的球员,0.044675926,"[1,7,4]",10,1,2100,,0,2400,0,0,,0
1035032,1035,2,1035,7星球员2,拥有{0}/{1}名橙色7星及以上的球员,0.044675926,"[2,7,4]",10,1,2100,,0,2400,0,0,,0
1035033,1035,2,1035,7星球员3,拥有{0}/{1}名橙色7星及以上的球员,0.044675926,"[3,7,4]",10,1,2100,,0,2400,0,0,,0
1035034,1035,2,1035,7星球员4,拥有{0}/{1}名橙色7星及以上的球员,0.044675926,"[4,7,4]",10,1,2100,,0,2400,0,0,,0
1035035,1035,2,1035,7星球员5,拥有{0}/{1}名橙色7星及以上的球员,0.044675926,"[5,7,4]",10,1,2100,,0,2400,0,0,,0
1035036,1035,2,1035,8星球员1,拥有{0}/{1}名橙色8星及以上的球员,0.044675926,"[1,8,4]",10,1,2100,,0,2400,0,0,,0
1035037,1035,2,1035,8星球员2,拥有{0}/{1}名橙色8星及以上的球员,0.044675926,"[2,8,4]",10,1,2100,,0,2400,0,0,,0
1035038,1035,2,1035,8星球员3,拥有{0}/{1}名橙色8星及以上的球员,0.044675926,"[3,8,4]",10,1,2100,,0,2400,0,0,,0
1035039,1035,2,1035,8星球员4,拥有{0}/{1}名橙色8星及以上的球员,0.044675926,"[4,8,4]",10,1,2100,,0,2400,0,0,,0
1035040,1035,2,1035,8星球员5,拥有{0}/{1}名橙色8星及以上的球员,0.044675926,"[5,8,4]",10,1,2100,,0,2400,0,0,,0
1035041,1035,2,1035,9星球员1,拥有{0}/{1}名橙色9星及以上的球员,0.044675926,"[1,9,4]",10,1,2100,,0,2400,0,0,,0
1035042,1035,2,1035,9星球员2,拥有{0}/{1}名橙色9星及以上的球员,0.044675926,"[2,9,4]",10,1,2100,,0,2400,0,0,,0
1035043,1035,2,1035,9星球员3,拥有{0}/{1}名橙色9星及以上的球员,0.044675926,"[3,9,4]",10,1,2100,,0,2400,0,0,,0
1035044,1035,2,1035,9星球员4,拥有{0}/{1}名橙色9星及以上的球员,0.044675926,"[4,9,4]",10,1,2100,,0,2400,0,0,,0
1035045,1035,2,1035,9星球员5,拥有{0}/{1}名橙色9星及以上的球员,0.044675926,"[5,9,4]",10,1,2100,,0,2400,0,0,,0
1035046,1035,2,1035,10星球员1,拥有{0}/{1}名橙色10星及以上的球员,0.044675926,"[1,10,4]",10,1,2100,,0,2400,0,0,,0
1035047,1035,2,1035,10星球员2,拥有{0}/{1}名橙色10星及以上的球员,0.044675926,"[2,10,4]",10,1,2100,,0,2400,0,0,,0
1035048,1035,2,1035,10星球员3,拥有{0}/{1}名橙色10星及以上的球员,0.044675926,"[3,10,4]",10,1,2100,,0,2400,0,0,,0
1035049,1035,2,1035,10星球员4,拥有{0}/{1}名橙色10星及以上的球员,0.044675926,"[4,10,4]",10,1,2100,,0,2400,0,0,,0
1035050,1035,2,1035,10星球员5,拥有{0}/{1}名橙色10星及以上的球员,0.044675926,"[5,10,4]",10,1,2100,,0,2400,0,0,,0
1036001,1036,2,1036,初级球员1,拥有{0}/{1}名绿色品质球员,2:200234:10,"[5,1]",10,1,2100,,0,2400,0,0,,0
1036002,1036,2,1036,进阶球员1,拥有{0}/{1}名蓝色品质球员,2:200233:10,"[1,2]",10,1,2100,,0,2400,0,0,,0
1036003,1036,2,1036,进阶球员2,拥有{0}/{1}名蓝色品质球员,2:200233:10,"[3,2]",10,1,2100,,0,2400,0,0,,0
1036004,1036,2,1036,进阶球员3,拥有{0}/{1}名蓝色品质球员,2:200233:10,"[5,2]",10,1,2100,,0,2400,0,0,,0
1036005,1036,2,1036,高级球员1,拥有{0}/{1}名紫色品质球员,2:200232:10,"[1,3]",10,1,2100,,0,2400,0,0,,0
1036006,1036,2,1036,高级球员2,拥有{0}/{1}名紫色品质球员,2:200232:10,"[3,3]",10,1,2100,,0,2400,0,0,,0
1036007,1036,2,1036,高级球员3,拥有{0}/{1}名紫色品质球员,2:200232:10,"[5,3]",10,1,2100,,0,2400,0,0,,0
1036008,1036,2,1036,明星球员1,拥有{0}/{1}名橙色品质球员,2:200231:10,"[1,4]",10,1,2100,,0,2400,0,0,,0
1036009,1036,2,1036,明星球员2,拥有{0}/{1}名橙色品质球员,2:200231:10,"[3,4]",10,1,2100,,0,2400,0,0,,0
1036010,1036,2,1036,明星球员3,拥有{0}/{1}名橙色品质球员,2:200231:10,"[5,4]",10,1,2100,,0,2400,0,0,,0
1036011,1036,2,1036,天皇巨星1,拥有{0}/{1}名红色品质球员,2:200231:20,"[1,5]",10,1,2100,,0,2400,0,0,,0
1036012,1036,2,1036,天皇巨星2,拥有{0}/{1}名红色品质球员,2:200231:20,"[3,5]",10,1,2100,,0,2400,0,0,,0
1036013,1036,2,1036,天皇巨星3,拥有{0}/{1}名红色品质球员,2:200231:20,"[5,5]",10,1,2100,,0,2400,0,0,,0
1037001,1037,2,1037,球员战力1,拥有{0}/{1}名战力超过1000球员,1:01:10,"[1,1000]",10,1,2100,,0,2400,0,0,,0
1037002,1037,2,1037,球员战力2,拥有{0}/{1}名战力超过1000球员,1:01:10,"[3,1000]",10,1,2100,,0,2400,0,0,,0
1037003,1037,2,1037,球员战力3,拥有{0}/{1}名战力超过1000球员,1:01:10,"[5,1000]",10,1,2100,,0,2400,0,0,,0
1037004,1037,2,1037,球员战力4,拥有{0}/{1}名战力超过1500球员,1:01:10,"[1,1500]",10,1,2100,,0,2400,0,0,,0
1037005,1037,2,1037,球员战力5,拥有{0}/{1}名战力超过1500球员,1:01:10,"[3,1500]",10,1,2100,,0,2400,0,0,,0
1037006,1037,2,1037,球员战力6,拥有{0}/{1}名战力超过1500球员,1:01:10,"[5,1500]",10,1,2100,,0,2400,0,0,,0
1037007,1037,2,1037,球员战力7,拥有{0}/{1}名战力超过3000球员,1:01:10,"[1,3000]",10,1,2100,,0,2400,0,0,,0
1037008,1037,2,1037,球员战力8,拥有{0}/{1}名战力超过3000球员,1:01:10,"[3,3000]",10,1,2100,,0,2400,0,0,,0
1037009,1037,2,1037,球员战力9,拥有{0}/{1}名战力超过3000球员,1:01:10,"[5,3000]",10,1,2100,,0,2400,0,0,,0
1037010,1037,2,1037,球员战力10,拥有{0}/{1}名战力超过5000球员,1:01:10,"[1,5000]",10,1,2100,,0,2400,0,0,,0
1037011,1037,2,1037,球员战力11,拥有{0}/{1}名战力超过5000球员,1:01:10,"[3,5000]",10,1,2100,,0,2400,0,0,,0
1037012,1037,2,1037,球员战力12,拥有{0}/{1}名战力超过5000球员,1:01:10,"[5,5000]",10,1,2100,,0,2400,0,0,,0
1037013,1037,2,1037,球员战力13,拥有{0}/{1}名战力超过7500球员,1:01:10,"[1,7500]",10,1,2100,,0,2400,0,0,,0
1037014,1037,2,1037,球员战力14,拥有{0}/{1}名战力超过7500球员,1:01:10,"[3,7500]",10,1,2100,,0,2400,0,0,,0
1037015,1037,2,1037,球员战力15,拥有{0}/{1}名战力超过7500球员,1:01:10,"[5,7500]",10,1,2100,,0,2400,0,0,,0
1037016,1037,2,1037,球员战力16,拥有{0}/{1}名战力超过10000球员,1:01:10,"[1,10000]",10,1,2100,,0,2400,0,0,,0
1037017,1037,2,1037,球员战力17,拥有{0}/{1}名战力超过10000球员,1:01:10,"[3,10000]",10,1,2100,,0,2400,0,0,,0
1037018,1037,2,1037,球员战力18,拥有{0}/{1}名战力超过10000球员,1:01:10,"[5,10000]",10,1,2100,,0,2400,0,0,,0
1037019,1037,2,1037,球员战力19,拥有{0}/{1}名战力超过15000球员,1:01:10,"[1,15000]",10,1,2100,,0,2400,0,0,,0
1037020,1037,2,1037,球员战力20,拥有{0}/{1}名战力超过15000球员,1:01:10,"[3,15000]",10,1,2100,,0,2400,0,0,,0
1037021,1037,2,1037,球员战力21,拥有{0}/{1}名战力超过15000球员,1:01:10,"[5,15000]",10,1,2100,,0,2400,0,0,,0
1037022,1037,2,1037,球员战力22,拥有{0}/{1}名战力超过30000球员,1:01:10,"[1,30000]",10,1,2100,,0,2400,0,0,,0
1037023,1037,2,1037,球员战力23,拥有{0}/{1}名战力超过30000球员,1:01:10,"[3,30000]",10,1,2100,,0,2400,0,0,,0
1037024,1037,2,1037,球员战力24,拥有{0}/{1}名战力超过30000球员,1:01:10,"[5,30000]",10,1,2100,,0,2400,0,0,,0
1037025,1037,2,1037,球员战力25,拥有{0}/{1}名战力超过50000球员,1:01:10,"[1,50000]",10,1,2100,,0,2400,0,0,,0
1037026,1037,2,1037,球员战力26,拥有{0}/{1}名战力超过50000球员,1:01:10,"[3,50000]",10,1,2100,,0,2400,0,0,,0
1037027,1037,2,1037,球员战力27,拥有{0}/{1}名战力超过50000球员,1:01:10,"[5,50000]",10,1,2100,,0,2400,0,0,,0
1038001,1038,1,1038,俱乐部战力1,俱乐部战力达到{0}/{1},1:01:10,[2500],10,1,-1,,0,2400,0,0,,0
1038002,1038,1,1038,俱乐部战力2,俱乐部战力达到{0}/{1},1:01:10,[5000],10,1,-1,,0,2400,0,0,,0
1038003,1038,1,1038,俱乐部战力3,俱乐部战力达到{0}/{1},1:01:10,[10000],10,1,-1,,0,2400,0,0,,0
1038004,1038,1,1038,俱乐部战力4,俱乐部战力达到{0}/{1},1:01:10,[15000],10,1,-1,,0,2400,0,0,,0
1038005,1038,1,1038,俱乐部战力5,俱乐部战力达到{0}/{1},1:01:10,[20000],10,1,-1,,0,2400,0,0,,0
1038006,1038,1,1038,俱乐部战力6,俱乐部战力达到{0}/{1},1:01:10,[30000],10,1,-1,,0,2400,0,0,,0
1038007,1038,1,1038,俱乐部战力7,俱乐部战力达到{0}/{1},1:01:10,[40000],10,1,-1,,0,2400,0,0,,0
1038008,1038,1,1038,俱乐部战力8,俱乐部战力达到{0}/{1},1:01:10,[50000],10,1,-1,,0,2400,0,0,,0
1038009,1038,1,1038,俱乐部战力9,俱乐部战力达到{0}/{1},1:01:10,[75000],10,1,-1,,0,2400,0,0,,0
1038010,1038,1,1038,俱乐部战力10,俱乐部战力达到{0}/{1},1:01:10,[100000],10,1,-1,,0,2400,0,0,,0
1038011,1038,1,1038,俱乐部战力11,俱乐部战力达到{0}/{1},1:01:10,[150000],10,1,-1,,0,2400,0,0,,0
1038012,1038,1,1038,俱乐部战力12,俱乐部战力达到{0}/{1},1:01:10,[200000],10,1,-1,,0,2400,0,0,,0
1038013,1038,1,1038,俱乐部战力13,俱乐部战力达到{0}/{1},1:01:10,[300000],10,1,-1,,0,2400,0,0,,0
1038014,1038,1,1038,俱乐部战力14,俱乐部战力达到{0}/{1},1:01:10,[500000],10,1,-1,,0,2400,0,0,,0
1038015,1038,1,1038,俱乐部战力15,俱乐部战力达到{0}/{1},1:01:10,[750000],10,1,-1,,0,2400,0,0,,0
1038016,1038,1,1038,俱乐部战力16,俱乐部战力达到{0}/{1},1:01:10,[1000000],10,1,-1,,0,2400,0,0,,0
1038017,1038,1,1038,俱乐部战力17,俱乐部战力达到{0}/{1},1:01:10,[1500000],10,1,-1,,0,2400,0,0,,0
1038018,1038,1,1038,俱乐部战力18,俱乐部战力达到{0}/{1},1:01:10,[2000000],10,1,-1,,0,2400,0,0,,0
1038019,1038,1,1038,俱乐部战力19,俱乐部战力达到{0}/{1},1:01:10,[3000000],10,1,-1,,0,2400,0,0,,0
1038020,1038,1,1038,俱乐部战力20,俱乐部战力达到{0}/{1},1:01:10,[5000000],10,1,-1,,0,2400,0,0,,0
1038021,1038,1,1038,俱乐部战力21,俱乐部战力达到{0}/{1},1:01:10,[7500000],10,1,-1,,0,2400,0,0,,0
1038022,1038,1,1038,俱乐部战力22,俱乐部战力达到{0}/{1},1:01:10,[10000000],10,1,-1,,0,2400,0,0,,0
1038023,1038,1,1038,俱乐部战力23,俱乐部战力达到{0}/{1},1:01:10,[15000000],10,1,-1,,0,2400,0,0,,0
1038024,1038,1,1038,俱乐部战力24,俱乐部战力达到{0}/{1},1:01:10,[20000000],10,1,-1,,0,2400,0,0,,0
1038025,1038,1,1038,俱乐部战力25,俱乐部战力达到{0}/{1},1:01:10,[30000000],10,1,-1,,0,2400,0,0,,0
1038026,1038,1,1038,俱乐部战力26,俱乐部战力达到{0}/{1},1:01:10,[50000000],10,1,-1,,0,2400,0,0,,0
1038027,1038,1,1038,俱乐部战力27,俱乐部战力达到{0}/{1},1:01:10,[100000000],10,1,-1,,0,2400,0,0,,0
1039001,1039,2,1039,球员数量1,拥有{0}/{1}个球员,1:01:10,[5],10,1,2200,,0,2400,0,0,,0
1039002,1039,2,1039,球员数量2,拥有{0}/{1}个球员,1:01:10,[10],10,1,2200,,0,2400,0,0,,0
1039003,1039,2,1039,球员数量3,拥有{0}/{1}个球员,1:01:10,[12],10,1,2200,,0,2400,0,0,,0
1039004,1039,2,1039,球员数量4,拥有{0}/{1}个球员,1:01:10,[14],10,1,2200,,0,2400,0,0,,0
1039005,1039,2,1039,球员数量5,拥有{0}/{1}个球员,1:01:10,[16],10,1,2200,,0,2400,0,0,,0
1039006,1039,2,1039,球员数量6,拥有{0}/{1}个球员,1:01:10,[18],10,1,2200,,0,2400,0,0,,0
1039007,1039,2,1039,球员数量7,拥有{0}/{1}个球员,1:01:10,[20],10,1,2200,,0,2400,0,0,,0
1039008,1039,2,1039,球员数量8,拥有{0}/{1}个球员,1:01:10,[22],10,1,2200,,0,2400,0,0,,0
1039009,1039,2,1039,球员数量9,拥有{0}/{1}个球员,1:01:10,[24],10,1,2200,,0,2400,0,0,,0
1039010,1039,2,1039,球员数量10,拥有{0}/{1}个球员,1:01:10,[26],10,1,2200,,0,2400,0,0,,0
1039011,1039,2,1039,球员数量11,拥有{0}/{1}个球员,1:01:10,[28],10,1,2200,,0,2400,0,0,,0
1039012,1039,2,1039,球员数量12,拥有{0}/{1}个球员,1:01:10,[30],10,1,2200,,0,2400,0,0,,0
1039013,1039,2,1039,球员数量13,拥有{0}/{1}个球员,1:01:10,[31],10,1,2200,,0,2400,0,0,,0
1039014,1039,2,1039,球员数量14,拥有{0}/{1}个球员,1:01:10,[32],10,1,2200,,0,2400,0,0,,0
1039015,1039,2,1039,球员数量15,拥有{0}/{1}个球员,1:01:10,[33],10,1,2200,,0,2400,0,0,,0
1039016,1039,2,1039,球员数量16,拥有{0}/{1}个球员,1:01:10,[34],10,1,2200,,0,2400,0,0,,0
1039017,1039,2,1039,球员数量17,拥有{0}/{1}个球员,1:01:10,[35],10,1,2200,,0,2400,0,0,,0
1039018,1039,2,1039,球员数量18,拥有{0}/{1}个球员,1:01:10,[36],10,1,2200,,0,2400,0,0,,0
1039019,1039,2,1039,球员数量19,拥有{0}/{1}个球员,1:01:10,[37],10,1,2200,,0,2400,0,0,,0
1039020,1039,2,1039,球员数量20,拥有{0}/{1}个球员,1:01:10,[38],10,1,2200,,0,2400,0,0,,0
1039021,1039,2,1039,球员数量21,拥有{0}/{1}个球员,1:01:10,[39],10,1,2200,,0,2400,0,0,,0
1039022,1039,2,1039,球员数量22,拥有{0}/{1}个球员,1:01:10,[40],10,1,2200,,0,2400,0,0,,0
1039023,1039,2,1039,球员数量23,拥有{0}/{1}个球员,1:01:10,[41],10,1,2200,,0,2400,0,0,,0
1039024,1039,2,1039,球员数量24,拥有{0}/{1}个球员,1:01:10,[42],10,1,2200,,0,2400,0,0,,0
1039025,1039,2,1039,球员数量25,拥有{0}/{1}个球员,1:01:10,[43],10,1,2200,,0,2400,0,0,,0
1039026,1039,2,1039,球员数量26,拥有{0}/{1}个球员,1:01:10,[44],10,1,2200,,0,2400,0,0,,0
1039027,1039,2,1039,球员数量27,拥有{0}/{1}个球员,1:01:10,[45],10,1,2200,,0,2400,0,0,,0
1039028,1039,2,1039,球员数量28,拥有{0}/{1}个球员,1:01:10,[46],10,1,2200,,0,2400,0,0,,0
1039029,1039,2,1039,球员数量29,拥有{0}/{1}个球员,1:01:10,[47],10,1,2200,,0,2400,0,0,,0
1039030,1039,2,1039,球员数量30,拥有{0}/{1}个球员,1:01:10,[48],10,1,2200,,0,2400,0,0,,0
1039031,1039,2,1039,球员数量31,拥有{0}/{1}个球员,1:01:10,[49],10,1,2200,,0,2400,0,0,,0
1039032,1039,2,1039,球员数量32,拥有{0}/{1}个球员,1:01:10,[50],10,1,2200,,0,2400,0,0,,0
1039033,1039,2,1039,球员数量33,拥有{0}/{1}个球员,1:01:10,[51],10,1,2200,,0,2400,0,0,,0
1039034,1039,2,1039,球员数量34,拥有{0}/{1}个球员,1:01:10,[52],10,1,2200,,0,2400,0,0,,0
1039035,1039,2,1039,球员数量35,拥有{0}/{1}个球员,1:01:10,[53],10,1,2200,,0,2400,0,0,,0
1039036,1039,2,1039,球员数量36,拥有{0}/{1}个球员,1:01:10,[54],10,1,2200,,0,2400,0,0,,0
1039037,1039,2,1039,球员数量37,拥有{0}/{1}个球员,1:01:10,[55],10,1,2200,,0,2400,0,0,,0
1039038,1039,2,1039,球员数量38,拥有{0}/{1}个球员,1:01:10,[56],10,1,2200,,0,2400,0,0,,0
1039039,1039,2,1039,球员数量39,拥有{0}/{1}个球员,1:01:10,[57],10,1,2200,,0,2400,0,0,,0
1039040,1039,2,1039,球员数量40,拥有{0}/{1}个球员,1:01:10,[58],10,1,2200,,0,2400,0,0,,0
1039041,1039,2,1039,球员数量41,拥有{0}/{1}个球员,1:01:10,[59],10,1,2200,,0,2400,0,0,,0
1039042,1039,2,1039,球员数量42,拥有{0}/{1}个球员,1:01:10,[60],10,1,2200,,0,2400,0,0,,0
1039043,1039,2,1039,球员数量43,拥有{0}/{1}个球员,1:01:10,[61],10,1,2200,,0,2400,0,0,,0
1039044,1039,2,1039,球员数量44,拥有{0}/{1}个球员,1:01:10,[62],10,1,2200,,0,2400,0,0,,0
1039045,1039,2,1039,球员数量45,拥有{0}/{1}个球员,1:01:10,[63],10,1,2200,,0,2400,0,0,,0
1039046,1039,2,1039,球员数量46,拥有{0}/{1}个球员,1:01:10,[64],10,1,2200,,0,2400,0,0,,0
1039047,1039,2,1039,球员数量47,拥有{0}/{1}个球员,1:01:10,[65],10,1,2200,,0,2400,0,0,,0
1039048,1039,2,1039,球员数量48,拥有{0}/{1}个球员,1:01:10,[66],10,1,2200,,0,2400,0,0,,0
1039049,1039,2,1039,球员数量49,拥有{0}/{1}个球员,1:01:10,[67],10,1,2200,,0,2400,0,0,,0
1039050,1039,2,1039,球员数量50,拥有{0}/{1}个球员,1:01:10,[68],10,1,2200,,0,2400,0,0,,0
1039051,1039,2,1039,球员数量51,拥有{0}/{1}个球员,1:01:10,[69],10,1,2200,,0,2400,0,0,,0
1039052,1039,2,1039,球员数量52,拥有{0}/{1}个球员,1:01:10,[70],10,1,2200,,0,2400,0,0,,0
1039053,1039,2,1039,球员数量53,拥有{0}/{1}个球员,1:01:10,[71],10,1,2200,,0,2400,0,0,,0
1039054,1039,2,1039,球员数量54,拥有{0}/{1}个球员,1:01:10,[72],10,1,2200,,0,2400,0,0,,0
1039055,1039,2,1039,球员数量55,拥有{0}/{1}个球员,1:01:10,[73],10,1,2200,,0,2400,0,0,,0
1039056,1039,2,1039,球员数量56,拥有{0}/{1}个球员,1:01:10,[74],10,1,2200,,0,2400,0,0,,0
1039057,1039,2,1039,球员数量57,拥有{0}/{1}个球员,1:01:10,[75],10,1,2200,,0,2400,0,0,,0
1039058,1039,2,1039,球员数量58,拥有{0}/{1}个球员,1:01:10,[76],10,1,2200,,0,2400,0,0,,0
1039059,1039,2,1039,球员数量59,拥有{0}/{1}个球员,1:01:10,[77],10,1,2200,,0,2400,0,0,,0
1039060,1039,2,1039,球员数量60,拥有{0}/{1}个球员,1:01:10,[78],10,1,2200,,0,2400,0,0,,0
1039061,1039,2,1039,球员数量61,拥有{0}/{1}个球员,1:01:10,[79],10,1,2200,,0,2400,0,0,,0
1039062,1039,2,1039,球员数量62,拥有{0}/{1}个球员,1:01:10,[80],10,1,2200,,0,2400,0,0,,0
1039063,1039,2,1039,球员数量63,拥有{0}/{1}个球员,1:01:10,[81],10,1,2200,,0,2400,0,0,,0
1039064,1039,2,1039,球员数量64,拥有{0}/{1}个球员,1:01:10,[82],10,1,2200,,0,2400,0,0,,0
1039065,1039,2,1039,球员数量65,拥有{0}/{1}个球员,1:01:10,[83],10,1,2200,,0,2400,0,0,,0
1039066,1039,2,1039,球员数量66,拥有{0}/{1}个球员,1:01:10,[84],10,1,2200,,0,2400,0,0,,0
1039067,1039,2,1039,球员数量67,拥有{0}/{1}个球员,1:01:10,[85],10,1,2200,,0,2400,0,0,,0
1039068,1039,2,1039,球员数量68,拥有{0}/{1}个球员,1:01:10,[86],10,1,2200,,0,2400,0,0,,0
1039069,1039,2,1039,球员数量69,拥有{0}/{1}个球员,1:01:10,[87],10,1,2200,,0,2400,0,0,,0
1039070,1039,2,1039,球员数量70,拥有{0}/{1}个球员,1:01:10,[88],10,1,2200,,0,2400,0,0,,0
1039071,1039,2,1039,球员数量71,拥有{0}/{1}个球员,1:01:10,[89],10,1,2200,,0,2400,0,0,,0
1039072,1039,2,1039,球员数量72,拥有{0}/{1}个球员,1:01:10,[90],10,1,2200,,0,2400,0,0,,0
1039073,1039,2,1039,球员数量73,拥有{0}/{1}个球员,1:01:10,[91],10,1,2200,,0,2400,0,0,,0
1039074,1039,2,1039,球员数量74,拥有{0}/{1}个球员,1:01:10,[92],10,1,2200,,0,2400,0,0,,0
1039075,1039,2,1039,球员数量75,拥有{0}/{1}个球员,1:01:10,[93],10,1,2200,,0,2400,0,0,,0
1039076,1039,2,1039,球员数量76,拥有{0}/{1}个球员,1:01:10,[94],10,1,2200,,0,2400,0,0,,0
1039077,1039,2,1039,球员数量77,拥有{0}/{1}个球员,1:01:10,[95],10,1,2200,,0,2400,0,0,,0
1039078,1039,2,1039,球员数量78,拥有{0}/{1}个球员,1:01:10,[96],10,1,2200,,0,2400,0,0,,0
1039079,1039,2,1039,球员数量79,拥有{0}/{1}个球员,1:01:10,[97],10,1,2200,,0,2400,0,0,,0
1039080,1039,2,1039,球员数量80,拥有{0}/{1}个球员,1:01:10,[98],10,1,2200,,0,2400,0,0,,0
1039081,1039,2,1039,球员数量81,拥有{0}/{1}个球员,1:01:10,[99],10,1,2200,,0,2400,0,0,,0
1039082,1039,2,1039,球员数量82,拥有{0}/{1}个球员,1:01:10,[100],10,1,2200,,0,2400,0,0,,0
1040001,1040,2,1040,1阶球员装备1,{0}/{1}名球员装备突破到1阶,2:100108:1,"[1,1]",10,1,2100,,0,2400,0,0,,0
1040002,1040,2,1040,1阶球员装备2,{0}/{1}名球员装备突破到1阶,2:100108:1,"[3,1]",10,1,2100,,0,2400,0,0,,0
1040003,1040,2,1040,1阶球员装备3,{0}/{1}名球员装备突破到1阶,2:100108:1,"[5,1]",10,1,2100,,0,2400,0,0,,0
1040004,1040,2,1040,2阶球员装备1,{0}/{1}名球员装备突破到2阶,2:100108:1,"[1,2]",10,1,2100,,0,2400,0,0,,0
1040005,1040,2,1040,2阶球员装备2,{0}/{1}名球员装备突破到2阶,2:100108:1,"[3,2]",10,1,2100,,0,2400,0,0,,0
1040006,1040,2,1040,2阶球员装备3,{0}/{1}名球员装备突破到2阶,2:100108:1,"[5,2]",10,1,2100,,0,2400,0,0,,0
1040007,1040,2,1040,3阶球员装备1,{0}/{1}名球员装备突破到3阶,2:100108:1,"[1,3]",10,1,2100,,0,2400,0,0,,0
1040008,1040,2,1040,3阶球员装备2,{0}/{1}名球员装备突破到3阶,2:100108:1,"[3,3]",10,1,2100,,0,2400,0,0,,0
1040009,1040,2,1040,3阶球员装备3,{0}/{1}名球员装备突破到3阶,2:100108:1,"[5,3]",10,1,2100,,0,2400,0,0,,0
1040010,1040,2,1040,4阶球员装备1,{0}/{1}名球员装备突破到4阶,2:100108:1,"[1,4]",10,1,2100,,0,2400,0,0,,0
1040011,1040,2,1040,4阶球员装备2,{0}/{1}名球员装备突破到4阶,2:100108:1,"[3,4]",10,1,2100,,0,2400,0,0,,0
1040012,1040,2,1040,4阶球员装备3,{0}/{1}名球员装备突破到4阶,2:100108:1,"[5,4]",10,1,2100,,0,2400,0,0,,0
1040013,1040,2,1040,5阶球员装备1,{0}/{1}名球员装备突破到5阶,2:100108:1,"[1,5]",10,1,2100,,0,2400,0,0,,0
1040014,1040,2,1040,5阶球员装备2,{0}/{1}名球员装备突破到5阶,2:100108:1,"[3,5]",10,1,2100,,0,2400,0,0,,0
1040015,1040,2,1040,5阶球员装备3,{0}/{1}名球员装备突破到5阶,2:100108:1,"[5,5]",10,1,2100,,0,2400,0,0,,0
1040016,1040,2,1040,6阶球员装备1,{0}/{1}名球员装备突破到6阶,2:100108:1,"[1,6]",10,1,2100,,0,2400,0,0,,0
1040017,1040,2,1040,6阶球员装备2,{0}/{1}名球员装备突破到6阶,2:100108:1,"[3,6]",10,1,2100,,0,2400,0,0,,0
1040018,1040,2,1040,6阶球员装备3,{0}/{1}名球员装备突破到6阶,2:100108:1,"[5,6]",10,1,2100,,0,2400,0,0,,0
1040019,1040,2,1040,7阶球员装备1,{0}/{1}名球员装备突破到7阶,2:100108:1,"[1,7]",10,1,2100,,0,2400,0,0,,0
1040020,1040,2,1040,7阶球员装备2,{0}/{1}名球员装备突破到7阶,2:100108:1,"[3,7]",10,1,2100,,0,2400,0,0,,0
1040021,1040,2,1040,7阶球员装备3,{0}/{1}名球员装备突破到7阶,2:100108:1,"[5,7]",10,1,2100,,0,2400,0,0,,0
1040022,1040,2,1040,8阶球员装备1,{0}/{1}名球员装备突破到8阶,2:100108:1,"[1,8]",10,1,2100,,0,2400,0,0,,0
1040023,1040,2,1040,8阶球员装备2,{0}/{1}名球员装备突破到8阶,2:100108:1,"[3,8]",10,1,2100,,0,2400,0,0,,0
1040024,1040,2,1040,8阶球员装备3,{0}/{1}名球员装备突破到8阶,2:100108:1,"[5,8]",10,1,2100,,0,2400,0,0,,0
1040025,1040,2,1040,9阶球员装备1,{0}/{1}名球员装备突破到9阶,2:100108:1,"[1,9]",10,1,2100,,0,2400,0,0,,0
1040026,1040,2,1040,9阶球员装备2,{0}/{1}名球员装备突破到9阶,2:100108:1,"[3,9]",10,1,2100,,0,2400,0,0,,0
1040027,1040,2,1040,9阶球员装备3,{0}/{1}名球员装备突破到9阶,2:100108:1,"[5,9]",10,1,2100,,0,2400,0,0,,0
1040028,1040,2,1040,10阶球员装备1,{0}/{1}名球员装备突破到10阶,2:100108:1,"[1,10]",10,1,2100,,0,2400,0,0,,0
1040029,1040,2,1040,10阶球员装备2,{0}/{1}名球员装备突破到10阶,2:100108:1,"[3,10]",10,1,2100,,0,2400,0,0,,0
1040030,1040,2,1040,10阶球员装备3,{0}/{1}名球员装备突破到10阶,2:100108:1,"[5,10]",10,1,2100,,0,2400,0,0,,0
1040031,1040,2,1040,11阶球员装备1,{0}/{1}名球员装备突破到11阶,2:100108:1,"[1,11]",10,1,2100,,0,2400,0,0,,0
1040032,1040,2,1040,11阶球员装备2,{0}/{1}名球员装备突破到11阶,2:100108:1,"[3,11]",10,1,2100,,0,2400,0,0,,0
1040033,1040,2,1040,11阶球员装备3,{0}/{1}名球员装备突破到11阶,2:100108:1,"[5,11]",10,1,2100,,0,2400,0,0,,0
1040034,1040,2,1040,12阶球员装备1,{0}/{1}名球员装备突破到12阶,2:100108:1,"[1,12]",10,1,2100,,0,2400,0,0,,0
1040035,1040,2,1040,12阶球员装备2,{0}/{1}名球员装备突破到12阶,2:100108:1,"[3,12]",10,1,2100,,0,2400,0,0,,0
1040036,1040,2,1040,12阶球员装备3,{0}/{1}名球员装备突破到12阶,2:100108:1,"[5,12]",10,1,2100,,0,2400,0,0,,0
1040037,1040,2,1040,13阶球员装备1,{0}/{1}名球员装备突破到13阶,2:100108:1,"[1,13]",10,1,2100,,0,2400,0,0,,0
1040038,1040,2,1040,13阶球员装备2,{0}/{1}名球员装备突破到13阶,2:100108:1,"[3,13]",10,1,2100,,0,2400,0,0,,0
1040039,1040,2,1040,13阶球员装备3,{0}/{1}名球员装备突破到13阶,2:100108:1,"[5,13]",10,1,2100,,0,2400,0,0,,0
1040040,1040,2,1040,14阶球员装备1,{0}/{1}名球员装备突破到14阶,2:100108:1,"[1,14]",10,1,2100,,0,2400,0,0,,0
1040041,1040,2,1040,14阶球员装备2,{0}/{1}名球员装备突破到14阶,2:100108:1,"[3,14]",10,1,2100,,0,2400,0,0,,0
1040042,1040,2,1040,14阶球员装备3,{0}/{1}名球员装备突破到14阶,2:100108:1,"[5,14]",10,1,2100,,0,2400,0,0,,0
1040043,1040,2,1040,15阶球员装备1,{0}/{1}名球员装备突破到15阶,2:100108:1,"[1,15]",10,1,2100,,0,2400,0,0,,0
1040044,1040,2,1040,15阶球员装备2,{0}/{1}名球员装备突破到15阶,2:100108:1,"[3,15]",10,1,2100,,0,2400,0,0,,0
1040045,1040,2,1040,15阶球员装备3,{0}/{1}名球员装备突破到15阶,2:100108:1,"[5,15]",10,1,2100,,0,2400,0,0,,0
1040046,1040,2,1040,16阶球员装备1,{0}/{1}名球员装备突破到16阶,2:100108:1,"[1,16]",10,1,2100,,0,2400,0,0,,0
1040047,1040,2,1040,16阶球员装备2,{0}/{1}名球员装备突破到16阶,2:100108:1,"[3,16]",10,1,2100,,0,2400,0,0,,0
1040048,1040,2,1040,16阶球员装备3,{0}/{1}名球员装备突破到16阶,2:100108:1,"[5,16]",10,1,2100,,0,2400,0,0,,0
1040049,1040,2,1040,17阶球员装备1,{0}/{1}名球员装备突破到17阶,2:100108:1,"[1,17]",10,1,2100,,0,2400,0,0,,0
1040050,1040,2,1040,17阶球员装备2,{0}/{1}名球员装备突破到17阶,2:100108:1,"[3,17]",10,1,2100,,0,2400,0,0,,0
1040051,1040,2,1040,17阶球员装备3,{0}/{1}名球员装备突破到17阶,2:100108:1,"[5,17]",10,1,2100,,0,2400,0,0,,0
1040052,1040,2,1040,18阶球员装备1,{0}/{1}名球员装备突破到18阶,2:100108:1,"[1,18]",10,1,2100,,0,2400,0,0,,0
1040053,1040,2,1040,18阶球员装备2,{0}/{1}名球员装备突破到18阶,2:100108:1,"[3,18]",10,1,2100,,0,2400,0,0,,0
1040054,1040,2,1040,18阶球员装备3,{0}/{1}名球员装备突破到18阶,2:100108:1,"[5,18]",10,1,2100,,0,2400,0,0,,0
1040055,1040,2,1040,19阶球员装备1,{0}/{1}名球员装备突破到19阶,2:100108:1,"[1,19]",10,1,2100,,0,2400,0,0,,0
1040056,1040,2,1040,19阶球员装备2,{0}/{1}名球员装备突破到19阶,2:100108:1,"[3,19]",10,1,2100,,0,2400,0,0,,0
1040057,1040,2,1040,19阶球员装备3,{0}/{1}名球员装备突破到19阶,2:100108:1,"[5,19]",10,1,2100,,0,2400,0,0,,0
1040058,1040,2,1040,20阶球员装备1,{0}/{1}名球员装备突破到20阶,2:100108:1,"[1,20]",10,1,2100,,0,2400,0,0,,0
1040059,1040,2,1040,20阶球员装备2,{0}/{1}名球员装备突破到20阶,2:100108:1,"[3,20]",10,1,2100,,0,2400,0,0,,0
1040060,1040,2,1040,20阶球员装备3,{0}/{1}名球员装备突破到20阶,2:100108:1,"[5,20]",10,1,2100,,0,2400,0,0,,0
1040061,1040,2,1040,21阶球员装备1,{0}/{1}名球员装备突破到21阶,2:100108:1,"[1,21]",10,1,2100,,0,2400,0,0,,0
1040062,1040,2,1040,21阶球员装备2,{0}/{1}名球员装备突破到21阶,2:100108:1,"[3,21]",10,1,2100,,0,2400,0,0,,0
1040063,1040,2,1040,21阶球员装备3,{0}/{1}名球员装备突破到21阶,2:100108:1,"[5,21]",10,1,2100,,0,2400,0,0,,0
1040064,1040,2,1040,22阶球员装备1,{0}/{1}名球员装备突破到22阶,2:100108:1,"[1,22]",10,1,2100,,0,2400,0,0,,0
1040065,1040,2,1040,22阶球员装备2,{0}/{1}名球员装备突破到22阶,2:100108:1,"[3,22]",10,1,2100,,0,2400,0,0,,0
1040066,1040,2,1040,22阶球员装备3,{0}/{1}名球员装备突破到22阶,2:100108:1,"[5,22]",10,1,2100,,0,2400,0,0,,0
1040067,1040,2,1040,23阶球员装备1,{0}/{1}名球员装备突破到23阶,2:100108:1,"[1,23]",10,1,2100,,0,2400,0,0,,0
1040068,1040,2,1040,23阶球员装备2,{0}/{1}名球员装备突破到23阶,2:100108:1,"[3,23]",10,1,2100,,0,2400,0,0,,0
1040069,1040,2,1040,23阶球员装备3,{0}/{1}名球员装备突破到23阶,2:100108:1,"[5,23]",10,1,2100,,0,2400,0,0,,0
1040070,1040,2,1040,24阶球员装备1,{0}/{1}名球员装备突破到24阶,2:100108:1,"[1,24]",10,1,2100,,0,2400,0,0,,0
1040071,1040,2,1040,24阶球员装备2,{0}/{1}名球员装备突破到24阶,2:100108:1,"[3,24]",10,1,2100,,0,2400,0,0,,0
1040072,1040,2,1040,24阶球员装备3,{0}/{1}名球员装备突破到24阶,2:100108:1,"[5,24]",10,1,2100,,0,2400,0,0,,0
1040073,1040,2,1040,25阶球员装备1,{0}/{1}名球员装备突破到25阶,2:100108:1,"[1,25]",10,1,2100,,0,2400,0,0,,0
1040074,1040,2,1040,25阶球员装备2,{0}/{1}名球员装备突破到25阶,2:100108:1,"[3,25]",10,1,2100,,0,2400,0,0,,0
1040075,1040,2,1040,25阶球员装备3,{0}/{1}名球员装备突破到25阶,2:100108:1,"[5,25]",10,1,2100,,0,2400,0,0,,0
1040076,1040,2,1040,26阶球员装备1,{0}/{1}名球员装备突破到26阶,2:100108:1,"[1,26]",10,1,2100,,0,2400,0,0,,0
1040077,1040,2,1040,26阶球员装备2,{0}/{1}名球员装备突破到26阶,2:100108:1,"[3,26]",10,1,2100,,0,2400,0,0,,0
1040078,1040,2,1040,26阶球员装备3,{0}/{1}名球员装备突破到26阶,2:100108:1,"[5,26]",10,1,2100,,0,2400,0,0,,0
1040079,1040,2,1040,27阶球员装备1,{0}/{1}名球员装备突破到27阶,2:100108:1,"[1,27]",10,1,2100,,0,2400,0,0,,0
1040080,1040,2,1040,27阶球员装备2,{0}/{1}名球员装备突破到27阶,2:100108:1,"[3,27]",10,1,2100,,0,2400,0,0,,0
1040081,1040,2,1040,27阶球员装备3,{0}/{1}名球员装备突破到27阶,2:100108:1,"[5,27]",10,1,2100,,0,2400,0,0,,0
1040082,1040,2,1040,28阶球员装备1,{0}/{1}名球员装备突破到28阶,2:100108:1,"[1,28]",10,1,2100,,0,2400,0,0,,0
1040083,1040,2,1040,28阶球员装备2,{0}/{1}名球员装备突破到28阶,2:100108:1,"[3,28]",10,1,2100,,0,2400,0,0,,0
1040084,1040,2,1040,28阶球员装备3,{0}/{1}名球员装备突破到28阶,2:100108:1,"[5,28]",10,1,2100,,0,2400,0,0,,0
1040085,1040,2,1040,29阶球员装备1,{0}/{1}名球员装备突破到29阶,2:100108:1,"[1,29]",10,1,2100,,0,2400,0,0,,0
1040086,1040,2,1040,29阶球员装备2,{0}/{1}名球员装备突破到29阶,2:100108:1,"[3,29]",10,1,2100,,0,2400,0,0,,0
1040087,1040,2,1040,29阶球员装备3,{0}/{1}名球员装备突破到29阶,2:100108:1,"[5,29]",10,1,2100,,0,2400,0,0,,0
1040088,1040,2,1040,30阶球员装备1,{0}/{1}名球员装备突破到30阶,2:100108:1,"[1,30]",10,1,2100,,0,2400,0,0,,0
1040089,1040,2,1040,30阶球员装备2,{0}/{1}名球员装备突破到30阶,2:100108:1,"[3,30]",10,1,2100,,0,2400,0,0,,0
1040090,1040,2,1040,30阶球员装备3,{0}/{1}名球员装备突破到30阶,2:100108:1,"[5,30]",10,1,2100,,0,2400,0,0,,0
1040091,1040,2,1040,31阶球员装备1,{0}/{1}名球员装备突破到31阶,2:100108:1,"[1,31]",10,1,2100,,0,2400,0,0,,0
1040092,1040,2,1040,31阶球员装备2,{0}/{1}名球员装备突破到31阶,2:100108:1,"[3,31]",10,1,2100,,0,2400,0,0,,0
1040093,1040,2,1040,31阶球员装备3,{0}/{1}名球员装备突破到31阶,2:100108:1,"[5,31]",10,1,2100,,0,2400,0,0,,0
1040094,1040,2,1040,32阶球员装备1,{0}/{1}名球员装备突破到32阶,2:100108:1,"[1,32]",10,1,2100,,0,2400,0,0,,0
1040095,1040,2,1040,32阶球员装备2,{0}/{1}名球员装备突破到32阶,2:100108:1,"[3,32]",10,1,2100,,0,2400,0,0,,0
1040096,1040,2,1040,32阶球员装备3,{0}/{1}名球员装备突破到32阶,2:100108:1,"[5,32]",10,1,2100,,0,2400,0,0,,0
1040097,1040,2,1040,33阶球员装备1,{0}/{1}名球员装备突破到33阶,2:100108:1,"[1,33]",10,1,2100,,0,2400,0,0,,0
1040098,1040,2,1040,33阶球员装备2,{0}/{1}名球员装备突破到33阶,2:100108:1,"[3,33]",10,1,2100,,0,2400,0,0,,0
1040099,1040,2,1040,33阶球员装备3,{0}/{1}名球员装备突破到33阶,2:100108:1,"[5,33]",10,1,2100,,0,2400,0,0,,0
1040100,1040,2,1040,34阶球员装备1,{0}/{1}名球员装备突破到34阶,2:100108:1,"[1,34]",10,1,2100,,0,2400,0,0,,0
1040101,1040,2,1040,34阶球员装备2,{0}/{1}名球员装备突破到34阶,2:100108:1,"[3,34]",10,1,2100,,0,2400,0,0,,0
1040102,1040,2,1040,34阶球员装备3,{0}/{1}名球员装备突破到34阶,2:100108:1,"[5,34]",10,1,2100,,0,2400,0,0,,0
1040103,1040,2,1040,35阶球员装备1,{0}/{1}名球员装备突破到35阶,2:100108:1,"[1,35]",10,1,2100,,0,2400,0,0,,0
1040104,1040,2,1040,35阶球员装备2,{0}/{1}名球员装备突破到35阶,2:100108:1,"[3,35]",10,1,2100,,0,2400,0,0,,0
1040105,1040,2,1040,35阶球员装备3,{0}/{1}名球员装备突破到35阶,2:100108:1,"[5,35]",10,1,2100,,0,2400,0,0,,0
1040106,1040,2,1040,36阶球员装备1,{0}/{1}名球员装备突破到36阶,2:100108:1,"[1,36]",10,1,2100,,0,2400,0,0,,0
1040107,1040,2,1040,36阶球员装备2,{0}/{1}名球员装备突破到36阶,2:100108:1,"[3,36]",10,1,2100,,0,2400,0,0,,0
1040108,1040,2,1040,36阶球员装备3,{0}/{1}名球员装备突破到36阶,2:100108:1,"[5,36]",10,1,2100,,0,2400,0,0,,0
1041001,1041,1,1041,剧情挑战,完成{0}/{1}个球员的剧情挑战,2:200234:3,[1],10,1,1200,,0,2400,0,0,,0
1041002,1041,1,1041,剧情挑战,完成{0}/{1}个球员的剧情挑战,2:200233:3,[2],10,1,1200,,0,2400,0,0,,0
1041003,1041,1,1041,剧情挑战,完成{0}/{1}个球员的剧情挑战,2:200232:3,[3],10,1,1200,,0,2400,0,0,,0
1041004,1041,1,1041,剧情挑战,完成{0}/{1}个球员的剧情挑战,2:200231:3,[4],10,1,1200,,0,2400,0,0,,0
1041005,1041,1,1041,剧情挑战,完成{0}/{1}个球员的剧情挑战,2:200234:3,[5],10,1,1200,,0,2400,0,0,,0
1041006,1041,1,1041,剧情挑战,完成{0}/{1}个球员的剧情挑战,2:200233:3,[6],10,1,1200,,0,2400,0,0,,0
1041007,1041,1,1041,剧情挑战,完成{0}/{1}个球员的剧情挑战,2:200232:3,[7],10,1,1200,,0,2400,0,0,,0
1041008,1041,1,1041,剧情挑战,完成{0}/{1}个球员的剧情挑战,2:200231:3,[8],10,1,1200,,0,2400,0,0,,0
1041009,1041,1,1041,剧情挑战,完成{0}/{1}个球员的剧情挑战,2:200234:3,[9],10,1,1200,,0,2400,0,0,,0
1041010,1041,1,1041,剧情挑战,完成{0}/{1}个球员的剧情挑战,2:200233:3,[10],10,1,1200,,0,2400,0,0,,0
1041011,1041,1,1041,剧情挑战,完成{0}/{1}个球员的剧情挑战,2:200232:3,[11],10,1,1200,,0,2400,0,0,,0
1041012,1041,1,1041,剧情挑战,完成{0}/{1}个球员的剧情挑战,2:200231:3,[12],10,1,1200,,0,2400,0,0,,0
1041013,1041,1,1041,剧情挑战,完成{0}/{1}个球员的剧情挑战,2:200234:3,[13],10,1,1200,,0,2400,0,0,,0
1041014,1041,1,1041,剧情挑战,完成{0}/{1}个球员的剧情挑战,2:200233:3,[14],10,1,1200,,0,2400,0,0,,0
1041015,1041,1,1041,剧情挑战,完成{0}/{1}个球员的剧情挑战,2:200232:3,[15],10,1,1200,,0,2400,0,0,,0
1041016,1041,1,1041,剧情挑战,完成{0}/{1}个球员的剧情挑战,2:200231:3,[16],10,1,1200,,0,2400,0,0,,0
1041017,1041,1,1041,剧情挑战,完成{0}/{1}个球员的剧情挑战,2:200234:3,[17],10,1,1200,,0,2400,0,0,,0
1041018,1041,1,1041,剧情挑战,完成{0}/{1}个球员的剧情挑战,2:200233:3,[18],10,1,1200,,0,2400,0,0,,0
1041019,1041,1,1041,剧情挑战,完成{0}/{1}个球员的剧情挑战,2:200232:3,[19],10,1,1200,,0,2400,0,0,,0
1041020,1041,1,1041,剧情挑战,完成{0}/{1}个球员的剧情挑战,2:200231:3,[20],10,1,1200,,0,2400,0,0,,0
1041021,1041,1,1041,剧情挑战,完成{0}/{1}个球员的剧情挑战,2:200234:3,[21],10,1,1200,,0,2400,0,0,,0
1041022,1041,1,1041,剧情挑战,完成{0}/{1}个球员的剧情挑战,2:200233:3,[22],10,1,1200,,0,2400,0,0,,0
1041023,1041,1,1041,剧情挑战,完成{0}/{1}个球员的剧情挑战,2:200232:3,[23],10,1,1200,,0,2400,0,0,,0
1041024,1041,1,1041,剧情挑战,完成{0}/{1}个球员的剧情挑战,2:200231:3,[24],10,1,1200,,0,2400,0,0,,0
1041025,1041,1,1041,剧情挑战,完成{0}/{1}个球员的剧情挑战,2:200234:3,[25],10,1,1200,,0,2400,0,0,,0
1041026,1041,1,1041,剧情挑战,完成{0}/{1}个球员的剧情挑战,2:200233:3,[26],10,1,1200,,0,2400,0,0,,0
1041027,1041,1,1041,剧情挑战,完成{0}/{1}个球员的剧情挑战,2:200232:3,[27],10,1,1200,,0,2400,0,0,,0
1041028,1041,1,1041,剧情挑战,完成{0}/{1}个球员的剧情挑战,2:200231:3,[28],10,1,1200,,0,2400,0,0,,0
1041029,1041,1,1041,剧情挑战,完成{0}/{1}个球员的剧情挑战,2:200234:3,[29],10,1,1200,,0,2400,0,0,,0
1041030,1041,1,1041,剧情挑战,完成{0}/{1}个球员的剧情挑战,2:200233:3,[30],10,1,1200,,0,2400,0,0,,0
1041031,1041,1,1041,剧情挑战,完成{0}/{1}个球员的剧情挑战,2:200232:3,[31],10,1,1200,,0,2400,0,0,,0
1041032,1041,1,1041,剧情挑战,完成{0}/{1}个球员的剧情挑战,2:200231:3,[32],10,1,1200,,0,2400,0,0,,0
1041033,1041,1,1041,剧情挑战,完成{0}/{1}个球员的剧情挑战,2:200234:3,[33],10,1,1200,,0,2400,0,0,,0
1042001,1042,3,1042,累积签到1,登录游戏{0}/{1}天,1:01:10,[1],10,0,-1,,0,2400,0,0,,0
1042002,1042,3,1042,累积签到2,登录游戏{0}/{1}天,1:01:10,[2],10,0,-1,,0,2400,0,0,,0
1042003,1042,3,1042,累积签到3,登录游戏{0}/{1}天,1:01:10,[3],10,0,-1,,0,2400,0,0,,0
1042004,1042,3,1042,累积签到4,登录游戏{0}/{1}天,1:01:10,[5],10,0,-1,,0,2400,0,0,,0
1042005,1042,3,1042,累积签到5,登录游戏{0}/{1}天,1:01:10,[7],10,0,-1,,0,2400,0,0,,0
1042006,1042,3,1042,累积签到6,登录游戏{0}/{1}天,1:01:10,[14],10,0,-1,,0,2400,0,0,,0
1042007,1042,3,1042,累积签到7,登录游戏{0}/{1}天,1:01:10,[21],10,0,-1,,0,2400,0,0,,0
1042008,1042,3,1042,累积签到8,登录游戏{0}/{1}天,1:01:10,[28],10,0,-1,,0,2400,0,0,,0
1042009,1042,3,1042,累积签到9,登录游戏{0}/{1}天,1:01:10,[35],10,0,-1,,0,2400,0,0,,0
1042010,1042,3,1042,累积签到10,登录游戏{0}/{1}天,1:01:10,[42],10,0,-1,,0,2400,0,0,,0
1042011,1042,3,1042,累积签到11,登录游戏{0}/{1}天,1:01:10,[49],10,0,-1,,0,2400,0,0,,0
1042012,1042,3,1042,累积签到12,登录游戏{0}/{1}天,1:01:10,[56],10,0,-1,,0,2400,0,0,,0
1042013,1042,3,1042,累积签到13,登录游戏{0}/{1}天,1:01:10,[63],10,0,-1,,0,2400,0,0,,0
1042014,1042,3,1042,累积签到14,登录游戏{0}/{1}天,1:01:10,[70],10,0,-1,,0,2400,0,0,,0
1042015,1042,3,1042,累积签到15,登录游戏{0}/{1}天,1:01:10,[77],10,0,-1,,0,2400,0,0,,0
1042016,1042,3,1042,累积签到16,登录游戏{0}/{1}天,1:01:10,[84],10,0,-1,,0,2400,0,0,,0
1042017,1042,3,1042,累积签到17,登录游戏{0}/{1}天,1:01:10,[91],10,0,-1,,0,2400,0,0,,0
1042018,1042,3,1042,累积签到18,登录游戏{0}/{1}天,1:01:10,[98],10,0,-1,,0,2400,0,0,,0
1042019,1042,3,1042,累积签到19,登录游戏{0}/{1}天,1:01:10,[105],10,0,-1,,0,2400,0,0,,0
1042020,1042,3,1042,累积签到20,登录游戏{0}/{1}天,1:01:10,[112],10,0,-1,,0,2400,0,0,,0
1042021,1042,3,1042,累积签到21,登录游戏{0}/{1}天,1:01:10,[119],10,0,-1,,0,2400,0,0,,0
1042022,1042,3,1042,累积签到22,登录游戏{0}/{1}天,1:01:10,[126],10,0,-1,,0,2400,0,0,,0
1042023,1042,3,1042,累积签到23,登录游戏{0}/{1}天,1:01:10,[133],10,0,-1,,0,2400,0,0,,0
1042024,1042,3,1042,累积签到24,登录游戏{0}/{1}天,1:01:10,[140],10,0,-1,,0,2400,0,0,,0
1042025,1042,3,1042,累积签到25,登录游戏{0}/{1}天,1:01:10,[147],10,0,-1,,0,2400,0,0,,0
1042026,1042,3,1042,累积签到26,登录游戏{0}/{1}天,1:01:10,[154],10,0,-1,,0,2400,0,0,,0
1042027,1042,3,1042,累积签到27,登录游戏{0}/{1}天,1:01:10,[161],10,0,-1,,0,2400,0,0,,0
1042028,1042,3,1042,累积签到28,登录游戏{0}/{1}天,1:01:10,[168],10,0,-1,,0,2400,0,0,,0
1042029,1042,3,1042,累积签到29,登录游戏{0}/{1}天,1:01:10,[175],10,0,-1,,0,2400,0,0,,0
1042030,1042,3,1042,累积签到30,登录游戏{0}/{1}天,1:01:10,[182],10,0,-1,,0,2400,0,0,,0
1042031,1042,3,1042,累积签到31,登录游戏{0}/{1}天,1:01:10,[189],10,0,-1,,0,2400,0,0,,0
1042032,1042,3,1042,累积签到32,登录游戏{0}/{1}天,1:01:10,[196],10,0,-1,,0,2400,0,0,,0
1042033,1042,3,1042,累积签到33,登录游戏{0}/{1}天,1:01:10,[203],10,0,-1,,0,2400,0,0,,0
1042034,1042,3,1042,累积签到34,登录游戏{0}/{1}天,1:01:10,[210],10,0,-1,,0,2400,0,0,,0
1042035,1042,3,1042,累积签到35,登录游戏{0}/{1}天,1:01:10,[217],10,0,-1,,0,2400,0,0,,0
1042036,1042,3,1042,累积签到36,登录游戏{0}/{1}天,1:01:10,[224],10,0,-1,,0,2400,0,0,,0
1042037,1042,3,1042,累积签到37,登录游戏{0}/{1}天,1:01:10,[231],10,0,-1,,0,2400,0,0,,0
1043001,1043,3,1043,战术解锁1,解锁{0}/{1}个战术,2:400401:1,[1],10,1,2601,,0,2400,0,0,,0
1043002,1043,3,1043,战术解锁2,解锁{0}/{1}个战术,2:400401:1,[2],10,1,2601,,0,2400,0,0,,0
1043003,1043,3,1043,战术解锁3,解锁{0}/{1}个战术,2:400401:1,[3],10,1,2601,,0,2400,0,0,,0
1043004,1043,3,1043,战术解锁4,解锁{0}/{1}个战术,2:400401:1,[4],10,1,2601,,0,2400,0,0,,0
1043005,1043,3,1043,战术解锁5,解锁{0}/{1}个战术,2:400401:1,[5],10,1,2601,,0,2400,0,0,,0
1043006,1043,3,1043,战术解锁6,解锁{0}/{1}个战术,2:400401:1,[6],10,1,2601,,0,2400,0,0,,0
1043007,1043,3,1043,战术解锁7,解锁{0}/{1}个战术,2:400401:1,[7],10,1,2601,,0,2400,0,0,,0
1043008,1043,3,1043,战术解锁8,解锁{0}/{1}个战术,2:400401:1,[8],10,1,2601,,0,2400,0,0,,0
1043009,1043,3,1043,战术解锁9,解锁{0}/{1}个战术,2:400401:1,[9],10,1,2601,,0,2400,0,0,,0
1043010,1043,3,1043,战术解锁10,解锁{0}/{1}个战术,2:400401:1,[10],10,1,2601,,0,2400,0,0,,0
1044001,1044,3,1044,战术等级1,拥有{0}/{1}个1级战术,2:400401:1,"[1,1]",10,1,2601,,0,2400,0,0,,0
1044002,1044,3,1044,战术等级2,拥有{0}/{1}个1级战术,2:400401:1,"[2,1]",10,1,2601,,0,2400,0,0,,0
1044003,1044,3,1044,战术等级3,拥有{0}/{1}个1级战术,2:400401:1,"[3,1]",10,1,2601,,0,2400,0,0,,0
1044004,1044,3,1044,战术等级4,拥有{0}/{1}个1级战术,2:400401:1,"[4,1]",10,1,2601,,0,2400,0,0,,0
1044005,1044,3,1044,战术等级5,拥有{0}/{1}个2级战术,2:400401:1,"[1,2]",10,1,2601,,0,2400,0,0,,0
1044006,1044,3,1044,战术等级6,拥有{0}/{1}个2级战术,2:400401:1,"[2,2]",10,1,2601,,0,2400,0,0,,0
1044007,1044,3,1044,战术等级7,拥有{0}/{1}个2级战术,2:400401:1,"[3,2]",10,1,2601,,0,2400,0,0,,0
1044008,1044,3,1044,战术等级8,拥有{0}/{1}个3级战术,2:400401:1,"[1,3]",10,1,2601,,0,2400,0,0,,0
1044009,1044,3,1044,战术等级9,拥有{0}/{1}个3级战术,2:400401:1,"[2,3]",10,1,2601,,0,2400,0,0,,0
1044010,1044,3,1044,战术等级10,拥有{0}/{1}个3级战术,2:400401:1,"[3,3]",10,1,2601,,0,2400,0,0,,0
1044011,1044,3,1044,战术等级11,拥有{0}/{1}个4级战术,2:400401:1,"[4,4]",10,1,2601,,0,2400,0,0,,0
1044012,1044,3,1044,战术等级12,拥有{0}/{1}个4级战术,2:400401:1,"[5,4]",10,1,2601,,0,2400,0,0,,0
1044013,1044,3,1044,战术等级13,拥有{0}/{1}个4级战术,2:400401:1,"[6,4]",10,1,2601,,0,2400,0,0,,0
1044014,1044,3,1044,战术等级14,拥有{0}/{1}个5级战术,2:400401:1,"[7,5]",10,1,2601,,0,2400,0,0,,0
1044015,1044,3,1044,战术等级15,拥有{0}/{1}个5级战术,2:400401:1,"[8,5]",10,1,2601,,0,2400,0,0,,0
1044016,1044,3,1044,战术等级16,拥有{0}/{1}个5级战术,2:400401:1,"[9,5]",10,1,2601,,0,2400,0,0,,0
1044017,1044,3,1044,战术等级17,拥有{0}/{1}个|6级战术,2:400401:1,"[7,6]",10,1,2601,,0,2400,0,0,,0
1044018,1044,3,1044,战术等级18,拥有{0}/{1}个|6级战术,2:400401:1,"[8,6]",10,1,2601,,0,2400,0,0,,0
1044019,1044,3,1044,战术等级19,拥有{0}/{1}个|6级战术,2:400401:1,"[9,6]",10,1,2601,,0,2400,0,0,,0
1044020,1044,3,1044,战术等级20,拥有{0}/{1}个|7级战术,2:400401:1,"[7,7]",10,1,2601,,0,2400,0,0,,0
1044021,1044,3,1044,战术等级21,拥有{0}/{1}个|7级战术,2:400401:1,"[8,7]",10,1,2601,,0,2400,0,0,,0
1044022,1044,3,1044,战术等级22,拥有{0}/{1}个|7级战术,2:400401:1,"[9,7]",10,1,2601,,0,2400,0,0,,0
1044023,1044,3,1044,战术等级23,拥有{0}/{1}个|8级战术,2:400401:1,"[7,8]",10,1,2601,,0,2400,0,0,,0
1044024,1044,3,1044,战术等级24,拥有{0}/{1}个|8级战术,2:400401:1,"[8,8]",10,1,2601,,0,2400,0,0,,0
1044025,1044,3,1044,战术等级25,拥有{0}/{1}个|8级战术,2:400401:1,"[9,8]",10,1,2601,,0,2400,0,0,,0
1044026,1044,3,1044,战术等级26,拥有{0}/{1}个|9级战术,2:400401:1,"[8,9]",10,1,2601,,0,2400,0,0,,0
1044027,1044,3,1044,战术等级27,拥有{0}/{1}个|9级战术,2:400401:1,"[9,9]",10,1,2601,,0,2400,0,0,,0
1044028,1044,3,1044,战术等级28,拥有{0}/{1}个|9级战术,2:400401:1,"[10,9]",10,1,2601,,0,2400,0,0,,0
1044029,1044,3,1044,战术等级29,拥有{0}/{1}个|10级战术,2:400401:1,"[8,10]",10,1,2601,,0,2400,0,0,,0
1044030,1044,3,1044,战术等级30,拥有{0}/{1}个|10级战术,2:400401:1,"[9,10]",10,1,2601,,0,2400,0,0,,0
1044031,1044,3,1044,战术等级31,拥有{0}/{1}个|10级战术,2:400401:1,"[10,10]",10,1,2601,,0,2400,0,0,,0
1045001,1045,1,1045,第1节球队1,以第1节1星爆发球队出战1场,2:200234:10,"[1,1,1]",10,0,-1,选择同1节爆发的球员同时上阵可增加爆发星级,0,2400,0,0,,0
1045002,1045,1,1045,第1节球队2,以第1节2星爆发球队出战1场,2:200233:10,"[1,2,1]",10,0,-1,选择同1节爆发的球员同时上阵可增加爆发星级,0,2400,0,0,,0
1045003,1045,1,1045,第1节球队3,以第1节3星爆发球队出战1场,2:200232:10,"[1,3,1]",10,0,-1,选择同1节爆发的球员同时上阵可增加爆发星级,0,2400,0,0,,0
1045004,1045,1,1045,第1节球队4,以第1节4星爆发球队出战1场,2:200231:10,"[1,4,1]",10,0,-1,选择同1节爆发的球员同时上阵可增加爆发星级,0,2400,0,0,,0
1045005,1045,1,1045,第1节球队5,以第1节5星爆发球队出战1场,2:200231:10,"[1,5,1]",10,0,-1,选择同1节爆发的球员同时上阵可增加爆发星级,0,2400,0,0,,0
1046001,1046,1,1046,第2节球队1,以第2节1星爆发球队出战1场,2:200234:10,"[2,1,1]",10,0,-1,选择同1节爆发的球员同时上阵可增加爆发星级,0,2400,0,0,,0
1046002,1046,1,1046,第2节球队2,以第2节2星爆发球队出战1场,2:200233:10,"[2,2,1]",10,0,-1,选择同1节爆发的球员同时上阵可增加爆发星级,0,2400,0,0,,0
1046003,1046,1,1046,第2节球队3,以第2节3星爆发球队出战1场,2:200232:10,"[2,3,1]",10,0,-1,选择同1节爆发的球员同时上阵可增加爆发星级,0,2400,0,0,,0
1046004,1046,1,1046,第2节球队4,以第2节4星爆发球队出战1场,2:200231:10,"[2,4,1]",10,0,-1,选择同1节爆发的球员同时上阵可增加爆发星级,0,2400,0,0,,0
1046005,1046,1,1046,第2节球队5,以第2节5星爆发球队出战1场,2:200231:10,"[2,5,1]",10,0,-1,选择同1节爆发的球员同时上阵可增加爆发星级,0,2400,0,0,,0
1047001,1047,1,1047,第3节球队1,以第3节1星爆发球队出战1场,2:200234:10,"[3,1,1]",10,0,-1,选择同1节爆发的球员同时上阵可增加爆发星级,0,2400,0,0,,0
1047002,1047,1,1047,第3节球队2,以第3节2星爆发球队出战1场,2:200233:10,"[3,2,1]",10,0,-1,选择同1节爆发的球员同时上阵可增加爆发星级,0,2400,0,0,,0
1047003,1047,1,1047,第3节球队3,以第3节3星爆发球队出战1场,2:200232:10,"[3,3,1]",10,0,-1,选择同1节爆发的球员同时上阵可增加爆发星级,0,2400,0,0,,0
1047004,1047,1,1047,第3节球队4,以第3节4星爆发球队出战1场,2:200231:10,"[3,4,1]",10,0,-1,选择同1节爆发的球员同时上阵可增加爆发星级,0,2400,0,0,,0
1047005,1047,1,1047,第3节球队5,以第3节5星爆发球队出战1场,2:200231:10,"[3,5,1]",10,0,-1,选择同1节爆发的球员同时上阵可增加爆发星级,0,2400,0,0,,0
1048001,1048,1,1048,第4节球队1,以第4节1星爆发球队出战1场,2:200234:10,"[4,1,1]",10,0,-1,选择同1节爆发的球员同时上阵可增加爆发星级,0,2400,0,0,,0
1048002,1048,1,1048,第4节球队2,以第4节2星爆发球队出战1场,2:200233:10,"[4,2,1]",10,0,-1,选择同1节爆发的球员同时上阵可增加爆发星级,0,2400,0,0,,0
1048003,1048,1,1048,第4节球队3,以第4节3星爆发球队出战1场,2:200232:10,"[4,3,1]",10,0,-1,选择同1节爆发的球员同时上阵可增加爆发星级,0,2400,0,0,,0
1048004,1048,1,1048,第4节球队4,以第4节4星爆发球队出战1场,2:200231:10,"[4,4,1]",10,0,-1,选择同1节爆发的球员同时上阵可增加爆发星级,0,2400,0,0,,0
1048005,1048,1,1048,第4节球队5,以第4节5星爆发球队出战1场,2:200231:10,"[4,5,1]",10,0,-1,选择同1节爆发的球员同时上阵可增加爆发星级,0,2400,0,0,,0
2001001,2001,2,2001,爆炸表现1,我队某球员一场比赛获得50分{0}/{1}次,1:01:10,[5],10,0,-1,,0,2400,0,0,,0
2001002,2001,2,2001,爆炸表现2,我队某球员一场比赛获得50分{0}/{1}次,1:01:10,[10],10,0,-1,,0,2400,0,0,,0
2001003,2001,2,2001,爆炸表现3,我队某球员一场比赛获得50分{0}/{1}次,1:01:10,[15],10,0,-1,,0,2400,0,0,,0
2001004,2001,2,2001,爆炸表现4,我队某球员一场比赛获得50分{0}/{1}次,1:01:10,[20],10,0,-1,,0,2400,0,0,,0
2001005,2001,2,2001,爆炸表现5,我队某球员一场比赛获得50分{0}/{1}次,1:01:10,[25],10,0,-1,,0,2400,0,0,,0
2001006,2001,2,2001,爆炸表现6,我队某球员一场比赛获得50分{0}/{1}次,1:01:10,[30],10,0,-1,,0,2400,0,0,,0
2001007,2001,2,2001,爆炸表现7,我队某球员一场比赛获得50分{0}/{1}次,1:01:10,[35],10,0,-1,,0,2400,0,0,,0
2001008,2001,2,2001,爆炸表现8,我队某球员一场比赛获得50分{0}/{1}次,1:01:10,[50],10,0,-1,,0,2400,0,0,,0
2002001,2002,2,2002,顶级得分手,我队某球员单赛季获得1000分,1:01:10,[1],10,0,1400,,0,2400,0,0,,0
2003001,2003,2,2003,得分王,我队某球员成为赛季得分王,1:01:10,[1],10,0,1400,,0,2400,0,0,,0
2004001,2004,2,2004,助攻王,我队某球员成为赛季助攻王,1:01:10,[1],10,0,1400,,0,2400,0,0,,0
2005001,2005,2,2005,篮板王,我队某球员成为赛季篮板王,1:01:10,[1],10,0,1400,,0,2400,0,0,,0
2006001,2006,2,2006,犯规恶人,我队某球员累计犯规1000次,1:01:10,[1],10,0,-1,,0,2400,0,0,,0
2007001,2007,2,2007,得分机器,我队某球员连续4场比赛获得50分,1:01:10,[1],10,0,1,,0,2400,0,0,,0
2009001,2009,2,2009,铁人,我队某球员累计首发出战500场,1:01:10,[1],10,0,1,,0,2400,0,0,,0
2010001,2010,2,2010,超级替补,我队某球员累计替补登场300场,1:01:10,[1],10,0,1,,0,2400,0,0,,0
2011001,2011,2,2011,杯赛球员,我队某球员在单届杯赛获得200分,1:01:10,[1],10,0,1400,,1,2400,0,0,,0
2012001,2012,2,2012,黑榜,我队某球员累计失误100次,1:01:10,[1],10,0,1,,0,2400,0,0,,0
2013001,2013,2,2013,万分先生,我队某球员得分突破10000分,1:01:10,[1],10,0,1,,0,2400,0,0,,0
2014001,2014,2,2014,喂饼大师,我队某球员助攻突破500次,1:01:10,[1],10,0,1,,0,2400,0,0,,0
2015001,2015,2,2015,神射手,我队某球员累计命中1000记三分,1:01:10,[1],10,0,1,,0,2400,0,0,,0
2016001,2016,2,2016,抢断王,我队某球员成为赛季抢断王,1:01:10,[1],10,0,1400,,0,2400,0,0,,0
2017001,2017,2,2017,盖帽王,我队某球员成为赛季盖帽王,1:01:10,[1],10,0,1400,,0,2400,0,0,,0
2018001,2018,2,2018,三分雨,我队某球员一场比赛投进10个三分,1:01:10,[1],10,0,1,,0,2400,0,0,,0
2019001,2019,2,3001,百分-开战,参与1次百分大战,1:01:10,[1],10,0,-1,,1,2400,0,0,,0
2020001,2020,2,3001,百分-首胜,百分大战入围赛胜利1场,1:01:10,[1],10,0,-1,,1,2400,0,0,,0
2020002,2020,2,3001,百分-连胜,百分大战入围赛胜利3场,1:01:10,[3],10,0,-1,,1,2400,0,0,,0
2020003,2020,2,3001,百分-制胜,百分大战入围赛胜利5场,1:01:10,[5],10,0,-1,,1,2400,0,0,,0
2020004,2020,2,3001,百分-奇胜,百分大战入围赛连胜8场,1:01:10,[8],10,0,-1,,1,2400,0,0,,0
2024001,2024,2,3001,百分-赛区64强,百分大战淘汰赛入围赛区64强,1:01:10,[1],10,0,-1,,1,2400,0,0,,0
2025001,2025,2,3001,百分-赛区32强,百分大战淘汰赛入围赛区32强,1:01:10,[1],10,0,-1,,1,2400,0,0,,0
2026001,2026,2,3001,百分-赛区16强,百分大战淘汰赛入围赛区16强,1:01:10,[1],10,0,-1,,1,2400,0,0,,0
2027001,2027,2,3001,百分-赛区8强,百分大战淘汰赛入围赛区8强,1:01:10,[1],10,0,-1,,1,2400,0,0,,0
2028001,2028,2,3001,百分-赛区4强,百分大战淘汰赛入围赛区4强,1:01:10,[1],10,0,-1,,1,2400,0,0,,0
2029001,2029,2,3001,百分-赛区亚军,百分大战获得淘汰赛入围赛区亚军1次,1:01:10,[1],10,0,-1,,1,2400,0,0,,0
2030001,2030,2,3001,百分-赛区冠军,百分大战获得淘汰赛入围赛区冠军1次,1:01:10,[1],10,0,-1,,1,2400,0,0,,0
2031001,2031,2,3001,百分-冠军赛4强,百分大战冠军赛入围4强,1:01:10,[1],10,0,-1,,1,2400,0,0,,0
2032001,2032,2,3001,百分-冠军赛亚军,百分大战冠军赛获得亚军1次,1:01:10,[1],10,0,-1,,1,2400,0,0,,0
2033001,2033,2,3001,百分-总冠军,百分大战冠军赛获得冠军1次,1:01:10,[1],10,0,-1,,1,2400,0,0,,0
3001001,3001,3,3001,训练大师1,累计进行{0}/{1}次训练,1:01:10,[20],10,0,1500,,0,2400,0,0,,0
3001002,3001,3,3001,训练大师2,累计进行{0}/{1}次训练,1:01:10,[50],10,0,1500,,0,2400,0,0,,0
3001003,3001,3,3001,训练大师3,累计进行{0}/{1}次训练,1:01:10,[100],10,0,1500,,0,2400,0,0,,0
3001004,3001,3,3001,训练大师4,累计进行{0}/{1}次训练,1:01:10,[200],10,0,1500,,0,2400,0,0,,0
3001005,3001,3,3001,训练大师5,累计进行{0}/{1}次训练,1:01:10,[500],10,0,1500,,0,2400,0,0,,0
3001006,3001,3,3001,训练大师6,累计进行{0}/{1}次训练,1:01:10,[1000],10,0,1500,,0,2400,0,0,,0
3001007,3001,3,3001,训练大师7,累计进行{0}/{1}次训练,1:01:10,[3000],10,0,1500,,0,2400,0,0,,0
3001008,3001,3,3001,训练大师8,累计进行{0}/{1}次训练,1:01:10,[10000],10,0,1500,,0,2400,0,0,,0
3001009,3001,3,3001,训练大师9,累计进行{0}/{1}次训练,1:01:10,[50000],10,0,1500,,0,2400,0,0,,0
3002001,3002,3,3002,魔鬼训练1,累计进行{0}/{1}次强化训练,1:01:10,[5],10,0,1501,,0,2400,0,0,,0
3002002,3002,3,3002,魔鬼训练2,累计进行{0}/{1}次强化训练,1:01:10,[10],10,0,1501,,0,2400,0,0,,0
3002003,3002,3,3002,魔鬼训练3,累计进行{0}/{1}次强化训练,1:01:10,[20],10,0,1501,,0,2400,0,0,,0
3002004,3002,3,3002,魔鬼训练4,累计进行{0}/{1}次强化训练,1:01:10,[40],10,0,1501,,0,2400,0,0,,0
3002005,3002,3,3002,魔鬼训练5,累计进行{0}/{1}次强化训练,1:01:10,[60],10,0,1501,,0,2400,0,0,,0
3002006,3002,3,3002,魔鬼训练6,累计进行{0}/{1}次强化训练,1:01:10,[80],10,0,1501,,0,2400,0,0,,0
3002007,3002,3,3002,魔鬼训练7,累计进行{0}/{1}次强化训练,1:01:10,[100],10,0,1501,,0,2400,0,0,,0
3002008,3002,3,3002,魔鬼训练8,累计进行{0}/{1}次强化训练,1:01:10,[200],10,0,1501,,0,2400,0,0,,0
3002009,3002,3,3002,魔鬼训练9,累计进行{0}/{1}次强化训练,1:01:10,[500],10,0,1501,,0,2400,0,0,,0
3002010,3002,3,3002,魔鬼训练10,累计进行{0}/{1}次强化训练,1:01:10,[1000],10,0,1501,,0,2400,0,0,,0
3002011,3002,3,3002,魔鬼训练11,累计进行{0}/{1}次强化训练,1:01:10,[2000],10,0,1501,,0,2400,0,0,,0
3003001,3003,3,3003,超训,累计进行{0}/{1}次超能训练,1:01:10,[1],10,0,1502,,0,2400,0,0,,0
3003002,3003,3,3003,超训,累计进行{0}/{1}次超能训练,1:01:10,[3],10,0,1502,,0,2400,0,0,,0
3003003,3003,3,3003,超训,累计进行{0}/{1}次超能训练,1:01:10,[5],10,0,1502,,0,2400,0,0,,0
3003004,3003,3,3003,超训,累计进行{0}/{1}次超能训练,1:01:10,[10],10,0,1502,,0,2400,0,0,,0
3003005,3003,3,3003,超训,累计进行{0}/{1}次超能训练,1:01:10,[15],10,0,1502,,0,2400,0,0,,0
3003006,3003,3,3003,超训,累计进行{0}/{1}次超能训练,1:01:10,[20],10,0,1502,,0,2400,0,0,,0
3003007,3003,3,3003,超训,累计进行{0}/{1}次超能训练,1:01:10,[30],10,0,1502,,0,2400,0,0,,0
3003008,3003,3,3003,超训,累计进行{0}/{1}次超能训练,1:01:10,[40],10,0,1502,,0,2400,0,0,,0
3003009,3003,3,3003,超训,累计进行{0}/{1}次超能训练,1:01:10,[50],10,0,1502,,0,2400,0,0,,0
3003010,3003,3,3003,超训,累计进行{0}/{1}次超能训练,1:01:10,[60],10,0,1502,,0,2400,0,0,,0
3003011,3003,3,3003,超训,累计进行{0}/{1}次超能训练,1:01:10,[70],10,0,1502,,0,2400,0,0,,0
3003012,3003,3,3003,超训,累计进行{0}/{1}次超能训练,1:01:10,[80],10,0,1502,,0,2400,0,0,,0
3003013,3003,3,3003,超训,累计进行{0}/{1}次超能训练,1:01:10,[90],10,0,1502,,0,2400,0,0,,0
3003014,3003,3,3003,超训,累计进行{0}/{1}次超能训练,1:01:10,[100],10,0,1502,,0,2400,0,0,,0
3004001,3004,3,3004,积少成多,累计观看{0}/{1}次广告,1:01:10,[100],0,0,-1,,1,2400,0,0,,0
3005001,3005,3,3005,勤劳之神,累计在线{0}/{1}小时,2:400201:1,[1],10,0,-1,,0,2400,0,0,,0
3005002,3005,3,3005,勤劳之神,累计在线{0}/{1}小时,2:400201:1,[2],10,0,-1,,0,2400,0,0,,0
3005003,3005,3,3005,勤劳之神,累计在线{0}/{1}小时,2:400201:1,[3],10,0,-1,,0,2400,0,0,,0
3005004,3005,3,3005,勤劳之神,累计在线{0}/{1}小时,2:400201:1,[4],10,0,-1,,0,2400,0,0,,0
3005005,3005,3,3005,勤劳之神,累计在线{0}/{1}小时,2:400201:1,[5],10,0,-1,,0,2400,0,0,,0
3005006,3005,3,3005,勤劳之神,累计在线{0}/{1}小时,2:400201:1,[6],10,0,-1,,0,2400,0,0,,0
3005007,3005,3,3005,勤劳之神,累计在线{0}/{1}小时,2:400201:1,[7],10,0,-1,,0,2400,0,0,,0
3005008,3005,3,3005,勤劳之神,累计在线{0}/{1}小时,2:400201:1,[8],10,0,-1,,0,2400,0,0,,0
3005009,3005,3,3005,勤劳之神,累计在线{0}/{1}小时,2:400201:1,[9],10,0,-1,,0,2400,0,0,,0
3005010,3005,3,3005,勤劳之神,累计在线{0}/{1}小时,2:400201:1,[10],10,0,-1,,0,2400,0,0,,0
3005011,3005,3,3005,勤劳之神,累计在线{0}/{1}小时,2:400201:1,[20],10,0,-1,,0,2400,0,0,,0
3005012,3005,3,3005,勤劳之神,累计在线{0}/{1}小时,2:400201:1,[30],10,0,-1,,0,2400,0,0,,0
3005013,3005,3,3005,勤劳之神,累计在线{0}/{1}小时,2:400201:1,[40],10,0,-1,,0,2400,0,0,,0
3005014,3005,3,3005,勤劳之神,累计在线{0}/{1}小时,2:400201:1,[50],10,0,-1,,0,2400,0,0,,0
3005015,3005,3,3005,勤劳之神,累计在线{0}/{1}小时,2:400201:1,[60],10,0,-1,,0,2400,0,0,,0
3005016,3005,3,3005,勤劳之神,累计在线{0}/{1}小时,2:400201:1,[70],10,0,-1,,0,2400,0,0,,0
3005017,3005,3,3005,勤劳之神,累计在线{0}/{1}小时,2:400201:1,[80],10,0,-1,,0,2400,0,0,,0
3005018,3005,3,3005,勤劳之神,累计在线{0}/{1}小时,2:400201:1,[90],10,0,-1,,0,2400,0,0,,0
3005019,3005,3,3005,勤劳之神,累计在线{0}/{1}小时,2:400201:1,[100],10,0,-1,,0,2400,0,0,,0
3005020,3005,3,3005,勤劳之神,累计在线{0}/{1}小时,2:400201:1,[200],10,0,-1,,0,2400,0,0,,0
3005021,3005,3,3005,勤劳之神,累计在线{0}/{1}小时,2:400201:1,[300],10,0,-1,,0,2400,0,0,,0
3005022,3005,3,3005,勤劳之神,累计在线{0}/{1}小时,2:400201:1,[400],10,0,-1,,0,2400,0,0,,0
3005023,3005,3,3005,勤劳之神,累计在线{0}/{1}小时,2:400201:1,[500],10,0,-1,,0,2400,0,0,,0
3005024,3005,3,3005,勤劳之神,累计在线{0}/{1}小时,2:400201:1,[600],10,0,-1,,0,2400,0,0,,0
3005025,3005,3,3005,勤劳之神,累计在线{0}/{1}小时,2:400201:1,[700],10,0,-1,,0,2400,0,0,,0
3005026,3005,3,3005,勤劳之神,累计在线{0}/{1}小时,2:400201:1,[800],10,0,-1,,0,2400,0,0,,0
3005027,3005,3,3005,勤劳之神,累计在线{0}/{1}小时,2:400201:1,[900],10,0,-1,,0,2400,0,0,,0
3005028,3005,3,3005,勤劳之神,累计在线{0}/{1}小时,2:400201:1,[1000],10,0,-1,,0,2400,0,0,,0
3006001,3006,3,3006,球场大亨,累积获得{0}/{1}金币,0.048842593,[10000],10,0,-1,,0,2400,0,0,,0
3006002,3006,3,3006,球场大亨,累积获得{0}/{1}金币,0.066203704,[50000],10,0,-1,,0,2400,0,0,,0
3006003,3006,3,3006,球场大亨,累积获得{0}/{1}金币,0.071990741,[100000],10,0,-1,,0,2400,0,0,,0
3006004,3006,3,3006,球场大亨,累积获得{0}/{1}金币,1:2:20000,[500000],10,0,-1,,0,2400,0,0,,0
3006005,3006,3,3006,球场大亨,累积获得{0}/{1}金币,1:2:25000,[1000000],10,0,-1,,0,2400,0,0,,0
3006006,3006,3,3006,球场大亨,累积获得{0}/{1}金币,1:2:200000,[5000000],10,0,-1,,0,2400,0,0,,0
3006007,3006,3,3006,球场大亨,累积获得{0}/{1}金币,1:2:250000,[10000000],10,0,-1,,0,2400,0,0,,0
3006008,3006,3,3006,球场大亨,累积获得{0}/{1}金币,1:2:2000000,[50000000],10,0,-1,,0,2400,0,0,,0
3006009,3006,3,3006,球场大亨,累积获得{0}/{1}金币,1:2:2500000,[100000000],10,0,-1,,0,2400,0,0,,0
3007001,3007,3,3007,购物车,累积消费{0}/{1}金币,0.048842593,[10000],10,0,-1,,0,2400,0,0,,0
3007002,3007,3,3007,购物车,累积消费{0}/{1}金币,0.066203704,[50000],10,0,-1,,0,2400,0,0,,0
3007003,3007,3,3007,购物车,累积消费{0}/{1}金币,0.071990741,[100000],10,0,-1,,0,2400,0,0,,0
3007004,3007,3,3007,购物车,累积消费{0}/{1}金币,1:2:20000,[500000],10,0,-1,,0,2400,0,0,,0
3007005,3007,3,3007,购物车,累积消费{0}/{1}金币,1:2:25000,[1000000],10,0,-1,,0,2400,0,0,,0
3007006,3007,3,3007,购物车,累积消费{0}/{1}金币,1:2:200000,[5000000],10,0,-1,,0,2400,0,0,,0
3007007,3007,3,3007,购物车,累积消费{0}/{1}金币,1:2:250000,[10000000],10,0,-1,,0,2400,0,0,,0
3007008,3007,3,3007,购物车,累积消费{0}/{1}金币,1:2:2000000,[50000000],10,0,-1,,0,2400,0,0,,0
3007009,3007,3,3007,购物车,累积消费{0}/{1}金币,1:2:2500000,[100000000],10,0,-1,,0,2400,0,0,,0
3008001,3008,3,3008,钻石商人,累积获得{0}/{1}钻石,0.048842593,[10000],10,0,-1,,0,2400,0,0,,0
3008002,3008,3,3008,钻石商人,累积获得{0}/{1}钻石,0.066203704,[50000],10,0,-1,,0,2400,0,0,,0
3008003,3008,3,3008,钻石商人,累积获得{0}/{1}钻石,0.071990741,[100000],10,0,-1,,0,2400,0,0,,0
3008004,3008,3,3008,钻石商人,累积获得{0}/{1}钻石,1:2:20000,[500000],10,0,-1,,0,2400,0,0,,0
3008005,3008,3,3008,钻石商人,累积获得{0}/{1}钻石,1:2:25000,[1000000],10,0,-1,,0,2400,0,0,,0
3008006,3008,3,3008,钻石商人,累积获得{0}/{1}钻石,1:2:200000,[5000000],10,0,-1,,0,2400,0,0,,0
3008007,3008,3,3008,钻石商人,累积获得{0}/{1}钻石,1:2:250000,[10000000],10,0,-1,,0,2400,0,0,,0
3008008,3008,3,3008,钻石商人,累积获得{0}/{1}钻石,1:2:2000000,[50000000],10,0,-1,,0,2400,0,0,,0
3008009,3008,3,3008,钻石商人,累积获得{0}/{1}钻石,1:2:2500000,[100000000],10,0,-1,,0,2400,0,0,,0
3009001,3009,3,3009,挥金如土,累计消费{0}/{1}钻石,0.05462963,[3000],10,0,-1,,0,2400,0,0,,0
3010001,3010,3,3010,招贤纳士,累计招募{0}/{1}次球员,2:400201:1,[50],10,0,2200,,0,2400,0,0,,0
3011001,3011,3,3011,超级球探,累计招募{0}/{1}次球员,2:400201:1,[100],10,0,2200,,0,2400,0,0,,0
3012001,3012,3,3012,梦想成真,累计抽出{0}/{1}个心愿球员,2:400201:1,[20],10,0,2200,,0,2400,0,0,,0
3013001,3013,3,3013,士气激昂,我队同时有10名或以上球员状态达到顶峰,0.05462963,[1],10,0,-1,,0,2400,0,0,,0
3014001,3014,3,3014,突飞猛进,我队某球员完成升品,2:400201:1,[1],10,0,2100,,0,2400,0,0,,0
3015001,3015,3,3015,清理球员,累计解雇{0}/{1}个球员,0.05462963,[30],10,0,2100,,0,2400,0,0,,0
3018001,3018,3,3018,特技达人,累计解锁{0}/{1}个特技,1:01:10,[1],10,0,1600,,0,2400,0,0,,0
3018002,3018,3,3018,特技达人,累计解锁{0}/{1}个特技,1:01:10,[2],10,0,1600,,0,2400,0,0,,0
3018003,3018,3,3018,特技达人,累计解锁{0}/{1}个特技,1:01:10,[3],10,0,1600,,0,2400,0,0,,0
3018004,3018,3,3018,特技达人,累计解锁{0}/{1}个特技,1:01:10,[4],10,0,1600,,0,2400,0,0,,0
3018005,3018,3,3018,特技达人,累计解锁{0}/{1}个特技,1:01:10,[5],10,0,1600,,0,2400,0,0,,0
3018006,3018,3,3018,特技达人,累计解锁{0}/{1}个特技,1:01:10,[7],10,0,1600,,0,2400,0,0,,0
3018007,3018,3,3018,特技达人,累计解锁{0}/{1}个特技,1:01:10,[10],10,0,1600,,0,2400,0,0,,0
3018008,3018,3,3018,特技达人,累计解锁{0}/{1}个特技,1:01:10,[20],10,0,1600,,0,2400,0,0,,0
3018009,3018,3,3018,特技达人,累计解锁{0}/{1}个特技,1:01:10,[30],10,0,1600,,0,2400,0,0,,0
3019001,3019,3,3018,龙年·福运星,在2024年龙年红包活动中获得第一名,1:01:10,[1],10,0,-1,,1,2400,0,0,,0
3020001,3020,3,3018,龙年·好运官,在2024年龙年红包活动中获得第二名,1:01:10,[1],10,0,-1,,1,2400,0,0,,0
3021001,3021,3,3018,龙年·好运官,在2024年龙年红包活动中获得第三名,1:01:10,[1],10,0,-1,,1,2400,0,0,,0
3022001,3022,3,3018,龙年·好运到,在2024年龙年红包活动中获得前10名,1:01:10,[1],10,0,-1,,1,2400,0,0,,0
11001001,11001,11,11001001,环球旅行,通关经典赛“简单”难度下的全部关卡。,,[1],0,0,-1,,0,2401,0,1,经典赛,1
11002001,11002,11,11001002,制胜全球,通关经典赛“普通”难度下的全部关卡。,,[1],0,0,-1,,0,2401,0,1,经典赛,1
11003001,11003,11,11001003,制霸全球,通关经典赛“困难”难度下的全部关卡。,,[1],0,0,-1,,0,2401,0,1,经典赛,1
12001001,12001,11,11002001,投篮好手,初级投手，投篮大赛周榜中获得4-10的名次。,,[1],0,0,-1,,0,2401,1,2,投篮大赛,0
12002001,12002,11,11002002,投篮能手,中级投手，投篮大赛大赛周榜中获得2-3的名次,,[1],0,0,-1,,0,2401,1,2,投篮大赛,0
12003001,12003,11,11002003,投篮冠军,高级投手，投篮大赛周榜中获得冠军。,,[1],0,0,-1,,0,2401,1,2,投篮大赛,0
13001001,13001,12,12001001,铜杯,排位赛中获得4-10名。,,[1],0,0,-1,,0,2401,1,3,排位赛,0
13002001,13002,12,12001002,银杯,排位赛中获得2-3名。,,[1],0,0,-1,,0,2401,1,3,排位赛,0
13003001,13003,12,12001003,金杯,排位赛中获得第一名。,,[1],0,0,-1,,0,2401,1,3,排位赛,0
14001001,14001,12,12002001,联赛冠军,获得联赛冠军。,,[1],0,0,-1,,0,2401,1,4,联赛,0
14002001,14002,12,12003001,得分王,联赛中球队球员获得得分王。,,[1],0,0,-1,,0,2401,1,5,联赛,0
14003001,14003,12,12004001,助攻王,联赛中球队球员获得助攻王。,,[1],0,0,-1,,0,2401,1,6,联赛,0
14004001,14004,12,12005001,抢断王,联赛中球队球员获得抢断王。,,[1],0,0,-1,,0,2401,1,7,联赛,0
14005001,14005,12,12006001,盖帽王,联赛中球队球员获得盖帽王。,,[1],0,0,-1,,0,2401,1,8,联赛,0
14006001,14006,12,12007001,篮板王,联赛中球队球员获得篮板王。,,[1],0,0,-1,,0,2401,1,9,联赛,0
15001001,15001,11,11003001,赛区32强,百分大战淘汰赛中获得赛区32强。,,[1],0,0,-1,,0,2401,1,10,百分大战,0
15002001,15002,11,11003002,赛区16强,百分大战淘汰赛中获得赛区16强。,,[1],0,0,-1,,0,2401,1,10,百分大战,0
15003001,15003,11,11003003,赛区8强,百分大战淘汰赛中获得赛区8强。,,[1],0,0,-1,,0,2401,1,10,百分大战,0
15004001,15004,11,11003004,赛区4强,百分大战淘汰赛中获得赛区4强。,,[1],0,0,-1,,0,2401,1,10,百分大战,0
15005001,15005,11,11003005,赛区冠军,百分大战淘汰赛中获得赛区冠军。,,[1],0,0,-1,,0,2401,1,10,百分大战,0
16001001,16001,12,12008001,总决赛4强,百分大战总决赛中获得赛区4强。,,[1],0,0,-1,,0,2401,1,11,百分大战,0
16002001,16002,12,12008002,总决赛亚军,百分大战总决赛中获得赛区亚军。,,[1],0,0,-1,,0,2401,1,11,百分大战,0
16003001,16003,12,12008003,总决赛冠军,百分大战总决赛中获得赛区冠军。,,[1],0,0,-1,,0,2401,1,11,百分大战,0
17001001,17001,13,17001001,劳动节旅行纪念,在2024年旅行活动中走完全程。,,[1],0,0,-1,,0,3015,0,12,旅行纪念,0
17002001,17002,13,17002001,端午纪念,2024年端午节龙舟助力纪念。,,[1],0,0,-1,,0,3015,0,13,端午纪念,0
