Id,Name,Icon,Desc,Quality,Type,Param1,Param2,Price,ExpirationTime,StackNum,Uselv
1,钻石,1,可以直接购买商城中的珍贵物品。,5,0,0,0,10,0,999,0
2,金币,200102,装备突破，升星、升品等等需要的稀有物品。,3,0,0,0,10,0,999,0
3,训练经验,3,训练经验,3,0,0,0,10,0,999,0
4,球队经验,4,球队升级的经验，在经典赛，剧情赛中都可以获得经验。,4,0,0,0,10,0,999,0
5,球员经验,5,球员经验，在经典赛、剧情赛中可以获得球员经验，使用球员经验书可以获得大量经验。,4,0,0,0,10,0,999,0
6,体力,6,参加经典赛、剧情赛都会消耗体力，使用体力道具可恢复体力。,5,0,0,0,10,0,999,0
100101,红宝石,400101,集齐7色宝石可以召唤神龙。,3,0,0,0,10,0,999,0
100102,橙宝石,400102,集齐7色宝石可以召唤神龙。,3,0,0,0,10,0,999,0
100103,黄宝石,400103,集齐7色宝石可以召唤神龙。,3,0,0,0,10,0,999,0
100104,初级经验书,100104,可给球员提供20经验。,2,6,20,0,10,0,9999,0
100105,中级经验书,100105,可给球员提供100经验。,3,6,100,0,10,0,9999,0
100106,高级经验书,100106,可给球员提供500经验。,4,6,500,0,10,0,9999,0
100107,特级经验书,100107,可给球员提供5000经验。,5,6,5000,0,10,0,9999,0
100108,装备进阶石,100108,球员装备升阶时的道具。,5,1,100108,0,10,0,9999,0
100109,殿堂荣誉,100109,通过篮球殿堂获得的高级货币，可在殿堂商店购买物品。,5,0,100109,0,10,0,999999,0
100110,应援哨子,100110,可以在百分大战中应援自己心仪的球队。,5,0,100110,0,10,0,99999,0
200101,封测福利包,200101,测试的各种福利道具，助您打造最强球队。,4,2,200101,0,10,0,999,0
200102,大量金币,200102,使用后获得大量金币。,4,2,200102,0,10,0,999,0
200103,天命包,200101,打开获得必定获得50钻石，有概率额外获得宝石。,4,2,200103,0,10,0,999,0
200104,联赛礼包,200104,打开获得以下奖励中的随机一项：橙色球员碎片*1，橙色球员碎片*10，钻石*1000，橙色球员随机卡*1，橙色中锋随机卡*1。,4,2,200104,0,10,0,999,0
200105,杯赛礼包,200105,打开获得以下奖励中的随机一项：橙色球员碎片*1，橙色球员碎片*10，钻石*1000，橙色球员随机卡*1，橙色前锋随机卡*1。,4,2,200105,0,10,0,999,0
200106,冠军赛礼包,200106,打开获得以下奖励中的随机一项：橙色球员碎片*1，橙色球员碎片*10，钻石*1000，橙色球员随机卡*1，橙色后卫随机卡*1。,4,2,200105,0,10,0,999,0
200107,经验书,200107,打开后立即获得挂机10分钟的训练经验收益。,2,2,200107,0,10,0,999,0
200108,高级经验书,200108,打开后立即获得挂机1小时的训练经验收益。,3,2,200108,0,10,0,999,0
200109,封测福利包Lv.5,200101,测试的各种福利道具，助您打造最强球队。,4,2,200109,0,10,0,999,5
200110,封测福利包Lv.10,200101,测试的各种福利道具，助您打造最强球队。,4,2,200110,0,10,0,999,10
200111,封测福利包Lv.15,200101,测试的各种福利道具，助您打造最强球队。,4,2,200111,0,10,0,999,15
200112,封测福利包Lv.20,200101,测试的各种福利道具，助您打造最强球队。,4,2,200112,0,10,0,999,20
200113,封测福利包Lv.25,200101,测试的各种福利道具，助您打造最强球队。,4,2,200113,0,10,0,999,25
200114,封测福利包Lv.30,200101,测试的各种福利道具，助您打造最强球队。,4,2,200114,0,10,0,999,30
200115,封测福利包Lv.35,200101,测试的各种福利道具，助您打造最强球队。,4,2,200115,0,10,0,999,35
200116,封测福利包Lv.40,200101,测试的各种福利道具，助您打造最强球队。,4,2,200116,0,10,0,999,40
200117,封测福利包Lv.45,200101,测试的各种福利道具，助您打造最强球队。,4,2,200117,0,10,0,999,45
200118,封测福利包Lv.50,200101,测试的各种福利道具，助您打造最强球队。,4,2,200118,0,10,0,999,50
200119,封测福利包Lv.55,200101,测试的各种福利道具，助您打造最强球队。,4,2,200119,0,10,0,999,55
200120,封测福利包Lv.60,200101,测试的各种福利道具，助您打造最强球队。,4,2,200120,0,10,0,999,60
200201,橙色球员随机卡,200201,打开随机获得当前版本的橙色品质的球员一名。,4,2,200201,0,10,0,999,0
200202,橙色后卫随机卡,200202,打开随机获得橙色品质的后卫一名。,4,2,200202,0,10,0,999,0
200203,橙色前锋随机卡,200203,打开随机获得橙色品质的前锋一名。,4,2,200203,0,10,0,999,0
200204,橙色中锋随机卡,200204,打开随机获得橙色品质的中锋一名。,4,2,200204,0,10,0,999,0
200211,紫色球员随机卡,200211,打开随机获得当前版本的紫色品质的球员一名。,3,2,200211,0,10,0,999,0
200212,紫色后卫随机卡,200212,打开随机获得紫色品质的后卫一名。,3,2,200212,0,10,0,999,0
200213,紫色前锋随机卡,200213,打开随机获得紫色品质的前锋一名。,3,2,200213,0,10,0,999,0
200214,紫色中锋随机卡,200214,打开随机获得紫色品质的中锋一名。,3,2,200214,0,10,0,999,0
200215,绿装材料箱,200216,随机获得1个绿色装备材料。,1,2,200215,0,10,0,999,0
200216,蓝装材料箱,200217,随机获得1个蓝色装备材料。,2,2,200216,0,10,0,999,0
200217,紫装材料箱,200218,随机获得1个紫色装备材料。,3,2,200217,0,10,0,999,0
200218,橙装材料箱,200219,随机获得1个橙色装备材料。,4,2,200218,0,10,0,999,0
200219,红装材料箱1,200220,随机获得1个红色装备材料。,5,2,200219,0,10,0,999,0
200220,红装材料箱2,200220,随机获得1个高级红色装备材料。,5,2,200220,0,10,0,999,0
200221,橙色球员自选卡,200221,可在列表中任选1名橙色球员,4,8,200201,0,10,0,999,0
200222,橙色后卫自选卡,200222,可在列表中任选1名橙色后卫球员,4,8,200202,0,10,0,999,0
200223,橙色前锋自选卡,200223,可在列表中任选1名橙色前锋球员,4,8,200203,0,10,0,999,0
200224,橙色中锋自选卡,200224,可在列表中任选1名橙色中锋球员,4,8,200204,0,10,0,999,0
200225,紫色球员自选卡,200225,可在列表中任选1名紫色球员,3,8,200211,0,10,0,999,0
200226,紫色后卫自选卡,200226,可在列表中任选1名紫色后卫球员,3,8,200212,0,10,0,999,0
200227,紫色前锋自选卡,200227,可在列表中任选1名紫色前锋球员,3,8,200213,0,10,0,999,0
200228,紫色中锋自选卡,200228,可在列表中任选1名紫色中锋球员,3,8,200214,0,10,0,999,0
200229,蓝色球员随机卡,200229,打开随机获得蓝色品质的球员一名,2,2,200229,0,10,0,999,0
200230,蓝色球员自选卡,200230,可在列表中任选1名蓝色球员,2,8,200230,0,10,0,999,0
200231,橙色碎片自选卡,200231,可在已有的橙色球员中任选1名球员的碎片,4,7,26,0,10,0,999,0
200232,紫色碎片自选卡,200232,可在已有的紫色球员中任选1名球员的碎片,3,7,26,0,10,0,999,0
200233,蓝色碎片自选卡,200233,可在已有的蓝色球员中任选1名球员的碎片,2,7,26,0,10,0,999,0
200234,绿色碎片自选卡,200234,可在已有的绿色球员中任选1名球员的碎片,1,7,26,0,10,0,999,0
200235,绿色碎片包,200235,随机获得1个已有的绿色品质球员碎片,1,9,1,0,10,0,999,0
200236,中级碎片包1,200236,随机获得1个第1节爆发的蓝色球员的碎片,2,2,200235,0,10,0,999,0
200237,中级碎片包2,200236,随机获得1个第2节爆发的蓝色球员的碎片,2,2,200235,0,10,0,999,0
200238,中级碎片包3,200236,随机获得1个第3节爆发的蓝色球员的碎片,2,2,200235,0,10,0,999,0
200239,中级碎片包4,200236,随机获得1个第4节爆发的蓝色球员的碎片,2,2,200235,0,10,0,999,0
200240,高级碎片包1,200236,随机获得1个第1节爆发的紫色球员的碎片,3,2,200235,0,10,0,999,0
200241,高级碎片包2,200236,随机获得1个第2节爆发的紫色球员的碎片,3,2,200235,0,10,0,999,0
200242,高级碎片包3,200236,随机获得1个第3节爆发的紫色球员的碎片,3,2,200235,0,10,0,999,0
200243,高级碎片包4,200236,随机获得1个第4节爆发的紫色球员的碎片,3,2,200235,0,10,0,999,0
200244,顶级碎片包1,200236,随机获得1个第1节爆发的橙色球员的碎片,4,2,200235,0,10,0,999,0
200245,顶级碎片包2,200236,随机获得1个第2节爆发的橙色球员的碎片,4,2,200235,0,10,0,999,0
200246,顶级碎片包3,200236,随机获得1个第3节爆发的橙色球员的碎片,4,2,200235,0,10,0,999,0
200247,顶级碎片包4,200236,随机获得1个第4节爆发的橙色球员的碎片,4,2,200235,0,10,0,999,0
200248,蓝级碎片包,200235,随机获得1个已有的蓝色品质球员碎片,2,9,2,0,10,0,999,0
200249,紫色碎片包,200235,随机获得1个已有的紫色品质球员碎片,3,9,3,0,10,0,999,0
200250,橙色碎片包,200235,随机获得1个已有的橙色品质球员碎片,4,9,4,0,10,0,999,0
200251,封测礼包,200101,封测礼包,2,2,200251,0,10,0,999,0
200252,封测礼包,200101,封测礼包,2,2,200252,0,10,0,999,0
200253,封测礼包,200101,封测礼包,2,2,200253,0,10,0,999,0
200254,BUG贡献包,200101,BUG贡献礼包,2,2,200254,0,10,0,999,0
200255,未来之星球员包,200255,随机获得1个紫色品质以下的球员碎片,2,2,200255,0,10,0,999,0
200256,教练赛事包,200256,随机获得体能饮料、教练语录、医疗箱、高级医疗箱、高级体能饮料、高级教练语录其中的一个,4,2,200256,0,10,0,999,0
200257,百分赛礼包,200257,打开获得以下奖励中的随机一项：橙色球员碎片*1，橙色球员碎片*10，钻石*1000，橙色球员随机卡*1，橙色分卫随机卡*1。,4,2,200257,0,10,0,999,0
200258,红包（可直接打开）,700002,2024年春节红包，可直接使用。,4,2,200261,0,10,0,999,0
200259,高级教练包,200256,随机获得高级医疗箱、高级体能饮料、高级教练语录其中的一个,4,2,200262,0,10,0,999,0
200260,全明星球员自选碎片,200260,可在2024年CBA全明星阵容中任选1名球员橙色球员的碎片,4,8,200263,0,10,0,999,0
200261,全明星球员随机卡,200261,可在2024年CBA全明星阵容中获得随机1名橙色球员,4,2,200264,0,10,0,999,0
200262,全明星球员自选卡,200262,可在2024年CBA全明星阵容中任选1名橙色球员,4,8,200265,0,10,0,999,0
200263,赛事补给箱,200263,随机获得体能饮料、教练语录、医疗箱的其中一个,3,2,200266,0,10,0,999,0
200264,高级赛事补给箱,200264,随机获得高级体能饮料、高级教练语录、高级医疗箱的其中一个,4,2,200267,0,10,0,999,0
200265,全明星礼包,200265,打开获得以下奖励中的随机一项：全明星球员自选碎片*1、橙色球员碎片*1、红色星晶*1、橙色星晶*1、金币*10000的其中一种,4,2,200268,0,10,0,999,0
304001,易建联碎片,304001,集齐50个易建联碎片，可以合成一个易建联。,4,3,50,104001,40,0,999,0
304002,郭艾伦碎片,304002,集齐50个郭艾伦碎片，可以合成一个郭艾伦。,4,3,50,104002,40,0,999,0
304003,阿不都沙拉木碎片,304003,集齐50个阿不都沙拉木碎片，可以合成一个阿不都沙拉木。,4,3,50,104003,40,0,999,0
304004,赵继伟碎片,304004,集齐50个赵继伟碎片，可以合成一个赵继伟。,4,3,50,104004,40,0,999,0
304005,韩德君碎片,304005,集齐50个韩德君碎片，可以合成一个韩德君。,4,3,50,104005,40,0,999,0
304006,赵睿碎片,304006,集齐50个赵睿碎片，可以合成一个赵睿。,4,3,50,104006,40,0,999,0
304007,胡金秋碎片,304007,集齐50个胡金秋碎片，可以合成一个胡金秋。,4,3,50,104007,40,0,999,0
304008,王哲林碎片,304008,集齐50个王哲林碎片，可以合成一个王哲林。,4,3,50,104008,40,0,999,0
304009,沈梓捷碎片,304009,集齐50个沈梓捷碎片，可以合成一个沈梓捷。,4,3,50,104009,40,0,999,0
304010,张镇麟碎片,304010,集齐50个张镇麟碎片，可以合成一个张镇麟。,4,3,50,104010,40,0,999,0
304011,陶汉林碎片,304011,集齐50个陶汉林碎片，可以合成一个陶汉林。,4,3,50,104011,40,0,999,0
304012,孙铭徽碎片,304012,集齐50个孙铭徽碎片，可以合成一个孙铭徽。,4,3,50,104012,40,0,999,0
304013,周鹏碎片,304013,集齐50个周鹏碎片，可以合成一个周鹏。,4,3,50,104013,40,0,999,0
304014,胡明轩碎片,304014,集齐50个胡明轩碎片，可以合成一个胡明轩。,4,3,50,104014,40,0,999,0
304015,吴冠希碎片,304015,集齐50个吴冠希碎片，可以合成一个吴冠希。,4,3,50,104015,40,0,999,0
304016,吴前碎片,304016,集齐50个吴前碎片，可以合成一个吴前。,4,3,50,104016,40,0,999,0
304017,林庭谦碎片,304017,集齐50个林庭谦碎片，可以合成一个林庭谦。,4,3,50,104017,40,0,999,0
304018,陈盈骏碎片,304018,集齐50个陈盈骏碎片，可以合成一个陈盈骏。,4,3,50,104018,40,0,999,0
304019,葛昭宝碎片,304019,集齐50个葛昭宝碎片，可以合成一个葛昭宝。,4,3,50,104019,40,0,999,0
304020,赵岩昊碎片,304020,集齐50个赵岩昊碎片，可以合成一个赵岩昊。,4,3,50,104020,40,0,999,0
304021,林书豪碎片,304021,集齐50个林书豪碎片，可以合成一个林书豪。,4,3,50,104021,40,0,999,0
304022,范子铭碎片,304022,集齐50个范子铭碎片，可以合成一个范子铭。,4,3,50,104022,40,0,999,0
304023,姜伟泽碎片,304023,集齐50个姜伟泽碎片，可以合成一个姜伟泽。,4,3,50,104023,40,0,999,0
304024,西热力江碎片,304024,集齐50个西热力江碎片，可以合成一个西热力江。,4,3,50,104024,40,0,999,0
304025,高诗岩碎片,304025,集齐50个高诗岩碎片，可以合成一个高诗岩。,4,3,50,104025,40,0,999,0
304026,邹雨宸碎片,304026,集齐50个邹雨宸碎片，可以合成一个邹雨宸。,4,3,50,104026,40,0,999,0
304027,贺希宁碎片,304027,集齐50个贺希宁碎片，可以合成一个贺希宁。,4,3,50,104027,40,0,999,0
304028,顾全碎片,304028,集齐50个顾全碎片，可以合成一个顾全。,4,3,50,104028,40,0,999,0
304029,陈林坚碎片,304029,集齐50个陈林坚碎片，可以合成一个陈林坚。,4,3,50,104029,40,0,999,0
304030,姜宇星碎片,304030,集齐50个姜宇星碎片，可以合成一个姜宇星。,4,3,50,104030,40,0,999,0
304031,崔永熙碎片,304031,集齐50个崔永熙碎片，可以合成一个崔永熙。,4,3,50,104031,40,0,999,0
304032,曾凡博碎片,304032,集齐50个曾凡博碎片，可以合成一个曾凡博。,4,3,50,104032,40,0,999,0
304033,林葳碎片,304033,集齐50个林葳碎片，可以合成一个林葳。,4,3,50,104033,40,0,999,0
304034,程帅澎碎片,304034,集齐50个程帅澎碎片，可以合成一个程帅澎。,4,3,50,104034,40,0,999,0
304035,周琦碎片,304035,集齐50个周琦碎片，可以合成一个周琦。,4,3,50,104035,40,0,999,0
304036,陈国豪碎片,304036,集齐50个陈国豪碎片，可以合成一个陈国豪。,4,3,50,104036,40,0,999,0
304037,邹阳碎片,304037,集齐50个邹阳碎片，可以合成一个邹阳。,4,3,50,104037,40,0,999,0
304038,杨瀚森碎片,304038,集齐50个杨瀚森碎片，可以合成一个杨瀚森。,4,3,50,104038,40,0,999,0
304039,巅峰·李晓旭碎片,304039,集齐50个巅峰·李晓旭碎片，可以合成一个巅峰·李晓旭。,4,3,50,104039,40,0,999,0
304040,全明星·赵睿碎片,304040,集齐50个全明星·赵睿碎片，可以合成一个全明星·赵睿。,4,3,50,104040,40,0,999,0
304041,全明星·胡明轩碎片,304041,集齐50个全明星·胡明轩碎片，可以合成一个全明星·胡明轩。,4,3,50,104041,40,0,999,0
304042,全明星·张镇麟碎片,304042,集齐50个全明星·张镇麟碎片，可以合成一个全明星·张镇麟。,4,3,50,104042,40,0,999,0
304043,全明星·崔永熙碎片,304043,集齐50个全明星·崔永熙碎片，可以合成一个全明星·崔永熙。,4,3,50,104043,40,0,999,0
304044,全明星·阿不都沙拉木碎片,304044,集齐50个全明星·阿不都沙拉木碎片，可以合成一个全明星·阿不都沙拉木。,4,3,50,104044,40,0,999,0
304045,全明星·胡金秋碎片,304045,集齐50个全明星·胡金秋碎片，可以合成一个全明星·胡金秋。,4,3,50,104045,40,0,999,0
304046,全明星·赵继伟,304046,集齐50个全明星·赵继伟碎片，可以合成一个全明星·赵继伟。,4,3,50,104046,40,0,999,0
304047,全明星·孙铭徽,304047,集齐50个全明星·孙铭徽碎片，可以合成一个全明星·孙铭徽。,4,3,50,104047,40,0,999,0
303001,余嘉豪碎片,303001,集齐30个余嘉豪碎片，可以合成一个余嘉豪。,3,3,30,103001,30,0,999,0
303002,钟诚碎片,303002,集齐30个钟诚碎片，可以合成一个钟诚。,3,3,30,103002,30,0,999,0
303003,刘东碎片,303003,集齐30个刘东碎片，可以合成一个刘东。,3,3,30,103003,30,0,999,0
303004,王奕博碎片,303004,集齐30个王奕博碎片，可以合成一个王奕博。,3,3,30,103004,30,0,999,0
303005,于德豪碎片,303005,集齐30个于德豪碎片，可以合成一个于德豪。,3,3,30,103005,30,0,999,0
303006,袁堂文碎片,303006,集齐30个袁堂文碎片，可以合成一个袁堂文。,3,3,30,103006,30,0,999,0
303007,黎伊扬碎片,303007,集齐30个黎伊扬碎片，可以合成一个黎伊扬。,3,3,30,103007,30,0,999,0
303008,王洪碎片,303008,集齐30个王洪碎片，可以合成一个王洪。,3,3,30,103008,30,0,999,0
303009,李原宇碎片,303009,集齐30个李原宇碎片，可以合成一个李原宇。,3,3,30,103009,30,0,999,0
303010,徐杰碎片,303010,集齐30个徐杰碎片，可以合成一个徐杰。,3,3,30,103010,30,0,999,0
303011,祝铭震碎片,303011,集齐30个祝铭震碎片，可以合成一个祝铭震。,3,3,30,103011,30,0,999,0
303012,李慕豪碎片,303012,集齐30个李慕豪碎片，可以合成一个李慕豪。,3,3,30,103012,30,0,999,0
303013,任骏飞碎片,303013,集齐30个任骏飞碎片，可以合成一个任骏飞。,3,3,30,103013,30,0,999,0
303014,孟子凯碎片,303014,集齐30个孟子凯碎片，可以合成一个孟子凯。,3,3,30,103014,30,0,999,0
303015,朱旭航碎片,303015,集齐30个朱旭航碎片，可以合成一个朱旭航。,3,3,30,103015,30,0,999,0
303016,廖三宁碎片,303016,集齐30个廖三宁碎片，可以合成一个廖三宁。,3,3,30,103016,30,0,999,0
303017,李炎哲碎片,303017,集齐30个李炎哲碎片，可以合成一个李炎哲。,3,3,30,103017,30,0,999,0
303018,李安碎片,303018,集齐30个李安碎片，可以合成一个李安。,3,3,30,103018,30,0,999,0
303019,张帆碎片,303019,集齐30个张帆碎片，可以合成一个张帆。,3,3,30,103019,30,0,999,0
303020,邢志强碎片,303020,集齐30个邢志强碎片，可以合成一个邢志强。,3,3,30,103020,30,0,999,0
303021,韩硕碎片,303021,集齐30个韩硕碎片，可以合成一个韩硕。,3,3,30,103021,30,0,999,0
303022,鲁吐布拉碎片,303022,集齐30个鲁吐布拉碎片，可以合成一个鲁吐布拉。,3,3,30,103022,30,0,999,0
303023,张兆旭碎片,303023,集齐30个张兆旭碎片，可以合成一个张兆旭。,3,3,30,103023,30,0,999,0
303024,崔晓龙碎片,303024,集齐30个崔晓龙碎片，可以合成一个崔晓龙。,3,3,30,103024,30,0,999,0
303025,翟晓川碎片,303025,集齐30个翟晓川碎片，可以合成一个翟晓川。,3,3,30,103025,30,0,999,0
303026,王子瑞碎片,303026,集齐30个王子瑞碎片，可以合成一个王子瑞。,3,3,30,103026,30,0,999,0
303027,赵率舟碎片,303027,集齐30个赵率舟碎片，可以合成一个赵率舟。,3,3,30,103027,30,0,999,0
303028,方硕碎片,303028,集齐30个方硕碎片，可以合成一个方硕。,3,3,30,103028,30,0,999,0
303029,赵柏清碎片,303029,集齐30个赵柏清碎片，可以合成一个赵柏清。,3,3,30,103029,30,0,999,0
303030,刘铮碎片,303030,集齐30个刘铮碎片，可以合成一个刘铮。,3,3,30,103030,30,0,999,0
303031,齐麟碎片,303031,集齐30个齐麟碎片，可以合成一个齐麟。,3,3,30,103031,30,0,999,0
303032,景菡一碎片,303032,集齐30个景菡一碎片，可以合成一个景菡一。,3,3,30,103032,30,0,999,0
303033,王少杰碎片,303033,集齐30个王少杰碎片，可以合成一个王少杰。,3,3,30,103033,30,0,999,0
303034,李晓旭碎片,303034,集齐30个李晓旭碎片，可以合成一个李晓旭。,3,3,30,103034,30,0,999,0
303035,焦海龙碎片,303035,集齐30个焦海龙碎片，可以合成一个焦海龙。,3,3,30,103035,30,0,999,0
303036,俞长栋碎片,303036,集齐30个俞长栋碎片，可以合成一个俞长栋。,3,3,30,103036,30,0,999,0
303037,朱俊龙碎片,303037,集齐30个朱俊龙碎片，可以合成一个朱俊龙。,3,3,30,103037,30,0,999,0
303038,李江淮碎片,303038,集齐30个李江淮碎片，可以合成一个李江淮。,3,3,30,103038,30,0,999,0
303039,任骏威碎片,303039,集齐30个任骏威碎片，可以合成一个任骏威。,3,3,30,103039,30,0,999,0
303040,崔晋铭碎片,303040,集齐30个崔晋铭碎片，可以合成一个崔晋铭。,3,3,30,103040,30,0,999,0
303041,王岚嵚碎片,303041,集齐30个王岚嵚碎片，可以合成一个王岚嵚。,3,3,30,103041,30,0,999,0
303042,陆文博碎片,303042,集齐30个陆文博碎片，可以合成一个陆文博。,3,3,30,103042,30,0,999,0
302001,张彪碎片,302001,集齐10个张彪碎片，可以合成一个张彪。,2,3,10,102001,20,0,999,0
302002,史鸿飞碎片,302002,集齐10个史鸿飞碎片，可以合成一个史鸿飞。,2,3,10,102002,20,0,999,0
302003,时德帅碎片,302003,集齐10个时德帅碎片，可以合成一个时德帅。,2,3,10,102003,20,0,999,0
302004,张宁碎片,302004,集齐30个张宁碎片，可以合成一个张宁。,3,3,30,102004,30,0,999,0
302005,原帅碎片,302005,集齐30个原帅碎片，可以合成一个原帅。,3,3,30,102005,30,0,999,0
302006,陈培东碎片,302006,集齐10个陈培东碎片，可以合成一个陈培东。,2,3,10,102006,20,0,999,0
302007,金鑫碎片,302007,集齐10个金鑫碎片，可以合成一个金鑫。,2,3,10,102007,20,0,999,0
302008,黄毅超碎片,302008,集齐10个黄毅超碎片，可以合成一个黄毅超。,2,3,10,102008,20,0,999,0
302009,刘泽一碎片,302009,集齐10个刘泽一碎片，可以合成一个刘泽一。,2,3,10,102009,20,0,999,0
302010,李柏润碎片,302010,集齐10个李柏润碎片，可以合成一个李柏润。,2,3,10,102010,20,0,999,0
302011,丁彦雨航碎片,302011,集齐10个丁彦雨航碎片，可以合成一个丁彦雨航。,2,3,10,102011,20,0,999,0
302012,张殿梁碎片,302012,集齐10个张殿梁碎片，可以合成一个张殿梁。,2,3,10,102012,20,0,999,0
302013,贾诚碎片,302013,集齐10个贾诚碎片，可以合成一个贾诚。,2,3,10,102013,20,0,999,0
302014,罗汉琛碎片,302014,集齐10个罗汉琛碎片，可以合成一个罗汉琛。,2,3,10,102014,20,0,999,0
302015,王睿泽碎片,302015,集齐10个王睿泽碎片，可以合成一个王睿泽。,2,3,10,102015,20,0,999,0
302016,朱荣振碎片,302016,集齐10个朱荣振碎片，可以合成一个朱荣振。,2,3,10,102016,20,0,999,0
302017,李禄曈碎片,302017,集齐10个李禄曈碎片，可以合成一个李禄曈。,2,3,10,102017,20,0,999,0
301001,张祖铭碎片,301001,集齐5个张祖铭碎片，可以合成一个张祖铭。,1,3,5,101001,10,0,999,0
301002,马振翔碎片,301002,集齐5个马振翔碎片，可以合成一个马振翔。,1,3,5,101002,10,0,999,0
301003,朱彦西碎片,301003,集齐5个朱彦西碎片，可以合成一个朱彦西。,1,3,5,101003,10,0,999,0
301004,容子峰碎片,301004,集齐5个容子峰碎片，可以合成一个容子峰。,1,3,5,101004,10,0,999,0
301005,王仔路碎片,301005,集齐5个王仔路碎片，可以合成一个王仔路。,1,3,5,101005,10,0,999,0
301006,赵嘉仁碎片,301006,集齐5个赵嘉仁碎片，可以合成一个赵嘉仁。,1,3,5,101006,10,0,999,0
301007,郭金林碎片,301007,集齐5个郭金林碎片，可以合成一个郭金林。,1,3,5,101007,10,0,999,0
301008,赵嘉义碎片,301008,集齐5个赵嘉义碎片，可以合成一个赵嘉义。,1,3,5,101008,10,0,999,0
301009,田宇恒碎片,301009,集齐5个田宇恒碎片，可以合成一个田宇恒。,1,3,5,101009,10,0,999,0
301010,赵俊峰碎片,301010,集齐5个赵俊峰碎片，可以合成一个赵俊峰。,1,3,5,101010,10,0,999,0
301011,邬挺嘉碎片,301011,集齐5个邬挺嘉碎片，可以合成一个邬挺嘉。,1,3,5,101011,10,0,999,0
301012,贾昊碎片,301012,集齐5个贾昊碎片，可以合成一个贾昊。,1,3,5,101012,10,0,999,0
301013,王化东碎片,301013,集齐5个王化东碎片，可以合成一个王化东。,1,3,5,101013,10,0,999,0
301014,杨金蒙碎片,301014,集齐5个杨金蒙碎片，可以合成一个杨金蒙。,1,3,5,101014,10,0,999,0
301015,刘志轩碎片,301015,集齐5个刘志轩碎片，可以合成一个刘志轩。,1,3,5,101015,10,0,999,0
301016,朱传宇碎片,301016,集齐5个朱传宇碎片，可以合成一个朱传宇。,1,3,5,101016,10,0,999,0
301017,孟天艺碎片,301017,集齐5个孟天艺碎片，可以合成一个孟天艺。,1,3,5,101017,10,0,999,0
400101,红色星晶,400101,可用于红色品质球员的升星。,5,4,21,0,10,0,999,0
400102,橙色星晶,400102,可用于橙色品质球员的升星。,4,4,21,0,10,0,999,0
400103,紫色星晶,400103,可用于紫色品质球员的升星。,3,4,21,0,10,0,999,0
400104,蓝色星晶,400104,可用于蓝色品质球员的升星。,2,4,21,0,10,0,999,0
400105,绿色星晶,400105,可用于绿色品质球员的升星。,1,4,21,0,10,0,999,0
400151,橙色星石,400151,可用于橙色品质球员升品至红色品质。,4,4,21,0,10,0,999,0
400152,紫色星石,400152,可用于紫色品质球员升品至橙色品质。,3,4,21,0,10,0,999,0
400153,蓝色星石,400153,可用于蓝色品质球员升品至紫色品质。,2,4,21,0,10,0,999,0
400154,绿色星石,400154,可用于绿色品质球员升品至蓝色品质。,1,4,21,0,10,0,999,0
400201,球探契约,400201,特殊物品，可用于球员招募。,4,4,20,0,10,0,999,0
400202,体能饮料,400202,特殊物品，可用于给球员补充50点体能。,3,4,21,50,10,0,999,0
400203,裁判手札,400203,特殊物品，可用于清除球员的禁赛。,4,4,21,0,10,0,999,0
400204,教练语录,400204,特殊物品，可用于提升球员的状态到普通。,3,4,21,3,10,0,999,0
400205,特技秘钥,400205,特殊物品，可用于解锁特技训练的坑位。,4,4,10,0,10,0,999,0
400206,医疗箱,400206,减少伤病恢复时间6小时。,3,4,21,21600,10,0,999,0
400207,高级医疗箱,400207,减少伤病恢复时间24小时。,4,4,21,86400,10,0,999,0
400208,高级体能饮料,400208,特殊物品，可用于给球员补充100点体能。,4,4,21,100,10,0,999,0
400209,高级教练语录,400209,特殊物品，可用于提升球员的状态到顶峰。,4,4,21,5,10,0,999,0
400210,资深球探契约,400210,特殊物品，可用于活动期间的球员招募。,4,4,20,0,10,0,999,0
400251,红色技能书,400251,可用于红色品质技能的升级。,5,4,21,0,10,0,999,0
400252,橙色技能书,400252,可用于红色品质技能的升级。,4,4,21,0,10,0,999,0
400253,紫色技能书,400253,可用于红色品质技能的升级。,3,4,21,0,10,0,999,0
400301,改名卡,400301,特殊物品，可修改玩家俱乐部名称。,4,4,15,0,10,0,999,0
400401,战术卡,400401,特殊物品，可用于升级球队战术。,3,4,22,0,10,0,999,0
400402,混合防守卡,400402,凑齐10个可激活混合防守战术。,3,4,22,0,10,0,999,0
400403,联合防守卡,400403,凑齐10个可激活联合防守战术。,3,4,22,0,10,0,999,0
400404,紧逼防守卡,400404,凑齐10个可激活紧逼防守战术。,3,4,22,0,10,0,999,0
400405,挡拆进攻卡,400405,凑齐10个可激活挡拆进攻战术。,3,4,22,0,10,0,999,0
400406,老鹰进攻卡,400406,凑齐10个可激活老鹰进攻战术。,3,4,22,0,10,0,999,0
400407,跑轰进攻卡,400407,凑齐10个可激活跑轰进攻战术。,3,4,22,0,10,0,999,0
400501,竞技币,400501,特殊物品，可用于竞技场商店兑换物品。,3,4,23,0,10,0,99999,0
400502,合同碎片,400502,凑齐一定数量合同碎片可在球探商城兑换球员。,5,4,24,0,10,0,99999999,0
400503,联赛银币,400503,给联赛优秀者的奖励，可以兑换珍贵道具。,5,4,24,0,10,0,99999999,0
400504,联赛金币,400504,给联赛佼佼者的奖励，可以兑换极品道具。,5,4,24,0,10,0,99999999,0
501001,橙色球员碎片,501001,集齐50个橙色球员碎片，可以合成1张橙色球员随机卡。,4,5,50,200201,10,0,999,0
501002,橙色后卫碎片,501002,集齐50个橙色后卫碎片，可以合成1张橙色后卫随机卡。,4,5,50,200202,10,0,999,0
501003,橙色前锋碎片,501003,集齐50个橙色前锋碎片，可以合成1张橙色前锋随机卡。,4,5,50,200203,10,0,999,0
501004,橙色中锋碎片,501004,集齐50个橙色中锋碎片，可以合成1张橙色中锋随机卡。,4,5,50,200204,10,0,999,0
501011,紫色球员碎片,501011,集齐30个紫色球员碎片，可以合成1张紫色球员随机卡。,3,5,30,200211,10,0,999,0
501012,紫色后卫碎片,501012,集齐50个紫色后卫碎片，可以合成1张紫色后卫随机卡。,3,5,30,200212,10,0,999,0
501013,紫色前锋碎片,501013,集齐50个紫色前锋碎片，可以合成1张紫色前锋随机卡。,3,5,30,200213,10,0,999,0
501014,紫色中锋碎片,501014,集齐30个紫色中锋碎片，可以合成1张紫色中锋随机卡。,3,5,30,200214,10,0,999,0
700101,鼠年信物,700101,活动专属。,3,1,0,0,10,0,999,0
600101,新手头带碎片,600101,[碎片]拥有领袖气质的头带，除了保护头部。,1,6,0,0,10,0,99999,0
600102,新手牙套碎片,600102,[碎片]保护牙齿不受撞击脱落。,1,6,0,0,10,0,99999,0
600103,新手护腕碎片,600103,[碎片]保护手腕周围的肌腱、韧带，防止损伤。,1,6,0,0,10,0,99999,0
600104,新手护目碎片,600104,[碎片]保护眼睛，远离黑拳。,1,6,0,0,10,0,99999,0
600105,新手球鞋碎片,600105,[碎片]有飞人球鞋加持，无论是速度还是弹跳都更上一层楼。,1,6,0,0,10,0,99999,0
600106,新手护指碎片,600106,[碎片]在手指受到强烈的冲击时，保护手指不受扭伤。,1,6,0,0,10,0,99999,0
600107,新手护肘碎片,600107,[碎片]预防关节损伤、增强局部力量。,1,6,0,0,10,0,99999,0
600108,新手护膝碎片,600108,[碎片]预防膝关节扭伤和强烈撞击。,1,6,0,0,10,0,99999,0
600109,新手护腰碎片,600109,[碎片]强烈对抗的时候保护腰部，减少受伤风险。,1,6,0,0,10,0,99999,0
600110,新手护额碎片,600110,[碎片]激烈对抗中减少头部被撞击的冲击力。,1,6,0,0,10,0,99999,0
600201,见习头带碎片,600101,[碎片]拥有领袖气质的头带，除了保护头部。,2,6,0,0,10,0,99999,0
600202,见习牙套碎片,600102,[碎片]保护牙齿不受撞击脱落。,2,6,0,0,10,0,99999,0
600203,见习护腕碎片,600103,[碎片]保护手腕周围的肌腱、韧带，防止损伤。,2,6,0,0,10,0,99999,0
600204,见习护目碎片,600104,[碎片]保护眼睛，远离黑拳。,2,6,0,0,10,0,99999,0
600205,见习球鞋碎片,600105,[碎片]有飞人球鞋加持，无论是速度还是弹跳都更上一层楼。,2,6,0,0,10,0,99999,0
600206,见习护指碎片,600106,[碎片]在手指受到强烈的冲击时，保护手指不受扭伤。,2,6,0,0,10,0,99999,0
600207,见习护肘碎片,600107,[碎片]预防关节损伤、增强局部力量。,2,6,0,0,10,0,99999,0
600208,见习护膝碎片,600108,[碎片]预防膝关节扭伤和强烈撞击。,2,6,0,0,10,0,99999,0
600209,见习护腰碎片,600109,[碎片]强烈对抗的时候保护腰部，减少受伤风险。,2,6,0,0,10,0,99999,0
600210,见习护额碎片,600110,[碎片]激烈对抗中减少头部被撞击的冲击力。,2,6,0,0,10,0,99999,0
600301,常规头带碎片,600101,[碎片]拥有领袖气质的头带，除了保护头部。,3,6,0,0,10,0,99999,0
600302,常规牙套碎片,600102,[碎片]保护牙齿不受撞击脱落。,3,6,0,0,10,0,99999,0
600303,常规护腕碎片,600103,[碎片]保护手腕周围的肌腱、韧带，防止损伤。,3,6,0,0,10,0,99999,0
600304,常规护目碎片,600104,[碎片]保护眼睛，远离黑拳。,3,6,0,0,10,0,99999,0
600305,常规球鞋碎片,600105,[碎片]有飞人球鞋加持，无论是速度还是弹跳都更上一层楼。,3,6,0,0,10,0,99999,0
600306,常规护指碎片,600106,[碎片]在手指受到强烈的冲击时，保护手指不受扭伤。,3,6,0,0,10,0,99999,0
600307,常规护肘碎片,600107,[碎片]预防关节损伤、增强局部力量。,3,6,0,0,10,0,99999,0
600308,常规护膝碎片,600108,[碎片]预防膝关节扭伤和强烈撞击。,3,6,0,0,10,0,99999,0
600309,常规护腰碎片,600109,[碎片]强烈对抗的时候保护腰部，减少受伤风险。,3,6,0,0,10,0,99999,0
600310,常规护额碎片,600110,[碎片]激烈对抗中减少头部被撞击的冲击力。,3,6,0,0,10,0,99999,0
600401,精英头带碎片,600101,[碎片]拥有领袖气质的头带，除了保护头部。,4,6,0,0,10,0,99999,0
600402,精英牙套碎片,600102,[碎片]保护牙齿不受撞击脱落。,4,6,0,0,10,0,99999,0
600403,精英护腕碎片,600103,[碎片]保护手腕周围的肌腱、韧带，防止损伤。,4,6,0,0,10,0,99999,0
600404,精英护目碎片,600104,[碎片]保护眼睛，远离黑拳。,4,6,0,0,10,0,99999,0
600405,精英球鞋碎片,600105,[碎片]有飞人球鞋加持，无论是速度还是弹跳都更上一层楼。,4,6,0,0,10,0,99999,0
600406,精英护指碎片,600106,[碎片]在手指受到强烈的冲击时，保护手指不受扭伤。,4,6,0,0,10,0,99999,0
600407,精英护肘碎片,600107,[碎片]预防关节损伤、增强局部力量。,4,6,0,0,10,0,99999,0
600408,精英护膝碎片,600108,[碎片]预防膝关节扭伤和强烈撞击。,4,6,0,0,10,0,99999,0
600409,精英护腰碎片,600109,[碎片]强烈对抗的时候保护腰部，减少受伤风险。,4,6,0,0,10,0,99999,0
600410,精英护额碎片,600110,[碎片]激烈对抗中减少头部被撞击的冲击力。,4,6,0,0,10,0,99999,0
600501,大师头带碎片,600101,[碎片]拥有领袖气质的头带，除了保护头部。,5,6,0,0,10,0,99999,0
600502,大师牙套碎片,600102,[碎片]保护牙齿不受撞击脱落。,5,6,0,0,10,0,99999,0
600503,大师护腕碎片,600103,[碎片]保护手腕周围的肌腱、韧带，防止损伤。,5,6,0,0,10,0,99999,0
600504,大师护目碎片,600104,[碎片]保护眼睛，远离黑拳。,5,6,0,0,10,0,99999,0
600505,大师球鞋碎片,600105,[碎片]有飞人球鞋加持，无论是速度还是弹跳都更上一层楼。,5,6,0,0,10,0,99999,0
600506,大师护指碎片,600106,[碎片]在手指受到强烈的冲击时，保护手指不受扭伤。,5,6,0,0,10,0,99999,0
600507,大师护肘碎片,600107,[碎片]预防关节损伤、增强局部力量。,5,6,0,0,10,0,99999,0
600508,大师护膝碎片,600108,[碎片]预防膝关节扭伤和强烈撞击。,5,6,0,0,10,0,99999,0
600509,大师护腰碎片,600109,[碎片]强烈对抗的时候保护腰部，减少受伤风险。,5,6,0,0,10,0,99999,0
600510,大师护额碎片,600110,[碎片]激烈对抗中减少头部被撞击的冲击力。,5,6,0,0,10,0,99999,0
600601,王者头带碎片,600101,[碎片]拥有领袖气质的头带，除了保护头部。,5,6,0,0,10,0,99999,0
600602,王者牙套碎片,600102,[碎片]保护牙齿不受撞击脱落。,5,6,0,0,10,0,99999,0
600603,王者护腕碎片,600103,[碎片]保护手腕周围的肌腱、韧带，防止损伤。,5,6,0,0,10,0,99999,0
600604,王者护目碎片,600104,[碎片]保护眼睛，远离黑拳。,5,6,0,0,10,0,99999,0
600605,王者球鞋碎片,600105,[碎片]有飞人球鞋加持，无论是速度还是弹跳都更上一层楼。,5,6,0,0,10,0,99999,0
600606,王者护指碎片,600106,[碎片]在手指受到强烈的冲击时，保护手指不受扭伤。,5,6,0,0,10,0,99999,0
600607,王者护肘碎片,600107,[碎片]预防关节损伤、增强局部力量。,5,6,0,0,10,0,99999,0
600608,王者护膝碎片,600108,[碎片]预防膝关节扭伤和强烈撞击。,5,6,0,0,10,0,99999,0
600609,王者护腰碎片,600109,[碎片]强烈对抗的时候保护腰部，减少受伤风险。,5,6,0,0,10,0,99999,0
600610,王者护额碎片,600110,[碎片]激烈对抗中减少头部被撞击的冲击力。,5,6,0,0,10,0,99999,0
700001,圣诞电池,700001,可在2023年圣诞活动期间前往活动页面开启随机奖励。,5,0,0,0,10,0,99999,0
700002,龙年红包,700002,2024年春节活动期间，使用红包可添加至聚宝盆。活动结束后道具无法使用。,5,0,0,0,10,0,99999,0
700003,旅行骰子,700003,2024年五一活动期间，在活动页面点击“投掷”使用。活动结束后道具无法使用。,5,0,0,0,10,0,99999,0
700004,龙舟鼓,700004,2024年端午活动期间，在活动页面使用，可助力自己所在龙舟队随机前进3-5米。,5,0,0,0,10,0,99999,0
