Id,Type,Name,Subtitle,ProductId,Content,DailyLimit,Limit,Rmb,Dollar,Pic,Pos,Param,Rebate
3001,1,环球体力包,补充体力，再战球场,com.cbaqlyf.ximi.bigbang1.30,1:6:100,5,0,30.0,4.989999771118164,,0,,150
3002,1,装备突破包,装备突破，助力球星,com.cbaqlyf.ximi.bigbang2.68,2:100108:20,5,0,68.0,9.989999771118164,,0,,150
3003,1,球星升品包,球星升品，实力爆发,com.cbaqlyf.ximi.bigbang3.128,2:400154:20,5,0,128.0,19.989999771118164,,0,,150
3004,1,球星急救包,急救包扎，重返赛场,com.cbaqlyf.ximi.bigbang4.198,2:400207:50,5,0,198.0,29.989999771118164,,0,,150
3005,1,球星体力包,补充体力，球场战神,com.cbaqlyf.ximi.bigbang5.198,2:400208:50,5,0,198.0,29.989999771118164,,0,,150
3006,1,教练训话包,教练训诫，提升状态,com.cbaqlyf.ximi.bigbang6.198,2:400209:50,5,0,198.0,29.989999771118164,,0,,150
3007,1,球馆加速包,加速训练，百炼成钢,com.cbaqlyf.ximi.bigbang7.648,2:200108:50|2:200107:300,5,0,648.0,99.98999786376953,,0,,150
3009,2,青铜招募包,,com.cbaqlyf.ximi.bigbang8.6,2:400210:1,0,1,6.0,0.9900000095367432,,0,,600
3010,2,白银招募包,,com.cbaqlyf.ximi.bigbang9.30,2:400210:10,0,2,30.0,4.989999771118164,,0,,999
3011,2,黄金招募包,,com.cbaqlyf.ximi.bigbang10.68,2:400210:10,0,2,68.0,9.989999771118164,,0,,480
3012,2,钻石招募包,,com.cbaqlyf.ximi.bigbang11.128,2:400210:15,5,0,128.0,19.989999771118164,,0,,350
3013,2,星耀招募包,,com.cbaqlyf.ximi.bigbang12.198,2:400210:20,5,0,198.0,29.989999771118164,,0,,300
3014,2,大师招募包,,com.cbaqlyf.ximi.bigbang13.328,2:400210:30,5,0,328.0,49.9900016784668,,0,,280
3015,2,王者招募包,,com.cbaqlyf.ximi.bigbang14.648,2:400210:40,5,0,648.0,99.98999786376953,,0,,200
700101,7001,环球体力包,补充体力，再战球场,com.cbaqlyf.ximi.bigbang15.30,1:1:300|1:6:300,3,0,30.0,4.989999771118164,,0,,500
700102,7001,装备突破包,装备突破，助力球星,com.cbaqlyf.ximi.bigbang16.30,1:1:300|2:100108:20,3,0,30.0,4.989999771118164,,0,,500
700103,7001,球星升品包,球星升品，实力爆发,com.cbaqlyf.ximi.bigbang17.30,1:1:300|2:400154:20,3,0,30.0,4.989999771118164,,0,,500
700104,7001,球星急救包,急救包扎，重返赛场,com.cbaqlyf.ximi.bigbang18.30,1:1:300|2:400207:10,3,0,30.0,4.989999771118164,,0,,500
700105,7001,球星体力包,补充体力，球场战神,com.cbaqlyf.ximi.bigbang19.30,1:1:300|2:400208:10,3,0,30.0,4.989999771118164,,0,,500
700106,7001,教练训话包,教练训诫，提升状态,com.cbaqlyf.ximi.bigbang20.30,1:1:300|2:400209:10,3,0,30.0,4.989999771118164,,0,,500
700107,7001,球馆加速包,加速训练，百炼成钢,com.cbaqlyf.ximi.bigbang21.30,1:1:300|2:200108:10|2:200107:60,3,0,30.0,4.989999771118164,,0,,500
5001001,5001,[中国站]冠军包,招募球星，搭配无解阵容,com.cbaqlyf.ximi.bigbang22.30,2:400201:5|2:200235:10|2:100104:200,0,1,30.0,4.989999771118164,image_5001,-126,,600
5001002,5001,[韩国站]冠军包,招募球星，搭配无解阵容,com.cbaqlyf.ximi.bigbang22.30,2:400201:5|2:200235:10|2:100104:200,0,1,30.0,4.989999771118164,image_5001,-126,,600
5001003,5001,[日本站]冠军包,招募球星，搭配无解阵容,com.cbaqlyf.ximi.bigbang22.30,2:400201:5|2:200235:10|2:100104:200,0,1,30.0,4.989999771118164,image_5001,-126,,600
5001004,5001,[菲律宾站]冠军包,招募球星，搭配无解阵容,com.cbaqlyf.ximi.bigbang22.30,2:400201:5|2:200235:10|2:100104:200,0,1,30.0,4.989999771118164,image_5001,-126,,600
5001005,5001,[泰国站]冠军包,招募球星，搭配无解阵容,com.cbaqlyf.ximi.bigbang22.30,2:400201:5|2:200235:10|2:100104:200,0,1,30.0,4.989999771118164,image_5001,-126,,600
5001006,5001,[印度站]冠军包,招募球星，搭配无解阵容,com.cbaqlyf.ximi.bigbang22.30,2:400201:5|2:200235:10|2:100104:200,0,1,30.0,4.989999771118164,image_5001,-126,,600
5001007,5001,[伊朗站]冠军包,招募球星，搭配无解阵容,com.cbaqlyf.ximi.bigbang22.30,2:400201:5|2:200235:10|2:100104:200,0,1,30.0,4.989999771118164,image_5001,-126,,600
5001008,5001,[安哥拉站]冠军包,招募球星，搭配无解阵容,com.cbaqlyf.ximi.bigbang22.30,2:400201:5|2:200235:10|2:100104:200,0,1,30.0,4.989999771118164,image_5001,-126,,600
5001009,5001,[尼日利亚站]冠军包,招募球星，搭配无解阵容,com.cbaqlyf.ximi.bigbang22.30,2:400201:5|2:200235:10|2:100104:200,0,1,30.0,4.989999771118164,image_5001,-126,,600
5001010,5001,[塞内加尔站]冠军包,招募球星，搭配无解阵容,com.cbaqlyf.ximi.bigbang22.30,2:400201:5|2:200235:10|2:100104:200,0,1,30.0,4.989999771118164,image_5001,-126,,600
5001011,5001,[科特迪瓦站]冠军包,招募球星，搭配无解阵容,com.cbaqlyf.ximi.bigbang22.30,2:400201:5|2:200235:10|2:100104:200,0,1,30.0,4.989999771118164,image_5001,-126,,600
5001012,5001,[埃及站]冠军包,招募球星，搭配无解阵容,com.cbaqlyf.ximi.bigbang22.30,2:400201:5|2:200235:10|2:100104:200,0,1,30.0,4.989999771118164,image_5001,-126,,600
5001013,5001,[喀麦隆站]冠军包,招募球星，搭配无解阵容,com.cbaqlyf.ximi.bigbang22.30,2:400201:5|2:200235:10|2:100104:200,0,1,30.0,4.989999771118164,image_5001,-126,,600
5001014,5001,[摩洛哥站]冠军包,招募球星，搭配无解阵容,com.cbaqlyf.ximi.bigbang22.30,2:400201:5|2:200235:10|2:100104:200,0,1,30.0,4.989999771118164,image_5001,-126,,600
5001015,5001,[中非站]冠军包,招募球星，搭配无解阵容,com.cbaqlyf.ximi.bigbang22.30,2:400201:5|2:200235:10|2:100104:200,0,1,30.0,4.989999771118164,image_5001,-126,,600
5001016,5001,[突尼西亚站]冠军包,招募球星，搭配无解阵容,com.cbaqlyf.ximi.bigbang22.30,2:400201:5|2:200235:10|2:100104:200,0,1,30.0,4.989999771118164,image_5001,-126,,600
5001017,5001,[刚果站]冠军包,招募球星，搭配无解阵容,com.cbaqlyf.ximi.bigbang22.30,2:400201:5|2:200235:10|2:100104:200,0,1,30.0,4.989999771118164,image_5001,-126,,600
5001018,5001,[印第安纳州站]冠军包,招募球星，搭配无解阵容,com.cbaqlyf.ximi.bigbang22.30,2:400201:5|2:200235:10|2:100104:200,0,1,30.0,4.989999771118164,image_5001,-126,,600
5001019,5001,[蒙大拿州站]冠军包,招募球星，搭配无解阵容,com.cbaqlyf.ximi.bigbang22.30,2:400201:5|2:200235:10|2:100104:200,0,1,30.0,4.989999771118164,image_5001,-126,,600
5001020,5001,[加利福尼亚州站]冠军包,招募球星，搭配无解阵容,com.cbaqlyf.ximi.bigbang22.30,2:400201:5|2:200235:10|2:100104:200,0,1,30.0,4.989999771118164,image_5001,-126,,600
5001021,5001,[北卡罗来纳州站]冠军包,招募球星，搭配无解阵容,com.cbaqlyf.ximi.bigbang22.30,2:400201:5|2:200235:10|2:100104:200,0,1,30.0,4.989999771118164,image_5001,-126,,600
5001022,5001,[康涅狄格州站]冠军包,招募球星，搭配无解阵容,com.cbaqlyf.ximi.bigbang22.30,2:400201:5|2:200235:10|2:100104:200,0,1,30.0,4.989999771118164,image_5001,-126,,600
5001023,5001,[宾夕法尼亚州站]冠军包,招募球星，搭配无解阵容,com.cbaqlyf.ximi.bigbang22.30,2:400201:5|2:200235:10|2:100104:200,0,1,30.0,4.989999771118164,image_5001,-126,,600
5001024,5001,[堪萨斯州站]冠军包,招募球星，搭配无解阵容,com.cbaqlyf.ximi.bigbang22.30,2:400201:5|2:200235:10|2:100104:200,0,1,30.0,4.989999771118164,image_5001,-126,,600
5001025,5001,[加拿大站]冠军包,招募球星，搭配无解阵容,com.cbaqlyf.ximi.bigbang22.30,2:400201:5|2:200235:10|2:100104:200,0,1,30.0,4.989999771118164,image_5001,-126,,600
5001026,5001,[古巴站]冠军包,招募球星，搭配无解阵容,com.cbaqlyf.ximi.bigbang22.30,2:400201:5|2:200235:10|2:100104:200,0,1,30.0,4.989999771118164,image_5001,-126,,600
5001027,5001,[墨西哥站]冠军包,招募球星，搭配无解阵容,com.cbaqlyf.ximi.bigbang22.30,2:400201:5|2:200235:10|2:100104:200,0,1,30.0,4.989999771118164,image_5001,-126,,600
5001028,5001,[维京群岛站]冠军包,招募球星，搭配无解阵容,com.cbaqlyf.ximi.bigbang22.30,2:400201:5|2:200235:10|2:100104:200,0,1,30.0,4.989999771118164,image_5001,-126,,600
5001029,5001,[牙买加站]冠军包,招募球星，搭配无解阵容,com.cbaqlyf.ximi.bigbang22.30,2:400201:5|2:200235:10|2:100104:200,0,1,30.0,4.989999771118164,image_5001,-126,,600
5001030,5001,[哥伦比亚站]冠军包,招募球星，搭配无解阵容,com.cbaqlyf.ximi.bigbang22.30,2:400201:5|2:200235:10|2:100104:200,0,1,30.0,4.989999771118164,image_5001,-126,,600
5001031,5001,[巴拉马站]冠军包,招募球星，搭配无解阵容,com.cbaqlyf.ximi.bigbang22.30,2:400201:5|2:200235:10|2:100104:200,0,1,30.0,4.989999771118164,image_5001,-126,,600
5001032,5001,[乌拉圭站]冠军包,招募球星，搭配无解阵容,com.cbaqlyf.ximi.bigbang22.30,2:400201:5|2:200235:10|2:100104:200,0,1,30.0,4.989999771118164,image_5001,-126,,600
5001033,5001,[委内瑞拉站]冠军包,招募球星，搭配无解阵容,com.cbaqlyf.ximi.bigbang22.30,2:400201:5|2:200235:10|2:100104:200,0,1,30.0,4.989999771118164,image_5001,-126,,600
5001034,5001,[多米尼加站]冠军包,招募球星，搭配无解阵容,com.cbaqlyf.ximi.bigbang22.30,2:400201:5|2:200235:10|2:100104:200,0,1,30.0,4.989999771118164,image_5001,-126,,600
5001035,5001,[玻利维亚站]冠军包,招募球星，搭配无解阵容,com.cbaqlyf.ximi.bigbang22.30,2:400201:5|2:200235:10|2:100104:200,0,1,30.0,4.989999771118164,image_5001,-126,,600
5001036,5001,[巴西站]冠军包,招募球星，搭配无解阵容,com.cbaqlyf.ximi.bigbang22.30,2:400201:5|2:200235:10|2:100104:200,0,1,30.0,4.989999771118164,image_5001,-126,,600
5001037,5001,[阿根廷站]冠军包,招募球星，搭配无解阵容,com.cbaqlyf.ximi.bigbang22.30,2:400201:5|2:200235:10|2:100104:200,0,1,30.0,4.989999771118164,image_5001,-126,,600
5001038,5001,[英国站]冠军包,招募球星，搭配无解阵容,com.cbaqlyf.ximi.bigbang22.30,2:400201:5|2:200235:10|2:100104:200,0,1,30.0,4.989999771118164,image_5001,-126,,600
5001039,5001,[土耳其站]冠军包,招募球星，搭配无解阵容,com.cbaqlyf.ximi.bigbang22.30,2:400201:5|2:200235:10|2:100104:200,0,1,30.0,4.989999771118164,image_5001,-126,,600
5001040,5001,[芬兰站]冠军包,招募球星，搭配无解阵容,com.cbaqlyf.ximi.bigbang22.30,2:400201:5|2:200235:10|2:100104:200,0,1,30.0,4.989999771118164,image_5001,-126,,600
5001041,5001,[波兰站]冠军包,招募球星，搭配无解阵容,com.cbaqlyf.ximi.bigbang22.30,2:400201:5|2:200235:10|2:100104:200,0,1,30.0,4.989999771118164,image_5001,-126,,600
5001042,5001,[德国站]冠军包,招募球星，搭配无解阵容,com.cbaqlyf.ximi.bigbang22.30,2:400201:5|2:200235:10|2:100104:200,0,1,30.0,4.989999771118164,image_5001,-126,,600
5001043,5001,[法国站]冠军包,招募球星，搭配无解阵容,com.cbaqlyf.ximi.bigbang22.30,2:400201:5|2:200235:10|2:100104:200,0,1,30.0,4.989999771118164,image_5001,-126,,600
5001044,5001,[意大利站]冠军包,招募球星，搭配无解阵容,com.cbaqlyf.ximi.bigbang22.30,2:400201:5|2:200235:10|2:100104:200,0,1,30.0,4.989999771118164,image_5001,-126,,600
5001045,5001,[希腊站]冠军包,招募球星，搭配无解阵容,com.cbaqlyf.ximi.bigbang22.30,2:400201:5|2:200235:10|2:100104:200,0,1,30.0,4.989999771118164,image_5001,-126,,600
5001046,5001,[瑞典站]冠军包,招募球星，搭配无解阵容,com.cbaqlyf.ximi.bigbang22.30,2:400201:5|2:200235:10|2:100104:200,0,1,30.0,4.989999771118164,image_5001,-126,,600
5001047,5001,[西班牙站]冠军包,招募球星，搭配无解阵容,com.cbaqlyf.ximi.bigbang22.30,2:400201:5|2:200235:10|2:100104:200,0,1,30.0,4.989999771118164,image_5001,-126,,600
5001048,5001,[中国站]冠军包,招募球星，搭配无解阵容,com.cbaqlyf.ximi.bigbang22.30,2:400201:5|2:200235:10|2:100104:200,0,1,30.0,4.989999771118164,image_5001,-126,,600
5001049,5001,[韩国站]冠军包,招募球星，搭配无解阵容,com.cbaqlyf.ximi.bigbang22.30,2:400201:5|2:200235:10|2:100104:200,0,1,30.0,4.989999771118164,image_5001,-126,,600
5001050,5001,[日本站]冠军包,招募球星，搭配无解阵容,com.cbaqlyf.ximi.bigbang22.30,2:400201:5|2:200235:10|2:100104:200,0,1,30.0,4.989999771118164,image_5001,-126,,600
5001051,5001,[菲律宾站]冠军包,招募球星，搭配无解阵容,com.cbaqlyf.ximi.bigbang22.30,2:400201:5|2:200235:10|2:100104:200,0,1,30.0,4.989999771118164,image_5001,-126,,600
5001052,5001,[俄罗斯站]冠军包,招募球星，搭配无解阵容,com.cbaqlyf.ximi.bigbang22.30,2:400201:5|2:200235:10|2:100104:200,0,1,30.0,4.989999771118164,image_5001,-126,,600
5001053,5001,[印度站]冠军包,招募球星，搭配无解阵容,com.cbaqlyf.ximi.bigbang22.30,2:400201:5|2:200235:10|2:100104:200,0,1,30.0,4.989999771118164,image_5001,-126,,600
5001054,5001,[伊朗站]冠军包,招募球星，搭配无解阵容,com.cbaqlyf.ximi.bigbang22.30,2:400201:5|2:200235:10|2:100104:200,0,1,30.0,4.989999771118164,image_5001,-126,,600
5001055,5001,[安哥拉站]冠军包,招募球星，搭配无解阵容,com.cbaqlyf.ximi.bigbang22.30,2:400201:5|2:200235:10|2:100104:200,0,1,30.0,4.989999771118164,image_5001,-126,,600
5001056,5001,[尼日利亚站]冠军包,招募球星，搭配无解阵容,com.cbaqlyf.ximi.bigbang22.30,2:400201:5|2:200235:10|2:100104:200,0,1,30.0,4.989999771118164,image_5001,-126,,600
5001057,5001,[塞内加尔站]冠军包,招募球星，搭配无解阵容,com.cbaqlyf.ximi.bigbang22.30,2:400201:5|2:200235:10|2:100104:200,0,1,30.0,4.989999771118164,image_5001,-126,,600
5001058,5001,[科特迪瓦站]冠军包,招募球星，搭配无解阵容,com.cbaqlyf.ximi.bigbang22.30,2:400201:5|2:200235:10|2:100104:200,0,1,30.0,4.989999771118164,image_5001,-126,,600
5001059,5001,[埃及站]冠军包,招募球星，搭配无解阵容,com.cbaqlyf.ximi.bigbang22.30,2:400201:5|2:200235:10|2:100104:200,0,1,30.0,4.989999771118164,image_5001,-126,,600
5001060,5001,[喀麦隆站]冠军包,招募球星，搭配无解阵容,com.cbaqlyf.ximi.bigbang22.30,2:400201:5|2:200235:10|2:100104:200,0,1,30.0,4.989999771118164,image_5001,-126,,600
5001061,5001,[摩洛哥站]冠军包,招募球星，搭配无解阵容,com.cbaqlyf.ximi.bigbang22.30,2:400201:5|2:200235:10|2:100104:200,0,1,30.0,4.989999771118164,image_5001,-126,,600
5001062,5001,[中非站]冠军包,招募球星，搭配无解阵容,com.cbaqlyf.ximi.bigbang22.30,2:400201:5|2:200235:10|2:100104:200,0,1,30.0,4.989999771118164,image_5001,-126,,600
5001063,5001,[突尼西亚站]冠军包,招募球星，搭配无解阵容,com.cbaqlyf.ximi.bigbang22.30,2:400201:5|2:200235:10|2:100104:200,0,1,30.0,4.989999771118164,image_5001,-126,,600
5001064,5001,[刚果站]冠军包,招募球星，搭配无解阵容,com.cbaqlyf.ximi.bigbang22.30,2:400201:5|2:200235:10|2:100104:200,0,1,30.0,4.989999771118164,image_5001,-126,,600
5001065,5001,[印第安纳州站]冠军包,招募球星，搭配无解阵容,com.cbaqlyf.ximi.bigbang22.30,2:400201:5|2:200235:10|2:100104:200,0,1,30.0,4.989999771118164,image_5001,-126,,600
5001066,5001,[蒙大拿州站]冠军包,招募球星，搭配无解阵容,com.cbaqlyf.ximi.bigbang22.30,2:400201:5|2:200235:10|2:100104:200,0,1,30.0,4.989999771118164,image_5001,-126,,600
5001067,5001,[加利福尼亚州站]冠军包,招募球星，搭配无解阵容,com.cbaqlyf.ximi.bigbang22.30,2:400201:5|2:200235:10|2:100104:200,0,1,30.0,4.989999771118164,image_5001,-126,,600
5001068,5001,[北卡罗来纳州站]冠军包,招募球星，搭配无解阵容,com.cbaqlyf.ximi.bigbang22.30,2:400201:5|2:200235:10|2:100104:200,0,1,30.0,4.989999771118164,image_5001,-126,,600
5001069,5001,[康涅狄格州站]冠军包,招募球星，搭配无解阵容,com.cbaqlyf.ximi.bigbang22.30,2:400201:5|2:200235:10|2:100104:200,0,1,30.0,4.989999771118164,image_5001,-126,,600
5001070,5001,[宾夕法尼亚州站]冠军包,招募球星，搭配无解阵容,com.cbaqlyf.ximi.bigbang22.30,2:400201:5|2:200235:10|2:100104:200,0,1,30.0,4.989999771118164,image_5001,-126,,600
5001071,5001,[堪萨斯州站]冠军包,招募球星，搭配无解阵容,com.cbaqlyf.ximi.bigbang22.30,2:400201:5|2:200235:10|2:100104:200,0,1,30.0,4.989999771118164,image_5001,-126,,600
5001072,5001,[加拿大站]冠军包,招募球星，搭配无解阵容,com.cbaqlyf.ximi.bigbang22.30,2:400201:5|2:200235:10|2:100104:200,0,1,30.0,4.989999771118164,image_5001,-126,,600
5001073,5001,[古巴站]冠军包,招募球星，搭配无解阵容,com.cbaqlyf.ximi.bigbang22.30,2:400201:5|2:200235:10|2:100104:200,0,1,30.0,4.989999771118164,image_5001,-126,,600
5001074,5001,[墨西哥站]冠军包,招募球星，搭配无解阵容,com.cbaqlyf.ximi.bigbang22.30,2:400201:5|2:200235:10|2:100104:200,0,1,30.0,4.989999771118164,image_5001,-126,,600
5001075,5001,[维京群岛站]冠军包,招募球星，搭配无解阵容,com.cbaqlyf.ximi.bigbang22.30,2:400201:5|2:200235:10|2:100104:200,0,1,30.0,4.989999771118164,image_5001,-126,,600
5001076,5001,[牙买加站]冠军包,招募球星，搭配无解阵容,com.cbaqlyf.ximi.bigbang22.30,2:400201:5|2:200235:10|2:100104:200,0,1,30.0,4.989999771118164,image_5001,-126,,600
5001077,5001,[哥伦比亚站]冠军包,招募球星，搭配无解阵容,com.cbaqlyf.ximi.bigbang22.30,2:400201:5|2:200235:10|2:100104:200,0,1,30.0,4.989999771118164,image_5001,-126,,600
5001078,5001,[巴拉马站]冠军包,招募球星，搭配无解阵容,com.cbaqlyf.ximi.bigbang22.30,2:400201:5|2:200235:10|2:100104:200,0,1,30.0,4.989999771118164,image_5001,-126,,600
5001079,5001,[乌拉圭站]冠军包,招募球星，搭配无解阵容,com.cbaqlyf.ximi.bigbang22.30,2:400201:5|2:200235:10|2:100104:200,0,1,30.0,4.989999771118164,image_5001,-126,,600
5001080,5001,[委内瑞拉站]冠军包,招募球星，搭配无解阵容,com.cbaqlyf.ximi.bigbang22.30,2:400201:5|2:200235:10|2:100104:200,0,1,30.0,4.989999771118164,image_5001,-126,,600
5001081,5001,[多米尼加站]冠军包,招募球星，搭配无解阵容,com.cbaqlyf.ximi.bigbang22.30,2:400201:5|2:200235:10|2:100104:200,0,1,30.0,4.989999771118164,image_5001,-126,,600
5001082,5001,[玻利维亚站]冠军包,招募球星，搭配无解阵容,com.cbaqlyf.ximi.bigbang22.30,2:400201:5|2:200235:10|2:100104:200,0,1,30.0,4.989999771118164,image_5001,-126,,600
5001083,5001,[巴西站]冠军包,招募球星，搭配无解阵容,com.cbaqlyf.ximi.bigbang22.30,2:400201:5|2:200235:10|2:100104:200,0,1,30.0,4.989999771118164,image_5001,-126,,600
5001084,5001,[阿根廷站]冠军包,招募球星，搭配无解阵容,com.cbaqlyf.ximi.bigbang22.30,2:400201:5|2:200235:10|2:100104:200,0,1,30.0,4.989999771118164,image_5001,-126,,600
5001085,5001,[英国站]冠军包,招募球星，搭配无解阵容,com.cbaqlyf.ximi.bigbang22.30,2:400201:5|2:200235:10|2:100104:200,0,1,30.0,4.989999771118164,image_5001,-126,,600
5001086,5001,[土耳其站]冠军包,招募球星，搭配无解阵容,com.cbaqlyf.ximi.bigbang22.30,2:400201:5|2:200235:10|2:100104:200,0,1,30.0,4.989999771118164,image_5001,-126,,600
5001087,5001,[芬兰站]冠军包,招募球星，搭配无解阵容,com.cbaqlyf.ximi.bigbang22.30,2:400201:5|2:200235:10|2:100104:200,0,1,30.0,4.989999771118164,image_5001,-126,,600
5001088,5001,[波兰站]冠军包,招募球星，搭配无解阵容,com.cbaqlyf.ximi.bigbang22.30,2:400201:5|2:200235:10|2:100104:200,0,1,30.0,4.989999771118164,image_5001,-126,,600
5001089,5001,[德国站]冠军包,招募球星，搭配无解阵容,com.cbaqlyf.ximi.bigbang22.30,2:400201:5|2:200235:10|2:100104:200,0,1,30.0,4.989999771118164,image_5001,-126,,600
5001090,5001,[法国站]冠军包,招募球星，搭配无解阵容,com.cbaqlyf.ximi.bigbang22.30,2:400201:5|2:200235:10|2:100104:200,0,1,30.0,4.989999771118164,image_5001,-126,,600
5001091,5001,[意大利站]冠军包,招募球星，搭配无解阵容,com.cbaqlyf.ximi.bigbang22.30,2:400201:5|2:200235:10|2:100104:200,0,1,30.0,4.989999771118164,image_5001,-126,,600
5001092,5001,[希腊站]冠军包,招募球星，搭配无解阵容,com.cbaqlyf.ximi.bigbang22.30,2:400201:5|2:200235:10|2:100104:200,0,1,30.0,4.989999771118164,image_5001,-126,,600
5001093,5001,[瑞典站]冠军包,招募球星，搭配无解阵容,com.cbaqlyf.ximi.bigbang22.30,2:400201:5|2:200235:10|2:100104:200,0,1,30.0,4.989999771118164,image_5001,-126,,600
5001094,5001,[西班牙站]冠军包,招募球星，搭配无解阵容,com.cbaqlyf.ximi.bigbang22.30,2:400201:5|2:200235:10|2:100104:200,0,1,30.0,4.989999771118164,image_5001,-126,,600
5001095,5001,[中国站]冠军包,招募球星，搭配无解阵容,com.cbaqlyf.ximi.bigbang22.30,2:400201:5|2:200235:10|2:100104:200,0,1,30.0,4.989999771118164,image_5001,-126,,600
5001096,5001,[韩国站]冠军包,招募球星，搭配无解阵容,com.cbaqlyf.ximi.bigbang22.30,2:400201:5|2:200235:10|2:100104:200,0,1,30.0,4.989999771118164,image_5001,-126,,600
5001097,5001,[日本站]冠军包,招募球星，搭配无解阵容,com.cbaqlyf.ximi.bigbang22.30,2:400201:5|2:200235:10|2:100104:200,0,1,30.0,4.989999771118164,image_5001,-126,,600
5001098,5001,[菲律宾站]冠军包,招募球星，搭配无解阵容,com.cbaqlyf.ximi.bigbang22.30,2:400201:5|2:200235:10|2:100104:200,0,1,30.0,4.989999771118164,image_5001,-126,,600
5001099,5001,[俄罗斯站]冠军包,招募球星，搭配无解阵容,com.cbaqlyf.ximi.bigbang22.30,2:400201:5|2:200235:10|2:100104:200,0,1,30.0,4.989999771118164,image_5001,-126,,600
5001100,5001,[印度站]冠军包,招募球星，搭配无解阵容,com.cbaqlyf.ximi.bigbang22.30,2:400201:5|2:200235:10|2:100104:200,0,1,30.0,4.989999771118164,image_5001,-126,,600
5001101,5001,[伊朗站]冠军包,招募球星，搭配无解阵容,com.cbaqlyf.ximi.bigbang22.30,2:400201:5|2:200235:10|2:100104:200,0,1,30.0,4.989999771118164,image_5001,-126,,600
5001102,5001,[安哥拉站]冠军包,招募球星，搭配无解阵容,com.cbaqlyf.ximi.bigbang22.30,2:400201:5|2:200235:10|2:100104:200,0,1,30.0,4.989999771118164,image_5001,-126,,600
5001103,5001,[尼日利亚站]冠军包,招募球星，搭配无解阵容,com.cbaqlyf.ximi.bigbang22.30,2:400201:5|2:200235:10|2:100104:200,0,1,30.0,4.989999771118164,image_5001,-126,,600
5001104,5001,[塞内加尔站]冠军包,招募球星，搭配无解阵容,com.cbaqlyf.ximi.bigbang22.30,2:400201:5|2:200235:10|2:100104:200,0,1,30.0,4.989999771118164,image_5001,-126,,600
5001105,5001,[科特迪瓦站]冠军包,招募球星，搭配无解阵容,com.cbaqlyf.ximi.bigbang22.30,2:400201:5|2:200235:10|2:100104:200,0,1,30.0,4.989999771118164,image_5001,-126,,600
5001106,5001,[埃及站]冠军包,招募球星，搭配无解阵容,com.cbaqlyf.ximi.bigbang22.30,2:400201:5|2:200235:10|2:100104:200,0,1,30.0,4.989999771118164,image_5001,-126,,600
5001107,5001,[喀麦隆站]冠军包,招募球星，搭配无解阵容,com.cbaqlyf.ximi.bigbang22.30,2:400201:5|2:200235:10|2:100104:200,0,1,30.0,4.989999771118164,image_5001,-126,,600
5001108,5001,[摩洛哥站]冠军包,招募球星，搭配无解阵容,com.cbaqlyf.ximi.bigbang22.30,2:400201:5|2:200235:10|2:100104:200,0,1,30.0,4.989999771118164,image_5001,-126,,600
5001109,5001,[中非站]冠军包,招募球星，搭配无解阵容,com.cbaqlyf.ximi.bigbang22.30,2:400201:5|2:200235:10|2:100104:200,0,1,30.0,4.989999771118164,image_5001,-126,,600
5001110,5001,[突尼西亚站]冠军包,招募球星，搭配无解阵容,com.cbaqlyf.ximi.bigbang22.30,2:400201:5|2:200235:10|2:100104:200,0,1,30.0,4.989999771118164,image_5001,-126,,600
5001111,5001,[刚果站]冠军包,招募球星，搭配无解阵容,com.cbaqlyf.ximi.bigbang22.30,2:400201:5|2:200235:10|2:100104:200,0,1,30.0,4.989999771118164,image_5001,-126,,600
5001112,5001,[印第安纳州站]冠军包,招募球星，搭配无解阵容,com.cbaqlyf.ximi.bigbang22.30,2:400201:5|2:200235:10|2:100104:200,0,1,30.0,4.989999771118164,image_5001,-126,,600
5001113,5001,[蒙大拿州站]冠军包,招募球星，搭配无解阵容,com.cbaqlyf.ximi.bigbang22.30,2:400201:5|2:200235:10|2:100104:200,0,1,30.0,4.989999771118164,image_5001,-126,,600
5001114,5001,[加利福尼亚州站]冠军包,招募球星，搭配无解阵容,com.cbaqlyf.ximi.bigbang22.30,2:400201:5|2:200235:10|2:100104:200,0,1,30.0,4.989999771118164,image_5001,-126,,600
5001115,5001,[北卡罗来纳州站]冠军包,招募球星，搭配无解阵容,com.cbaqlyf.ximi.bigbang22.30,2:400201:5|2:200235:10|2:100104:200,0,1,30.0,4.989999771118164,image_5001,-126,,600
5001116,5001,[康涅狄格州站]冠军包,招募球星，搭配无解阵容,com.cbaqlyf.ximi.bigbang22.30,2:400201:5|2:200235:10|2:100104:200,0,1,30.0,4.989999771118164,image_5001,-126,,600
5001117,5001,[宾夕法尼亚州站]冠军包,招募球星，搭配无解阵容,com.cbaqlyf.ximi.bigbang22.30,2:400201:5|2:200235:10|2:100104:200,0,1,30.0,4.989999771118164,image_5001,-126,,600
5001118,5001,[堪萨斯州站]冠军包,招募球星，搭配无解阵容,com.cbaqlyf.ximi.bigbang22.30,2:400201:5|2:200235:10|2:100104:200,0,1,30.0,4.989999771118164,image_5001,-126,,600
5001119,5001,[加拿大站]冠军包,招募球星，搭配无解阵容,com.cbaqlyf.ximi.bigbang22.30,2:400201:5|2:200235:10|2:100104:200,0,1,30.0,4.989999771118164,image_5001,-126,,600
5001120,5001,[古巴站]冠军包,招募球星，搭配无解阵容,com.cbaqlyf.ximi.bigbang22.30,2:400201:5|2:200235:10|2:100104:200,0,1,30.0,4.989999771118164,image_5001,-126,,600
5001121,5001,[墨西哥站]冠军包,招募球星，搭配无解阵容,com.cbaqlyf.ximi.bigbang22.30,2:400201:5|2:200235:10|2:100104:200,0,1,30.0,4.989999771118164,image_5001,-126,,600
5001122,5001,[维京群岛站]冠军包,招募球星，搭配无解阵容,com.cbaqlyf.ximi.bigbang22.30,2:400201:5|2:200235:10|2:100104:200,0,1,30.0,4.989999771118164,image_5001,-126,,600
5001123,5001,[牙买加站]冠军包,招募球星，搭配无解阵容,com.cbaqlyf.ximi.bigbang22.30,2:400201:5|2:200235:10|2:100104:200,0,1,30.0,4.989999771118164,image_5001,-126,,600
5001124,5001,[哥伦比亚站]冠军包,招募球星，搭配无解阵容,com.cbaqlyf.ximi.bigbang22.30,2:400201:5|2:200235:10|2:100104:200,0,1,30.0,4.989999771118164,image_5001,-126,,600
5001125,5001,[巴拉马站]冠军包,招募球星，搭配无解阵容,com.cbaqlyf.ximi.bigbang22.30,2:400201:5|2:200235:10|2:100104:200,0,1,30.0,4.989999771118164,image_5001,-126,,600
5001126,5001,[乌拉圭站]冠军包,招募球星，搭配无解阵容,com.cbaqlyf.ximi.bigbang22.30,2:400201:5|2:200235:10|2:100104:200,0,1,30.0,4.989999771118164,image_5001,-126,,600
5001127,5001,[委内瑞拉站]冠军包,招募球星，搭配无解阵容,com.cbaqlyf.ximi.bigbang22.30,2:400201:5|2:200235:10|2:100104:200,0,1,30.0,4.989999771118164,image_5001,-126,,600
5001128,5001,[多米尼加站]冠军包,招募球星，搭配无解阵容,com.cbaqlyf.ximi.bigbang22.30,2:400201:5|2:200235:10|2:100104:200,0,1,30.0,4.989999771118164,image_5001,-126,,600
5001129,5001,[玻利维亚站]冠军包,招募球星，搭配无解阵容,com.cbaqlyf.ximi.bigbang22.30,2:400201:5|2:200235:10|2:100104:200,0,1,30.0,4.989999771118164,image_5001,-126,,600
5001130,5001,[巴西站]冠军包,招募球星，搭配无解阵容,com.cbaqlyf.ximi.bigbang22.30,2:400201:5|2:200235:10|2:100104:200,0,1,30.0,4.989999771118164,image_5001,-126,,600
5001131,5001,[阿根廷站]冠军包,招募球星，搭配无解阵容,com.cbaqlyf.ximi.bigbang22.30,2:400201:5|2:200235:10|2:100104:200,0,1,30.0,4.989999771118164,image_5001,-126,,600
5001132,5001,[英国站]冠军包,招募球星，搭配无解阵容,com.cbaqlyf.ximi.bigbang22.30,2:400201:5|2:200235:10|2:100104:200,0,1,30.0,4.989999771118164,image_5001,-126,,600
5001133,5001,[土耳其站]冠军包,招募球星，搭配无解阵容,com.cbaqlyf.ximi.bigbang22.30,2:400201:5|2:200235:10|2:100104:200,0,1,30.0,4.989999771118164,image_5001,-126,,600
5001134,5001,[芬兰站]冠军包,招募球星，搭配无解阵容,com.cbaqlyf.ximi.bigbang22.30,2:400201:5|2:200235:10|2:100104:200,0,1,30.0,4.989999771118164,image_5001,-126,,600
5001135,5001,[波兰站]冠军包,招募球星，搭配无解阵容,com.cbaqlyf.ximi.bigbang22.30,2:400201:5|2:200235:10|2:100104:200,0,1,30.0,4.989999771118164,image_5001,-126,,600
5001136,5001,[德国站]冠军包,招募球星，搭配无解阵容,com.cbaqlyf.ximi.bigbang22.30,2:400201:5|2:200235:10|2:100104:200,0,1,30.0,4.989999771118164,image_5001,-126,,600
5001137,5001,[法国站]冠军包,招募球星，搭配无解阵容,com.cbaqlyf.ximi.bigbang22.30,2:400201:5|2:200235:10|2:100104:200,0,1,30.0,4.989999771118164,image_5001,-126,,600
5001138,5001,[意大利站]冠军包,招募球星，搭配无解阵容,com.cbaqlyf.ximi.bigbang22.30,2:400201:5|2:200235:10|2:100104:200,0,1,30.0,4.989999771118164,image_5001,-126,,600
5001139,5001,[希腊站]冠军包,招募球星，搭配无解阵容,com.cbaqlyf.ximi.bigbang22.30,2:400201:5|2:200235:10|2:100104:200,0,1,30.0,4.989999771118164,image_5001,-126,,600
5001140,5001,[瑞典站]冠军包,招募球星，搭配无解阵容,com.cbaqlyf.ximi.bigbang22.30,2:400201:5|2:200235:10|2:100104:200,0,1,30.0,4.989999771118164,image_5001,-126,,600
5001141,5001,[西班牙站]冠军包,招募球星，搭配无解阵容,com.cbaqlyf.ximi.bigbang22.30,2:400201:5|2:200235:10|2:100104:200,0,1,30.0,4.989999771118164,image_5001,-126,,600
5002001,5002,绝版升星包-易建联1,激活天赋，助力球队爆发,com.cbaqlyf.ximi.bigbang163.68,2:400102:30|2:100104:500|1:2:5000,0,1,68.0,9.989999771118164,image_5002,-126,104001,880
5002002,5002,郭艾伦升星包1,激活天赋，助力球队爆发,com.cbaqlyf.ximi.bigbang163.68,2:400102:30|2:100104:500|1:2:5000,0,1,68.0,9.989999771118164,image_5002,-126,104002,880
5002003,5002,阿不都沙拉木升星包1,激活天赋，助力球队爆发,com.cbaqlyf.ximi.bigbang163.68,2:400102:30|2:100104:500|1:2:5000,0,1,68.0,9.989999771118164,image_5002,-126,104003,880
5002004,5002,赵继伟升星包1,激活天赋，助力球队爆发,com.cbaqlyf.ximi.bigbang163.68,2:400102:30|2:100104:500|1:2:5000,0,1,68.0,9.989999771118164,image_5002,-126,104004,880
5002005,5002,韩德君升星包1,激活天赋，助力球队爆发,com.cbaqlyf.ximi.bigbang163.68,2:400102:30|2:100104:500|1:2:5000,0,1,68.0,9.989999771118164,image_5002,-126,104005,880
5002006,5002,赵睿升星包1,激活天赋，助力球队爆发,com.cbaqlyf.ximi.bigbang163.68,2:400102:30|2:100104:500|1:2:5000,0,1,68.0,9.989999771118164,image_5002,-126,104006,880
5002007,5002,胡金秋升星包1,激活天赋，助力球队爆发,com.cbaqlyf.ximi.bigbang163.68,2:400102:30|2:100104:500|1:2:5000,0,1,68.0,9.989999771118164,image_5002,-126,104007,880
5002008,5002,王哲林升星包1,激活天赋，助力球队爆发,com.cbaqlyf.ximi.bigbang163.68,2:400102:30|2:100104:500|1:2:5000,0,1,68.0,9.989999771118164,image_5002,-126,104008,880
5002009,5002,沈梓捷升星包1,激活天赋，助力球队爆发,com.cbaqlyf.ximi.bigbang163.68,2:400102:30|2:100104:500|1:2:5000,0,1,68.0,9.989999771118164,image_5002,-126,104009,880
5002010,5002,张镇麟升星包1,激活天赋，助力球队爆发,com.cbaqlyf.ximi.bigbang163.68,2:400102:30|2:100104:500|1:2:5000,0,1,68.0,9.989999771118164,image_5002,-126,104010,880
5002011,5002,陶汉林升星包1,激活天赋，助力球队爆发,com.cbaqlyf.ximi.bigbang163.68,2:400102:30|2:100104:500|1:2:5000,0,1,68.0,9.989999771118164,image_5002,-126,104011,880
5002012,5002,孙铭徽升星包1,激活天赋，助力球队爆发,com.cbaqlyf.ximi.bigbang163.68,2:400102:30|2:100104:500|1:2:5000,0,1,68.0,9.989999771118164,image_5002,-126,104012,880
5002013,5002,周鹏升星包1,激活天赋，助力球队爆发,com.cbaqlyf.ximi.bigbang163.68,2:400102:30|2:100104:500|1:2:5000,0,1,68.0,9.989999771118164,image_5002,-126,104013,880
5002014,5002,胡明轩升星包1,激活天赋，助力球队爆发,com.cbaqlyf.ximi.bigbang163.68,2:400102:30|2:100104:500|1:2:5000,0,1,68.0,9.989999771118164,image_5002,-126,104014,880
5002015,5002,吴冠希升星包1,激活天赋，助力球队爆发,com.cbaqlyf.ximi.bigbang163.68,2:400102:30|2:100104:500|1:2:5000,0,1,68.0,9.989999771118164,image_5002,-126,104015,880
5002016,5002,吴前升星包1,激活天赋，助力球队爆发,com.cbaqlyf.ximi.bigbang163.68,2:400102:30|2:100104:500|1:2:5000,0,1,68.0,9.989999771118164,image_5002,-126,104016,880
5002017,5002,林庭谦升星包1,激活天赋，助力球队爆发,com.cbaqlyf.ximi.bigbang163.68,2:400102:30|2:100104:500|1:2:5000,0,1,68.0,9.989999771118164,image_5002,-126,104017,880
5002018,5002,陈盈骏升星包1,激活天赋，助力球队爆发,com.cbaqlyf.ximi.bigbang163.68,2:400102:30|2:100104:500|1:2:5000,0,1,68.0,9.989999771118164,image_5002,-126,104018,880
5002019,5002,葛昭宝升星包1,激活天赋，助力球队爆发,com.cbaqlyf.ximi.bigbang163.68,2:400102:30|2:100104:500|1:2:5000,0,1,68.0,9.989999771118164,image_5002,-126,104019,880
5002020,5002,赵岩昊升星包1,激活天赋，助力球队爆发,com.cbaqlyf.ximi.bigbang163.68,2:400102:30|2:100104:500|1:2:5000,0,1,68.0,9.989999771118164,image_5002,-126,104020,880
5002021,5002,林书豪升星包1,激活天赋，助力球队爆发,com.cbaqlyf.ximi.bigbang163.68,2:400102:30|2:100104:500|1:2:5000,0,1,68.0,9.989999771118164,image_5002,-126,104021,880
5002022,5002,范子铭升星包1,激活天赋，助力球队爆发,com.cbaqlyf.ximi.bigbang163.68,2:400102:30|2:100104:500|1:2:5000,0,1,68.0,9.989999771118164,image_5002,-126,104022,880
5002023,5002,姜伟泽升星包1,激活天赋，助力球队爆发,com.cbaqlyf.ximi.bigbang163.68,2:400102:30|2:100104:500|1:2:5000,0,1,68.0,9.989999771118164,image_5002,-126,104023,880
5002024,5002,西热力江升星包1,激活天赋，助力球队爆发,com.cbaqlyf.ximi.bigbang163.68,2:400102:30|2:100104:500|1:2:5000,0,1,68.0,9.989999771118164,image_5002,-126,104024,880
5002025,5002,高诗岩升星包1,激活天赋，助力球队爆发,com.cbaqlyf.ximi.bigbang163.68,2:400102:30|2:100104:500|1:2:5000,0,1,68.0,9.989999771118164,image_5002,-126,104025,880
5002026,5002,邹雨宸升星包1,激活天赋，助力球队爆发,com.cbaqlyf.ximi.bigbang163.68,2:400102:30|2:100104:500|1:2:5000,0,1,68.0,9.989999771118164,image_5002,-126,104026,880
5002027,5002,贺希宁升星包1,激活天赋，助力球队爆发,com.cbaqlyf.ximi.bigbang163.68,2:400102:30|2:100104:500|1:2:5000,0,1,68.0,9.989999771118164,image_5002,-126,104027,880
5002028,5002,顾全升星包1,激活天赋，助力球队爆发,com.cbaqlyf.ximi.bigbang163.68,2:400102:30|2:100104:500|1:2:5000,0,1,68.0,9.989999771118164,image_5002,-126,104028,880
5002029,5002,陈林坚升星包1,激活天赋，助力球队爆发,com.cbaqlyf.ximi.bigbang163.68,2:400102:30|2:100104:500|1:2:5000,0,1,68.0,9.989999771118164,image_5002,-126,104029,880
5002030,5002,姜宇星升星包1,激活天赋，助力球队爆发,com.cbaqlyf.ximi.bigbang163.68,2:400102:30|2:100104:500|1:2:5000,0,1,68.0,9.989999771118164,image_5002,-126,104030,880
5002031,5002,绝版升星包-崔永熙1,激活天赋，助力球队爆发,com.cbaqlyf.ximi.bigbang163.68,2:400102:30|2:100104:500|1:2:5000,0,1,68.0,9.989999771118164,image_5002,-126,104031,880
5002032,5002,绝版升星包-曾凡博1,激活天赋，助力球队爆发,com.cbaqlyf.ximi.bigbang163.68,2:400102:30|2:100104:500|1:2:5000,0,1,68.0,9.989999771118164,image_5002,-126,104032,880
5002033,5002,绝版升星包-林葳1,激活天赋，助力球队爆发,com.cbaqlyf.ximi.bigbang163.68,2:400102:30|2:100104:500|1:2:5000,0,1,68.0,9.989999771118164,image_5002,-126,104033,880
5002034,5002,绝版升星包-程帅澎1,激活天赋，助力球队爆发,com.cbaqlyf.ximi.bigbang163.68,2:400102:30|2:100104:500|1:2:5000,0,1,68.0,9.989999771118164,image_5002,-126,104034,880
5002035,5002,绝版升星包-周琦1,激活天赋，助力球队爆发,com.cbaqlyf.ximi.bigbang163.68,2:400102:30|2:100104:500|1:2:5000,0,1,68.0,9.989999771118164,image_5002,-126,104035,880
5002036,5002,杨瀚森升星包1,激活天赋，助力球队爆发,com.cbaqlyf.ximi.bigbang163.68,2:400102:30|2:100104:500|1:2:5000,0,1,68.0,9.989999771118164,image_5002,-126,104038,880
5003001,5003,5级礼包,冲级神器，遥遥领先,com.cbaqlyf.ximi.bigbang193.30,1:6:300|2:400201:1|1:2:100000|2:100106:100,0,1,30.0,4.989999771118164,image_5003,126,,999
5003002,5003,10级礼包,冲级神器，遥遥领先,com.cbaqlyf.ximi.bigbang193.30,1:6:300|2:400201:1|1:2:100000|2:100106:100,0,1,30.0,4.989999771118164,image_5003,126,,999
5003003,5003,15级礼包,冲级神器，遥遥领先,com.cbaqlyf.ximi.bigbang193.30,1:6:300|2:400201:1|1:2:100000|2:100106:100,0,1,30.0,4.989999771118164,image_5003,126,,999
5003004,5003,20级礼包,冲级神器，遥遥领先,com.cbaqlyf.ximi.bigbang193.30,1:6:300|2:400201:1|1:2:100000|2:100106:100,0,1,30.0,4.989999771118164,image_5003,126,,999
5003005,5003,22级礼包,冲级神器，遥遥领先,com.cbaqlyf.ximi.bigbang193.30,1:6:300|2:400201:1|1:2:100000|2:100106:100,0,1,30.0,4.989999771118164,image_5003,126,,999
5003006,5003,24级礼包,冲级神器，遥遥领先,com.cbaqlyf.ximi.bigbang193.30,1:6:300|2:400201:1|1:2:100000|2:100106:100,0,1,30.0,4.989999771118164,image_5003,126,,999
5003007,5003,26级礼包,冲级神器，遥遥领先,com.cbaqlyf.ximi.bigbang193.30,1:6:300|2:400201:1|1:2:100000|2:100106:100,0,1,30.0,4.989999771118164,image_5003,126,,999
5003008,5003,30级礼包,冲级神器，遥遥领先,com.cbaqlyf.ximi.bigbang193.30,1:6:300|2:400201:1|1:2:100000|2:100106:100,0,1,30.0,4.989999771118164,image_5003,126,,999
5003009,5003,32级礼包,冲级神器，遥遥领先,com.cbaqlyf.ximi.bigbang193.30,1:6:300|2:400201:1|1:2:100000|2:100106:100,0,1,30.0,4.989999771118164,image_5003,126,,999
5003010,5003,34级礼包,冲级神器，遥遥领先,com.cbaqlyf.ximi.bigbang193.30,1:6:300|2:400201:1|1:2:100000|2:100106:100,0,1,30.0,4.989999771118164,image_5003,126,,999
5003011,5003,36级礼包,冲级神器，遥遥领先,com.cbaqlyf.ximi.bigbang193.30,1:6:300|2:400201:1|1:2:100000|2:100106:100,0,1,30.0,4.989999771118164,image_5003,126,,999
5003012,5003,38级礼包,冲级神器，遥遥领先,com.cbaqlyf.ximi.bigbang193.30,1:6:300|2:400201:1|1:2:100000|2:100106:100,0,1,30.0,4.989999771118164,image_5003,126,,999
5003013,5003,40级礼包,冲级神器，遥遥领先,com.cbaqlyf.ximi.bigbang193.30,1:6:300|2:400201:1|1:2:100000|2:100106:100,0,1,30.0,4.989999771118164,image_5003,126,,999
5003014,5003,42级礼包,冲级神器，遥遥领先,com.cbaqlyf.ximi.bigbang193.30,1:6:300|2:400201:1|1:2:100000|2:100106:100,0,1,30.0,4.989999771118164,image_5003,126,,999
5003015,5003,44级礼包,冲级神器，遥遥领先,com.cbaqlyf.ximi.bigbang193.30,1:6:300|2:400201:1|1:2:100000|2:100106:100,0,1,30.0,4.989999771118164,image_5003,126,,999
5003016,5003,46级礼包,冲级神器，遥遥领先,com.cbaqlyf.ximi.bigbang193.30,1:6:300|2:400201:1|1:2:100000|2:100106:100,0,1,30.0,4.989999771118164,image_5003,126,,999
5003017,5003,47级礼包,冲级神器，遥遥领先,com.cbaqlyf.ximi.bigbang193.30,1:6:300|2:400201:1|1:2:100000|2:100106:100,0,1,30.0,4.989999771118164,image_5003,126,,999
5003018,5003,48级礼包,冲级神器，遥遥领先,com.cbaqlyf.ximi.bigbang193.30,1:6:300|2:400201:1|1:2:100000|2:100106:100,0,1,30.0,4.989999771118164,image_5003,126,,999
5003019,5003,49级礼包,冲级神器，遥遥领先,com.cbaqlyf.ximi.bigbang193.30,1:6:300|2:400201:1|1:2:100000|2:100106:100,0,1,30.0,4.989999771118164,image_5003,126,,999
5003020,5003,50级礼包,冲级神器，遥遥领先,com.cbaqlyf.ximi.bigbang193.30,1:6:300|2:400201:1|1:2:100000|2:100106:100,0,1,30.0,4.989999771118164,image_5003,126,,999
5003021,5003,51级礼包,冲级神器，遥遥领先,com.cbaqlyf.ximi.bigbang193.30,1:6:300|2:400201:1|1:2:100000|2:100106:100,0,1,30.0,4.989999771118164,image_5003,126,,999
5003022,5003,52级礼包,冲级神器，遥遥领先,com.cbaqlyf.ximi.bigbang193.30,1:6:300|2:400201:1|1:2:100000|2:100106:100,0,1,30.0,4.989999771118164,image_5003,126,,999
5003023,5003,53级礼包,冲级神器，遥遥领先,com.cbaqlyf.ximi.bigbang193.30,1:6:300|2:400201:1|1:2:100000|2:100106:100,0,1,30.0,4.989999771118164,image_5003,126,,999
5003024,5003,54级礼包,冲级神器，遥遥领先,com.cbaqlyf.ximi.bigbang193.30,1:6:300|2:400201:1|1:2:100000|2:100106:100,0,1,30.0,4.989999771118164,image_5003,126,,999
5003025,5003,55级礼包,冲级神器，遥遥领先,com.cbaqlyf.ximi.bigbang193.30,1:6:300|2:400201:1|1:2:100000|2:100106:100,0,1,30.0,4.989999771118164,image_5003,126,,999
5003026,5003,56级礼包,冲级神器，遥遥领先,com.cbaqlyf.ximi.bigbang193.30,1:6:300|2:400201:1|1:2:100000|2:100106:100,0,1,30.0,4.989999771118164,image_5003,126,,999
5003027,5003,57级礼包,冲级神器，遥遥领先,com.cbaqlyf.ximi.bigbang193.30,1:6:300|2:400201:1|1:2:100000|2:100106:100,0,1,30.0,4.989999771118164,image_5003,126,,999
5003028,5003,58级礼包,冲级神器，遥遥领先,com.cbaqlyf.ximi.bigbang193.30,1:6:300|2:400201:1|1:2:100000|2:100106:100,0,1,30.0,4.989999771118164,image_5003,126,,999
5003029,5003,59级礼包,冲级神器，遥遥领先,com.cbaqlyf.ximi.bigbang193.30,1:6:300|2:400201:1|1:2:100000|2:100106:100,0,1,30.0,4.989999771118164,image_5003,126,,999
5003030,5003,60级礼包,冲级神器，遥遥领先,com.cbaqlyf.ximi.bigbang193.30,1:6:300|2:400201:1|1:2:100000|2:100106:100,0,1,30.0,4.989999771118164,image_5003,126,,999
5003031,5003,61级礼包,冲级神器，遥遥领先,com.cbaqlyf.ximi.bigbang193.30,1:6:300|2:400201:1|1:2:100000|2:100106:100,0,1,30.0,4.989999771118164,image_5003,126,,999
5003032,5003,62级礼包,冲级神器，遥遥领先,com.cbaqlyf.ximi.bigbang193.30,1:6:300|2:400201:1|1:2:100000|2:100106:100,0,1,30.0,4.989999771118164,image_5003,126,,999
5003033,5003,63级礼包,冲级神器，遥遥领先,com.cbaqlyf.ximi.bigbang193.30,1:6:300|2:400201:1|1:2:100000|2:100106:100,0,1,30.0,4.989999771118164,image_5003,126,,999
5003034,5003,64级礼包,冲级神器，遥遥领先,com.cbaqlyf.ximi.bigbang193.30,1:6:300|2:400201:1|1:2:100000|2:100106:100,0,1,30.0,4.989999771118164,image_5003,126,,999
5003035,5003,65级礼包,冲级神器，遥遥领先,com.cbaqlyf.ximi.bigbang193.30,1:6:300|2:400201:1|1:2:100000|2:100106:100,0,1,30.0,4.989999771118164,image_5003,126,,999
5003036,5003,66级礼包,冲级神器，遥遥领先,com.cbaqlyf.ximi.bigbang193.30,1:6:300|2:400201:1|1:2:100000|2:100106:100,0,1,30.0,4.989999771118164,image_5003,126,,999
5003037,5003,67级礼包,冲级神器，遥遥领先,com.cbaqlyf.ximi.bigbang193.30,1:6:300|2:400201:1|1:2:100000|2:100106:100,0,1,30.0,4.989999771118164,image_5003,126,,999
5003038,5003,68级礼包,冲级神器，遥遥领先,com.cbaqlyf.ximi.bigbang193.30,1:6:300|2:400201:1|1:2:100000|2:100106:100,0,1,30.0,4.989999771118164,image_5003,126,,999
5003039,5003,69级礼包,冲级神器，遥遥领先,com.cbaqlyf.ximi.bigbang193.30,1:6:300|2:400201:1|1:2:100000|2:100106:100,0,1,30.0,4.989999771118164,image_5003,126,,999
5003040,5003,70级礼包,冲级神器，遥遥领先,com.cbaqlyf.ximi.bigbang193.30,1:6:300|2:400201:1|1:2:100000|2:100106:100,0,1,30.0,4.989999771118164,image_5003,126,,999
5003041,5003,71级礼包,冲级神器，遥遥领先,com.cbaqlyf.ximi.bigbang193.30,1:6:300|2:400201:1|1:2:100000|2:100106:100,0,1,30.0,4.989999771118164,image_5003,126,,999
5003042,5003,72级礼包,冲级神器，遥遥领先,com.cbaqlyf.ximi.bigbang193.30,1:6:300|2:400201:1|1:2:100000|2:100106:100,0,1,30.0,4.989999771118164,image_5003,126,,999
5003043,5003,73级礼包,冲级神器，遥遥领先,com.cbaqlyf.ximi.bigbang193.30,1:6:300|2:400201:1|1:2:100000|2:100106:100,0,1,30.0,4.989999771118164,image_5003,126,,999
5003044,5003,74级礼包,冲级神器，遥遥领先,com.cbaqlyf.ximi.bigbang193.30,1:6:300|2:400201:1|1:2:100000|2:100106:100,0,1,30.0,4.989999771118164,image_5003,126,,999
5003045,5003,75级礼包,冲级神器，遥遥领先,com.cbaqlyf.ximi.bigbang193.30,1:6:300|2:400201:1|1:2:100000|2:100106:100,0,1,30.0,4.989999771118164,image_5003,126,,999
5003046,5003,76级礼包,冲级神器，遥遥领先,com.cbaqlyf.ximi.bigbang193.30,1:6:300|2:400201:1|1:2:100000|2:100106:100,0,1,30.0,4.989999771118164,image_5003,126,,999
5003047,5003,77级礼包,冲级神器，遥遥领先,com.cbaqlyf.ximi.bigbang193.30,1:6:300|2:400201:1|1:2:100000|2:100106:100,0,1,30.0,4.989999771118164,image_5003,126,,999
5003048,5003,78级礼包,冲级神器，遥遥领先,com.cbaqlyf.ximi.bigbang193.30,1:6:300|2:400201:1|1:2:100000|2:100106:100,0,1,30.0,4.989999771118164,image_5003,126,,999
5003049,5003,79级礼包,冲级神器，遥遥领先,com.cbaqlyf.ximi.bigbang193.30,1:6:300|2:400201:1|1:2:100000|2:100106:100,0,1,30.0,4.989999771118164,image_5003,126,,999
5003050,5003,80级礼包,冲级神器，遥遥领先,com.cbaqlyf.ximi.bigbang193.30,1:6:300|2:400201:1|1:2:100000|2:100106:100,0,1,30.0,4.989999771118164,image_5003,126,,999
5003051,5003,81级礼包,冲级神器，遥遥领先,com.cbaqlyf.ximi.bigbang193.30,1:6:300|2:400201:1|1:2:100000|2:100106:100,0,1,30.0,4.989999771118164,image_5003,126,,999
5003052,5003,82级礼包,冲级神器，遥遥领先,com.cbaqlyf.ximi.bigbang193.30,1:6:300|2:400201:1|1:2:100000|2:100106:100,0,1,30.0,4.989999771118164,image_5003,126,,999
5003053,5003,83级礼包,冲级神器，遥遥领先,com.cbaqlyf.ximi.bigbang193.30,1:6:300|2:400201:1|1:2:100000|2:100106:100,0,1,30.0,4.989999771118164,image_5003,126,,999
5003054,5003,84级礼包,冲级神器，遥遥领先,com.cbaqlyf.ximi.bigbang193.30,1:6:300|2:400201:1|1:2:100000|2:100106:100,0,1,30.0,4.989999771118164,image_5003,126,,999
5003055,5003,85级礼包,冲级神器，遥遥领先,com.cbaqlyf.ximi.bigbang193.30,1:6:300|2:400201:1|1:2:100000|2:100106:100,0,1,30.0,4.989999771118164,image_5003,126,,999
5003056,5003,86级礼包,冲级神器，遥遥领先,com.cbaqlyf.ximi.bigbang193.30,1:6:300|2:400201:1|1:2:100000|2:100106:100,0,1,30.0,4.989999771118164,image_5003,126,,999
5003057,5003,87级礼包,冲级神器，遥遥领先,com.cbaqlyf.ximi.bigbang193.30,1:6:300|2:400201:1|1:2:100000|2:100106:100,0,1,30.0,4.989999771118164,image_5003,126,,999
5003058,5003,88级礼包,冲级神器，遥遥领先,com.cbaqlyf.ximi.bigbang193.30,1:6:300|2:400201:1|1:2:100000|2:100106:100,0,1,30.0,4.989999771118164,image_5003,126,,999
5003059,5003,89级礼包,冲级神器，遥遥领先,com.cbaqlyf.ximi.bigbang193.30,1:6:300|2:400201:1|1:2:100000|2:100106:100,0,1,30.0,4.989999771118164,image_5003,126,,999
5003060,5003,90级礼包,冲级神器，遥遥领先,com.cbaqlyf.ximi.bigbang193.30,1:6:300|2:400201:1|1:2:100000|2:100106:100,0,1,30.0,4.989999771118164,image_5003,126,,999
5003061,5003,91级礼包,冲级神器，遥遥领先,com.cbaqlyf.ximi.bigbang193.30,1:6:300|2:400201:1|1:2:100000|2:100106:100,0,1,30.0,4.989999771118164,image_5003,126,,999
5003062,5003,92级礼包,冲级神器，遥遥领先,com.cbaqlyf.ximi.bigbang193.30,1:6:300|2:400201:1|1:2:100000|2:100106:100,0,1,30.0,4.989999771118164,image_5003,126,,999
5003063,5003,93级礼包,冲级神器，遥遥领先,com.cbaqlyf.ximi.bigbang193.30,1:6:300|2:400201:1|1:2:100000|2:100106:100,0,1,30.0,4.989999771118164,image_5003,126,,999
5003064,5003,94级礼包,冲级神器，遥遥领先,com.cbaqlyf.ximi.bigbang193.30,1:6:300|2:400201:1|1:2:100000|2:100106:100,0,1,30.0,4.989999771118164,image_5003,126,,999
5003065,5003,95级礼包,冲级神器，遥遥领先,com.cbaqlyf.ximi.bigbang193.30,1:6:300|2:400201:1|1:2:100000|2:100106:100,0,1,30.0,4.989999771118164,image_5003,126,,999
5003066,5003,96级礼包,冲级神器，遥遥领先,com.cbaqlyf.ximi.bigbang193.30,1:6:300|2:400201:1|1:2:100000|2:100106:100,0,1,30.0,4.989999771118164,image_5003,126,,999
5003067,5003,97级礼包,冲级神器，遥遥领先,com.cbaqlyf.ximi.bigbang193.30,1:6:300|2:400201:1|1:2:100000|2:100106:100,0,1,30.0,4.989999771118164,image_5003,126,,999
5003068,5003,98级礼包,冲级神器，遥遥领先,com.cbaqlyf.ximi.bigbang193.30,1:6:300|2:400201:1|1:2:100000|2:100106:100,0,1,30.0,4.989999771118164,image_5003,126,,999
5003069,5003,99级礼包,冲级神器，遥遥领先,com.cbaqlyf.ximi.bigbang193.30,1:6:300|2:400201:1|1:2:100000|2:100106:100,0,1,30.0,4.989999771118164,image_5003,126,,999
5003070,5003,100级礼包,冲级神器，遥遥领先,com.cbaqlyf.ximi.bigbang193.30,1:6:300|2:400201:1|1:2:100000|2:100106:100,0,1,30.0,4.989999771118164,image_5003,126,,999
5003071,5003,101级礼包,冲级神器，遥遥领先,com.cbaqlyf.ximi.bigbang193.30,1:6:300|2:400201:1|1:2:100000|2:100106:100,0,1,30.0,4.989999771118164,image_5003,126,,999
5003072,5003,102级礼包,冲级神器，遥遥领先,com.cbaqlyf.ximi.bigbang193.30,1:6:300|2:400201:1|1:2:100000|2:100106:100,0,1,30.0,4.989999771118164,image_5003,126,,999
5003073,5003,103级礼包,冲级神器，遥遥领先,com.cbaqlyf.ximi.bigbang193.30,1:6:300|2:400201:1|1:2:100000|2:100106:100,0,1,30.0,4.989999771118164,image_5003,126,,999
5003074,5003,104级礼包,冲级神器，遥遥领先,com.cbaqlyf.ximi.bigbang193.30,1:6:300|2:400201:1|1:2:100000|2:100106:100,0,1,30.0,4.989999771118164,image_5003,126,,999
5003075,5003,105级礼包,冲级神器，遥遥领先,com.cbaqlyf.ximi.bigbang193.30,1:6:300|2:400201:1|1:2:100000|2:100106:100,0,1,30.0,4.989999771118164,image_5003,126,,999
5003076,5003,106级礼包,冲级神器，遥遥领先,com.cbaqlyf.ximi.bigbang193.30,1:6:300|2:400201:1|1:2:100000|2:100106:100,0,1,30.0,4.989999771118164,image_5003,126,,999
5003077,5003,107级礼包,冲级神器，遥遥领先,com.cbaqlyf.ximi.bigbang193.30,1:6:300|2:400201:1|1:2:100000|2:100106:100,0,1,30.0,4.989999771118164,image_5003,126,,999
5003078,5003,108级礼包,冲级神器，遥遥领先,com.cbaqlyf.ximi.bigbang193.30,1:6:300|2:400201:1|1:2:100000|2:100106:100,0,1,30.0,4.989999771118164,image_5003,126,,999
5003079,5003,109级礼包,冲级神器，遥遥领先,com.cbaqlyf.ximi.bigbang193.30,1:6:300|2:400201:1|1:2:100000|2:100106:100,0,1,30.0,4.989999771118164,image_5003,126,,999
5003080,5003,110级礼包,冲级神器，遥遥领先,com.cbaqlyf.ximi.bigbang193.30,1:6:300|2:400201:1|1:2:100000|2:100106:100,0,1,30.0,4.989999771118164,image_5003,126,,999
5003081,5003,111级礼包,冲级神器，遥遥领先,com.cbaqlyf.ximi.bigbang193.30,1:6:300|2:400201:1|1:2:100000|2:100106:100,0,1,30.0,4.989999771118164,image_5003,126,,999
5003082,5003,112级礼包,冲级神器，遥遥领先,com.cbaqlyf.ximi.bigbang193.30,1:6:300|2:400201:1|1:2:100000|2:100106:100,0,1,30.0,4.989999771118164,image_5003,126,,999
5003083,5003,113级礼包,冲级神器，遥遥领先,com.cbaqlyf.ximi.bigbang193.30,1:6:300|2:400201:1|1:2:100000|2:100106:100,0,1,30.0,4.989999771118164,image_5003,126,,999
5003084,5003,114级礼包,冲级神器，遥遥领先,com.cbaqlyf.ximi.bigbang193.30,1:6:300|2:400201:1|1:2:100000|2:100106:100,0,1,30.0,4.989999771118164,image_5003,126,,999
5003085,5003,115级礼包,冲级神器，遥遥领先,com.cbaqlyf.ximi.bigbang193.30,1:6:300|2:400201:1|1:2:100000|2:100106:100,0,1,30.0,4.989999771118164,image_5003,126,,999
5003086,5003,116级礼包,冲级神器，遥遥领先,com.cbaqlyf.ximi.bigbang193.30,1:6:300|2:400201:1|1:2:100000|2:100106:100,0,1,30.0,4.989999771118164,image_5003,126,,999
5003087,5003,117级礼包,冲级神器，遥遥领先,com.cbaqlyf.ximi.bigbang193.30,1:6:300|2:400201:1|1:2:100000|2:100106:100,0,1,30.0,4.989999771118164,image_5003,126,,999
5003088,5003,118级礼包,冲级神器，遥遥领先,com.cbaqlyf.ximi.bigbang193.30,1:6:300|2:400201:1|1:2:100000|2:100106:100,0,1,30.0,4.989999771118164,image_5003,126,,999
5003089,5003,119级礼包,冲级神器，遥遥领先,com.cbaqlyf.ximi.bigbang193.30,1:6:300|2:400201:1|1:2:100000|2:100106:100,0,1,30.0,4.989999771118164,image_5003,126,,999
5003090,5003,120级礼包,冲级神器，遥遥领先,com.cbaqlyf.ximi.bigbang193.30,1:6:300|2:400201:1|1:2:100000|2:100106:100,0,1,30.0,4.989999771118164,image_5003,126,,999
4001001,4001,战斗令牌,test…,com.cbaqlyf.ximi.bigbang283.128,,0,0,128.0,19.989999771118164,,0,,2400
5002101,5002,绝版升星包-易建联2,激活天赋，助力球队爆发,com.cbaqlyf.ximi.bigbang284.128,2:304001:30|2:400102:30|2:100104:500|1:2:5000,0,1,128.0,19.989999771118164,image_5002,-126,104001,880
5002102,5002,郭艾伦升星包2,激活天赋，助力球队爆发,com.cbaqlyf.ximi.bigbang284.128,2:304002:30|2:400102:30|2:100104:500|1:2:5000,0,1,128.0,19.989999771118164,image_5002,-126,104002,880
5002103,5002,阿不都沙拉木升星包2,激活天赋，助力球队爆发,com.cbaqlyf.ximi.bigbang284.128,2:304003:30|2:400102:30|2:100104:500|1:2:5000,0,1,128.0,19.989999771118164,image_5002,-126,104003,880
5002104,5002,赵继伟升星包2,激活天赋，助力球队爆发,com.cbaqlyf.ximi.bigbang284.128,2:304004:30|2:400102:30|2:100104:500|1:2:5000,0,1,128.0,19.989999771118164,image_5002,-126,104004,880
5002105,5002,韩德君升星包2,激活天赋，助力球队爆发,com.cbaqlyf.ximi.bigbang284.128,2:304005:30|2:400102:30|2:100104:500|1:2:5000,0,1,128.0,19.989999771118164,image_5002,-126,104005,880
5002106,5002,赵睿升星包2,激活天赋，助力球队爆发,com.cbaqlyf.ximi.bigbang284.128,2:304006:30|2:400102:30|2:100104:500|1:2:5000,0,1,128.0,19.989999771118164,image_5002,-126,104006,880
5002107,5002,胡金秋升星包2,激活天赋，助力球队爆发,com.cbaqlyf.ximi.bigbang284.128,2:304007:30|2:400102:30|2:100104:500|1:2:5000,0,1,128.0,19.989999771118164,image_5002,-126,104007,880
5002108,5002,王哲林升星包2,激活天赋，助力球队爆发,com.cbaqlyf.ximi.bigbang284.128,2:304008:30|2:400102:30|2:100104:500|1:2:5000,0,1,128.0,19.989999771118164,image_5002,-126,104008,880
5002109,5002,沈梓捷升星包2,激活天赋，助力球队爆发,com.cbaqlyf.ximi.bigbang284.128,2:304009:30|2:400102:30|2:100104:500|1:2:5000,0,1,128.0,19.989999771118164,image_5002,-126,104009,880
5002110,5002,张镇麟升星包2,激活天赋，助力球队爆发,com.cbaqlyf.ximi.bigbang284.128,2:304010:30|2:400102:30|2:100104:500|1:2:5000,0,1,128.0,19.989999771118164,image_5002,-126,104010,880
5002111,5002,陶汉林升星包2,激活天赋，助力球队爆发,com.cbaqlyf.ximi.bigbang284.128,2:304011:30|2:400102:30|2:100104:500|1:2:5000,0,1,128.0,19.989999771118164,image_5002,-126,104011,880
5002112,5002,孙铭徽升星包2,激活天赋，助力球队爆发,com.cbaqlyf.ximi.bigbang284.128,2:304012:30|2:400102:30|2:100104:500|1:2:5000,0,1,128.0,19.989999771118164,image_5002,-126,104012,880
5002113,5002,周鹏升星包2,激活天赋，助力球队爆发,com.cbaqlyf.ximi.bigbang284.128,2:304013:30|2:400102:30|2:100104:500|1:2:5000,0,1,128.0,19.989999771118164,image_5002,-126,104013,880
5002114,5002,胡明轩升星包2,激活天赋，助力球队爆发,com.cbaqlyf.ximi.bigbang284.128,2:304014:30|2:400102:30|2:100104:500|1:2:5000,0,1,128.0,19.989999771118164,image_5002,-126,104014,880
5002115,5002,吴冠希升星包2,激活天赋，助力球队爆发,com.cbaqlyf.ximi.bigbang284.128,2:304015:30|2:400102:30|2:100104:500|1:2:5000,0,1,128.0,19.989999771118164,image_5002,-126,104015,880
5002116,5002,吴前升星包2,激活天赋，助力球队爆发,com.cbaqlyf.ximi.bigbang284.128,2:304016:30|2:400102:30|2:100104:500|1:2:5000,0,1,128.0,19.989999771118164,image_5002,-126,104016,880
5002117,5002,林庭谦升星包2,激活天赋，助力球队爆发,com.cbaqlyf.ximi.bigbang284.128,2:304017:30|2:400102:30|2:100104:500|1:2:5000,0,1,128.0,19.989999771118164,image_5002,-126,104017,880
5002118,5002,陈盈骏升星包2,激活天赋，助力球队爆发,com.cbaqlyf.ximi.bigbang284.128,2:304018:30|2:400102:30|2:100104:500|1:2:5000,0,1,128.0,19.989999771118164,image_5002,-126,104018,880
5002119,5002,葛昭宝升星包2,激活天赋，助力球队爆发,com.cbaqlyf.ximi.bigbang284.128,2:304019:30|2:400102:30|2:100104:500|1:2:5000,0,1,128.0,19.989999771118164,image_5002,-126,104019,880
5002120,5002,赵岩昊升星包2,激活天赋，助力球队爆发,com.cbaqlyf.ximi.bigbang284.128,2:304020:30|2:400102:30|2:100104:500|1:2:5000,0,1,128.0,19.989999771118164,image_5002,-126,104020,880
5002121,5002,林书豪升星包2,激活天赋，助力球队爆发,com.cbaqlyf.ximi.bigbang284.128,2:304021:30|2:400102:30|2:100104:500|1:2:5000,0,1,128.0,19.989999771118164,image_5002,-126,104021,880
5002122,5002,范子铭升星包2,激活天赋，助力球队爆发,com.cbaqlyf.ximi.bigbang284.128,2:304022:30|2:400102:30|2:100104:500|1:2:5000,0,1,128.0,19.989999771118164,image_5002,-126,104022,880
5002123,5002,姜伟泽升星包2,激活天赋，助力球队爆发,com.cbaqlyf.ximi.bigbang284.128,2:304023:30|2:400102:30|2:100104:500|1:2:5000,0,1,128.0,19.989999771118164,image_5002,-126,104023,880
5002124,5002,西热力江升星包2,激活天赋，助力球队爆发,com.cbaqlyf.ximi.bigbang284.128,2:304024:30|2:400102:30|2:100104:500|1:2:5000,0,1,128.0,19.989999771118164,image_5002,-126,104024,880
5002125,5002,高诗岩升星包2,激活天赋，助力球队爆发,com.cbaqlyf.ximi.bigbang284.128,2:304025:30|2:400102:30|2:100104:500|1:2:5000,0,1,128.0,19.989999771118164,image_5002,-126,104025,880
5002126,5002,邹雨宸升星包2,激活天赋，助力球队爆发,com.cbaqlyf.ximi.bigbang284.128,2:304026:30|2:400102:30|2:100104:500|1:2:5000,0,1,128.0,19.989999771118164,image_5002,-126,104026,880
5002127,5002,贺希宁升星包2,激活天赋，助力球队爆发,com.cbaqlyf.ximi.bigbang284.128,2:304027:30|2:400102:30|2:100104:500|1:2:5000,0,1,128.0,19.989999771118164,image_5002,-126,104027,880
5002128,5002,顾全升星包2,激活天赋，助力球队爆发,com.cbaqlyf.ximi.bigbang284.128,2:304028:30|2:400102:30|2:100104:500|1:2:5000,0,1,128.0,19.989999771118164,image_5002,-126,104028,880
5002129,5002,陈林坚升星包2,激活天赋，助力球队爆发,com.cbaqlyf.ximi.bigbang284.128,2:304029:30|2:400102:30|2:100104:500|1:2:5000,0,1,128.0,19.989999771118164,image_5002,-126,104029,880
5002130,5002,姜宇星升星包2,激活天赋，助力球队爆发,com.cbaqlyf.ximi.bigbang284.128,2:304030:30|2:400102:30|2:100104:500|1:2:5000,0,1,128.0,19.989999771118164,image_5002,-126,104030,880
5002131,5002,绝版升星包-崔永熙2,激活天赋，助力球队爆发,com.cbaqlyf.ximi.bigbang284.128,2:304031:30|2:400102:30|2:100104:500|1:2:5000,0,1,128.0,19.989999771118164,image_5002,-126,104031,880
5002132,5002,绝版升星包-曾凡博2,激活天赋，助力球队爆发,com.cbaqlyf.ximi.bigbang284.128,2:304032:30|2:400102:30|2:100104:500|1:2:5000,0,1,128.0,19.989999771118164,image_5002,-126,104032,880
5002133,5002,绝版升星包-林葳2,激活天赋，助力球队爆发,com.cbaqlyf.ximi.bigbang284.128,2:304033:30|2:400102:30|2:100104:500|1:2:5000,0,1,128.0,19.989999771118164,image_5002,-126,104033,880
5002134,5002,绝版升星包-程帅澎2,激活天赋，助力球队爆发,com.cbaqlyf.ximi.bigbang284.128,2:304034:30|2:400102:30|2:100104:500|1:2:5000,0,1,128.0,19.989999771118164,image_5002,-126,104034,880
5002135,5002,绝版升星包-周琦2,激活天赋，助力球队爆发,com.cbaqlyf.ximi.bigbang284.128,2:304035:30|2:400102:30|2:100104:500|1:2:5000,0,1,128.0,19.989999771118164,image_5002,-126,104035,880
5002136,5002,杨瀚森升星包2,激活天赋，助力球队爆发,com.cbaqlyf.ximi.bigbang284.128,2:304038:30|2:400102:30|2:100104:500|1:2:5000,0,1,128.0,19.989999771118164,image_5002,-126,104038,880
5002201,5002,绝版升星包-易建联3,激活天赋，助力球队爆发,com.cbaqlyf.ximi.bigbang284.128,2:304001:30|2:400102:30|2:100104:500|1:2:5000,0,1,128.0,19.989999771118164,image_5002,-126,104001,880
5002301,5002,绝版升星包-易建联4,激活天赋，助力球队爆发,com.cbaqlyf.ximi.bigbang318.328,2:304001:100|2:400102:30|2:100104:500|1:2:5000,0,1,328.0,49.9900016784668,image_5002,-126,104001,680
5002401,5002,绝版升星包-易建联5,激活天赋，助力球队爆发,com.cbaqlyf.ximi.bigbang318.328,2:304001:100|2:400102:30|2:100104:500|1:2:5000,0,1,328.0,49.9900016784668,image_5002,-126,104001,680
5002501,5002,绝版升星包-易建联6,激活天赋，助力球队爆发,com.cbaqlyf.ximi.bigbang318.328,2:304001:100|2:400102:30|2:100104:500|1:2:5000,0,1,328.0,49.9900016784668,image_5002,-126,104001,680
5002601,5002,绝版升星包-易建联7,激活天赋，助力球队爆发,com.cbaqlyf.ximi.bigbang318.328,2:304001:100|2:400102:30|2:100104:500|1:2:5000,0,1,328.0,49.9900016784668,image_5002,-126,104001,680
5002701,5002,绝版升星包-易建联8,激活天赋，助力球队爆发,com.cbaqlyf.ximi.bigbang318.328,2:304001:100|2:400102:30|2:100104:500|1:2:5000,0,1,328.0,49.9900016784668,image_5002,-126,104001,680
5002801,5002,绝版升星包-易建联9,激活天赋，助力球队爆发,com.cbaqlyf.ximi.bigbang318.328,2:304001:100|2:400102:30|2:100104:500|1:2:5000,0,1,328.0,49.9900016784668,image_5002,-126,104001,680
5002901,5002,绝版升星包-易建联10,激活天赋，助力球队爆发,com.cbaqlyf.ximi.bigbang318.328,2:304001:100|2:400102:30|2:100104:500|1:2:5000,0,1,328.0,49.9900016784668,image_5002,-126,104001,680
6001001,16001,元旦特惠包,特惠道具,com.cbaqlyf.ximi.bigbang8.6,1:1:68|1:6:100,1,0,6.0,0.9900000095367432,,0,,200
6001002,16001,元旦惊喜包,超值优惠,com.cbaqlyf.ximi.bigbang22.30,1:1:328|1:2:38888,1,0,30.0,4.989999771118164,,0,,250
6001003,16001,元旦福气包,实惠推荐,com.cbaqlyf.ximi.bigbang163.68,1:1:666|2:100106:100|2:304036:5,1,0,68.0,9.989999771118164,,0,,400
6001004,16001,元旦吉祥包,物超所值,com.cbaqlyf.ximi.bigbang284.128,2:400151:15|2:400102:15|2:304036:10,0,4,128.0,19.989999771118164,,0,,500
6001005,16001,元旦豪华包,豪华组合,com.cbaqlyf.ximi.bigbang318.328,2:400102:25|2:100107:88|2:304036:20,0,4,328.0,49.9900016784668,,0,,1000
6001006,16001,元旦尊享包,元旦尊享,com.cbaqlyf.ximi.bigbang14.648,2:400101:66|2:400102:40|2:304036:40,0,4,648.0,99.98999786376953,,0,,1200
7001001,16002,新春特惠包,特惠道具,com.cbaqlyf.ximi.bigbang8.6,1:1:68|1:6:100|2:700002:5,1,0,6.0,0.9900000095367432,,0,,200
7001002,16002,新春惊喜包,超值优惠,com.cbaqlyf.ximi.bigbang22.30,1:1:368|2:100105:98|2:700002:28,1,0,30.0,4.989999771118164,,0,,250
7001003,16002,新春福气包,实惠推荐,com.cbaqlyf.ximi.bigbang163.68,1:1:666|2:100105:188|2:304039:5|2:700002:66,1,0,68.0,9.989999771118164,,0,,400
7001004,16002,新春吉祥包,物超所值,com.cbaqlyf.ximi.bigbang284.128,2:304039:10|2:400151:10|2:400101:10|2:700002:138,0,6,128.0,19.989999771118164,,0,,500
7001005,16002,新春豪华包,豪华组合,com.cbaqlyf.ximi.bigbang318.328,2:304039:20|2:400102:60|2:400101:30|2:700002:366,0,6,328.0,49.9900016784668,,0,,1000
7001006,16002,新春尊享包,新春尊享,com.cbaqlyf.ximi.bigbang14.648,2:304039:45|2:400102:80|2:400101:60|2:700002:888,0,6,648.0,99.98999786376953,,0,,1200
8001001,16002,不打烊礼包1,特惠道具,com.cbaqlyf.ximi.bigbang8.6,1:1:68|2:400206:5|2:100105:5,0,0,6.0,0.9900000095367432,,0,,200
8001002,16002,不打烊礼包2,超值优惠,com.cbaqlyf.ximi.bigbang22.30,1:1:368|2:400209:10|2:100105:35,0,0,30.0,4.989999771118164,,0,,250
8001003,16002,不打烊礼包3,实惠推荐,com.cbaqlyf.ximi.bigbang163.68,1:1:666|2:400208:30|2:100105:166|2:700002:66,0,0,68.0,9.989999771118164,,0,,400
8001004,16002,不打烊礼包4,物超所值,com.cbaqlyf.ximi.bigbang284.128,2:400201:10|2:100105:288|2:400151:5|2:700002:138,0,0,128.0,19.989999771118164,,0,,500
8001005,16002,不打烊礼包5,豪华组合,com.cbaqlyf.ximi.bigbang318.328,2:200231:10|2:400102:25|2:400101:20|2:700002:366,0,0,328.0,49.9900016784668,,0,,1000
8001006,16002,不打烊礼包6,元旦尊享,com.cbaqlyf.ximi.bigbang14.648,2:200231:25|2:400102:55|2:400101:35|2:700002:888,0,0,648.0,99.98999786376953,,0,,1200
9001001,16003,体力充沛包,物超所值,com.cbaqlyf.ximi.bigbang8.6,1:6:300,0,1,6.0,0.9900000095367432,,0,,500
9001002,16003,赛事补给包,实惠道具,com.cbaqlyf.ximi.bigbang22.30,2:400207:15|2:400208:15|2:400209:15,0,6,30.0,4.989999771118164,,0,,750
9001003,16003,特惠招募包,特惠推荐,com.cbaqlyf.ximi.bigbang163.68,2:400210:10,0,1,68.0,9.989999771118164,,0,,450
9001004,16003,钜惠招募包,钜惠推荐,com.cbaqlyf.ximi.bigbang284.128,2:400210:20,0,1,128.0,19.989999771118164,,0,,470
9001005,16003,球员成长包,超值组合,com.cbaqlyf.ximi.bigbang318.328,2:200260:25|2:400102:30|1:2:18000,0,10,328.0,49.9900016784668,,0,,700
9001006,16003,红色品质进阶包,突破极限,com.cbaqlyf.ximi.bigbang14.648,2:400151:50|1:2:500000,0,1,648.0,99.98999786376953,,0,,450
9001007,16003,球员高级成长包,豪华组合,com.cbaqlyf.ximi.bigbang14.648,2:200260:50|2:400102:65|1:2:110000,0,8,648.0,99.98999786376953,,0,,750
9001008,16003,球员终极成长包,豪华组合,com.cbaqlyf.ximi.bigbang14.648,2:200260:40|2:400101:50|1:2:88000,0,10,648.0,99.98999786376953,,0,,750
10001001,16004,体力充沛包,物超所值,com.cbaqlyf.ximi.bigbang8.6,1:6:300,0,1,6.0,0.9900000095367432,,0,,500
10001002,16004,赛事补给包,实惠道具,com.cbaqlyf.ximi.bigbang22.30,2:400207:15|2:400208:15|2:400209:15,0,6,30.0,4.989999771118164,,0,,750
10001003,16004,特惠招募包,特惠推荐,com.cbaqlyf.ximi.bigbang163.68,2:400210:10,0,1,68.0,9.989999771118164,,0,,450
10001004,16004,钜惠招募包,钜惠推荐,com.cbaqlyf.ximi.bigbang284.128,2:400210:20,0,1,128.0,19.989999771118164,,0,,470
10001005,16004,球员成长包,超值组合,com.cbaqlyf.ximi.bigbang318.328,2:200260:25|2:400102:30|1:2:18000,0,10,328.0,49.9900016784668,,0,,700
10001006,16004,红色品质进阶包,突破极限,com.cbaqlyf.ximi.bigbang14.648,2:400151:50|1:2:500000,0,1,648.0,99.98999786376953,,0,,450
10001007,16004,球员高级成长包,豪华组合,com.cbaqlyf.ximi.bigbang14.648,2:200260:50|2:400102:65|1:2:110000,0,8,648.0,99.98999786376953,,0,,750
10001008,16004,球员终极成长包,豪华组合,com.cbaqlyf.ximi.bigbang14.648,2:200260:40|2:400101:50|1:2:88000,0,10,648.0,99.98999786376953,,0,,750
10002001,16005,体力充沛包,物超所值,com.cbaqlyf.ximi.bigbang8.6,1:6:300,0,1,6.0,0.9900000095367432,,0,,500
10002002,16005,赛事补给包,实惠道具,com.cbaqlyf.ximi.bigbang22.30,2:400207:15|2:400208:15|2:400209:15,0,6,30.0,4.989999771118164,,0,,750
10002003,16005,特惠招募包,特惠推荐,com.cbaqlyf.ximi.bigbang163.68,2:400210:10|2:700004:68,0,1,68.0,9.989999771118164,,0,,450
10002004,16005,钜惠招募包,钜惠推荐,com.cbaqlyf.ximi.bigbang284.128,2:400210:20|2:700004:130,0,1,128.0,19.989999771118164,,0,,470
10002005,16005,球员成长包,超值组合,com.cbaqlyf.ximi.bigbang318.328,2:200260:25|2:400102:30|1:2:18000|2:700004:338,0,10,328.0,49.9900016784668,,0,,700
10002006,16005,红色品质进阶包,突破极限,com.cbaqlyf.ximi.bigbang14.648,2:400151:50|1:2:500000|2:700004:688,0,1,648.0,99.98999786376953,,0,,450
10002007,16005,球员高级成长包,豪华组合,com.cbaqlyf.ximi.bigbang14.648,2:200260:50|2:400102:65|1:2:110000|2:700004:688,0,8,648.0,99.98999786376953,,0,,750
10002008,16005,球员终极成长包,豪华组合,com.cbaqlyf.ximi.bigbang14.648,2:200260:40|2:400101:50|1:2:88000|2:700004:688,0,10,648.0,99.98999786376953,,0,,750
10003001,16006,体力充沛包,物超所值,com.cbaqlyf.ximi.bigbang8.6,1:6:300,0,1,6.0,0.9900000095367432,,0,,500
10003002,16006,赛事补给包,实惠道具,com.cbaqlyf.ximi.bigbang22.30,2:400207:15|2:400208:15|2:400209:15,0,6,30.0,4.989999771118164,,0,,750
10003003,16006,特惠招募包,特惠推荐,com.cbaqlyf.ximi.bigbang163.68,2:400210:10,0,1,68.0,9.989999771118164,,0,,450
10003004,16006,钜惠招募包,钜惠推荐,com.cbaqlyf.ximi.bigbang284.128,2:400210:20,0,1,128.0,19.989999771118164,,0,,470
10003005,16006,球员成长包,超值组合,com.cbaqlyf.ximi.bigbang318.328,2:200260:25|2:400102:30|1:2:18000,0,10,328.0,49.9900016784668,,0,,700
10003006,16006,红色品质进阶包,突破极限,com.cbaqlyf.ximi.bigbang14.648,2:400151:50|1:2:500000,0,1,648.0,99.98999786376953,,0,,450
10003007,16006,球员高级成长包,豪华组合,com.cbaqlyf.ximi.bigbang14.648,2:200260:50|2:400102:65|1:2:110000,0,8,648.0,99.98999786376953,,0,,750
10003008,16006,球员终极成长包,豪华组合,com.cbaqlyf.ximi.bigbang14.648,2:200260:40|2:400101:50|1:2:88000,0,10,648.0,99.98999786376953,,0,,750
