Id,Name,Number
20101,第1章,10
20102,第2章,10
20103,第3章,10
20104,第4章,10
20105,第5章,10
20106,第6章,10
20107,第7章,10
20108,第8章,10
20109,第9章,10
20110,第10章,10
20111,第11章,10
20112,第12章,10
20113,第13章,10
20114,第14章,10
20115,第15章,10
20116,第16章,10
20117,第17章,10
20118,第18章,10
20119,第19章,10
20120,第20章,10
20121,第21章,10
20122,第22章,10
20123,第23章,10
20124,第24章,10
20125,第25章,10
20126,第26章,10
20127,第27章,10
20128,第28章,10
20129,第29章,10
20130,第30章,10
20131,第31章,10
20132,第32章,10
20133,第33章,10
20134,第34章,10
20135,第35章,10
20136,第36章,10
20137,第37章,10
20138,第38章,10
20139,第39章,10
20140,第40章,10
20141,第41章,10
20142,第42章,10
20143,第43章,10
20144,第44章,10
20145,第45章,10
20146,第46章,10
20147,第47章,10
20148,第48章,10
20149,第49章,10
20150,第50章,10
20151,第51章,10
20152,第52章,10
20153,第53章,10
20154,第54章,10
20155,第55章,10
20156,第56章,10
20157,第57章,10
20158,第58章,10
20159,第59章,10
20160,第60章,10
20161,第61章,10
20162,第62章,10
20163,第63章,10
20164,第64章,10
20165,第65章,10
20166,第66章,10
20167,第67章,10
20168,第68章,10
20169,第69章,10
20170,第70章,10
20171,第71章,10
20172,第72章,10
20173,第73章,10
20174,第74章,10
20175,第75章,10
20176,第76章,10
20177,第77章,10
20178,第78章,10
20179,第79章,10
20180,第80章,10
20181,第81章,10
20182,第82章,10
20183,第83章,10
20184,第84章,10
20185,第85章,10
20186,第86章,10
20187,第87章,10
20188,第88章,10
20189,第89章,10
20190,第90章,10
20191,第91章,10
20192,第92章,10
20193,第93章,10
20194,第94章,10
20195,第95章,10
20196,第96章,10
20197,第97章,10
20198,第98章,10
20199,第99章,10
20200,第100章,10
