Id,Name,Portrait,CardYellowBg,Height,Weight,Nationality,Position,AdaptPosition,Number,Quality,Ability,AbilityRatio,ExtraAbility,PositionRatio,PiecesId,PiecesCount,Skills,ExtractWeight,GiftIds,Desc,Param,Power,RecruitWords,IsRetire,PeakYear,PeakLogo,Sale
104001,易建联,104001,1,212,120,0,2,"[4,5]",9,4,"{""1"":86,""2"":92,""3"":61,""4"":75,""5"":67,""6"":74,""7"":75,""8"":77,""9"":88,""10"":86}","{""1"":111,""2"":119,""3"":79,""4"":97,""5"":87,""6"":96,""7"":97,""8"":100,""9"":114,""10"":111}",13,"{""1"":40,""2"":40,""3"":80,""4"":100,""5"":90}",304001,50,"[16,36]",5,"[104001110,104001210,104001310,104001410]",司职大前锋/中锋，身体素质劲爆，运动能力出色，堪称国内球员的天花板，进攻端能内能外，技术非常全面。,35|122|120,101,,1,,,1
104002,郭艾伦,104002,3,190,84,0,1,"[1,2]",13,4,"{""1"":93,""2"":71,""3"":88,""4"":88,""5"":74,""6"":70,""7"":60,""8"":74,""9"":82,""10"":83}","{""1"":120,""2"":92,""3"":114,""4"":114,""5"":96,""6"":91,""7"":78,""8"":96,""9"":106,""10"":107}",13,"{""1"":100,""2"":90,""3"":50,""4"":40,""5"":40}",304002,50,"[31,28]",5,"[104002110,104002210,104002310,104002410]",司职控球后卫，攻防两端都非常强硬，拼劲足，脚步频率快，爆发力强，突破难以阻挡。,35|122|120,101,,0,,,1
104003,阿不都沙拉木,104003,4,203,98,0,2,"[3,4]",23,4,"{""1"":95,""2"":79,""3"":73,""4"":81,""5"":71,""6"":76,""7"":75,""8"":79,""9"":83,""10"":85}","{""1"":123,""2"":102,""3"":94,""4"":105,""5"":92,""6"":98,""7"":97,""8"":102,""9"":107,""10"":110}",10,"{""1"":60,""2"":70,""3"":100,""4"":90,""5"":70}",304003,50,"[10,26]",5,"[104003110,104003210,104003310,104003410]",司职前锋，具有出色的篮板球意识，往往利用出色的臂展还有判断篮板球落点方面的优势快速抢下篮板，并且二次进攻的把握性方面非常可靠。,35|122|120,103,,0,,,1
104004,赵继伟,104004,2,183,79,0,1,[1],3,4,"{""1"":83,""2"":66,""3"":93,""4"":88,""5"":91,""6"":85,""7"":60,""8"":61,""9"":83,""10"":83}","{""1"":107,""2"":85,""3"":120,""4"":114,""5"":118,""6"":110,""7"":78,""8"":79,""9"":107,""10"":107}",10,"{""1"":100,""2"":80,""3"":50,""4"":40,""5"":40}",304004,50,"[33,1]",5,"[104004110,104004210,104004310,104004410]",司职控球后卫，较高的篮球智商，组织能力和大局观较强，并且头脑冷静，能够清晰地判断形势，合理地控制比赛节奏。,35|122|120,103,感谢队友的信任，所以我才能在关键时刻站出来！,0,,,1
104005,韩德君,104005,4,215,123,0,3,[5],55,4,"{""1"":79,""2"":95,""3"":68,""4"":75,""5"":71,""6"":81,""7"":83,""8"":85,""9"":88,""10"":91}","{""1"":102,""2"":123,""3"":88,""4"":97,""5"":92,""6"":105,""7"":107,""8"":110,""9"":114,""10"":118}",10,"{""1"":40,""2"":40,""3"":70,""4"":80,""5"":100}",304005,50,"[19,13]",5,"[104005110,104005210,104005310,104005410]",司职中锋，对抗能力出色，具备较强的低位进攻能力，还能够中距离投篮，阅读比赛的能力比较强，挡拆后冲击篮下的能力出众。,35|122|120,106,,0,,,1
104006,赵睿,104006,1,195,93,0,1,"[1,2]",10,4,"{""1"":83,""2"":76,""3"":89,""4"":86,""5"":86,""6"":83,""7"":66,""8"":76,""9"":84,""10"":84}","{""1"":107,""2"":98,""3"":115,""4"":111,""5"":111,""6"":107,""7"":85,""8"":98,""9"":109,""10"":109}",10,"{""1"":100,""2"":90,""3"":50,""4"":40,""5"":40}",304006,50,"[31,39]",5,"[104006110,104006210,104006310,104006410]",司职后卫，身材强壮，对抗出色，进攻端能突能投，防守能力也非常强，堪称外线防守大闸，还具备较强的组织能力，能力非常全面，攻防一体。,72|122|120,105,你不在谩骂声中成长，喝水，不配做一个男人！,0,,,1
104007,胡金秋,104007,2,211,111,0,2,"[4,5]",21,4,"{""1"":93,""2"":82,""3"":60,""4"":78,""5"":66,""6"":72,""7"":75,""8"":85,""9"":85,""10"":95}","{""1"":120,""2"":106,""3"":78,""4"":101,""5"":85,""6"":93,""7"":97,""8"":110,""9"":110,""10"":123}",12,"{""1"":40,""2"":40,""3"":80,""4"":100,""5"":90}",304007,50,"[16,37]",5,"[104007110,104007210,104007310,104007410]",司职中锋，攻守平衡，中投尤为精准，打球聪明，篮下脚步干净、利索、扎实，在国际赛场对抗上也不落下风。,53|122|120,102,我们会为了梦想战斗，这会永远保存在我们的记忆中！,0,,,1
104008,王哲林,104008,2,214,121,0,3,[5],94,4,"{""1"":88,""2"":88,""3"":65,""4"":75,""5"":70,""6"":87,""7"":89,""8"":78,""9"":88,""10"":88}","{""1"":114,""2"":114,""3"":84,""4"":97,""5"":91,""6"":113,""7"":115,""8"":101,""9"":114,""10"":114}",8,"{""1"":40,""2"":40,""3"":70,""4"":80,""5"":100}",304008,50,"[40,41]",5,"[104008110,104008210,104008310,104008410]",司职中锋，进攻端非常全面，具备较强的低位背打能力，篮下脚步变化多变，甚至能持球从三分线外发起进攻。,35|122|120,106,他打我不犯规？等下我也打他！,0,,,1
104009,沈梓捷,104009,1,210,114,0,3,[5],11,4,"{""1"":84,""2"":88,""3"":70,""4"":75,""5"":75,""6"":95,""7"":95,""8"":90,""9"":87,""10"":94}","{""1"":109,""2"":114,""3"":91,""4"":97,""5"":97,""6"":123,""7"":123,""8"":117,""9"":113,""10"":122}",5,"{""1"":40,""2"":40,""3"":70,""4"":80,""5"":100}",304009,50,"[10,21]",5,"[104009110,104009210,104009310,104009410]",司职前锋/中锋，身体素质劲爆，运动能力出色，臂展比较有优势，具备较强的机动能力，防守端覆盖面积大，具备较强的封盖能力。,31|122|120,111,,0,,,1
104010,张镇麟,104010,3,205,102,0,2,[3],7,4,"{""1"":83,""2"":73,""3"":64,""4"":81,""5"":80,""6"":77,""7"":65,""8"":95,""9"":84,""10"":82}","{""1"":107,""2"":94,""3"":83,""4"":105,""5"":104,""6"":100,""7"":84,""8"":123,""9"":109,""10"":106}",12,"{""1"":60,""2"":70,""3"":100,""4"":80,""5"":70}",304010,50,"[18,11]",5,"[104010110,104010210,104010310,104010410]",司职前锋，擅长冲抢前场篮板，经常能够补篮命中，进攻端能突能投，具备较强的三分能力，以无球打法为主。,35|100|120,102,,0,,,1
104011,陶汉林,104011,1,207,129,0,3,[5],20,4,"{""1"":91,""2"":90,""3"":61,""4"":75,""5"":75,""6"":81,""7"":79,""8"":88,""9"":95,""10"":90}","{""1"":118,""2"":117,""3"":79,""4"":97,""5"":97,""6"":105,""7"":102,""8"":114,""9"":123,""10"":117}",5,"{""1"":40,""2"":40,""3"":70,""4"":80,""5"":100}",304011,50,"[9,37]",5,"[104011110,104011210,104011310,104011410]",司职中锋，身材非常强壮，对抗能力出色，打法非常强硬，在篮下能扣篮绝不上篮，挡拆掩护质量比较高。,53|100|120,107,,0,,,1
104012,孙铭徽,104012,2,186,79,0,1,[1],17,4,"{""1"":87,""2"":68,""3"":95,""4"":87,""5"":87,""6"":84,""7"":68,""8"":74,""9"":81,""10"":82}","{""1"":113,""2"":88,""3"":123,""4"":113,""5"":113,""6"":109,""7"":88,""8"":96,""9"":105,""10"":106}",5,"{""1"":100,""2"":80,""3"":50,""4"":40,""5"":40}",304012,50,"[18,5]",5,"[104012110,104012210,104012310,104012410]",司职后卫，身体素质出色，具备较强的爆发力，进攻端能突能投，大局观比较强，传球富有想象力，擅长突破分球。,53|100|120,105,,0,,,1
104013,周鹏,104013,1,206,104,0,2,"[3,4]",11,4,"{""1"":81,""2"":72,""3"":72,""4"":81,""5"":75,""6"":77,""7"":73,""8"":74,""9"":84,""10"":85}","{""1"":105,""2"":93,""3"":93,""4"":105,""5"":97,""6"":100,""7"":94,""8"":96,""9"":109,""10"":110}",13,"{""1"":60,""2"":70,""3"":100,""4"":90,""5"":70}",304013,50,"[9,43]",5,"[104013110,104013210,104013310,104013410]",司职小前锋，攻防一体，有身高有速度，锋线防守大闸，进攻端能突能投，拥有一颗大心脏，关键时刻能站出来得分，经验非常丰富。,33|100|120,100,竞技比赛不谈你的困难，而是看你的成绩。,0,,,1
104014,胡明轩,104014,4,191,81,0,1,[2],3,4,"{""1"":81,""2"":68,""3"":79,""4"":86,""5"":67,""6"":69,""7"":68,""8"":75,""9"":80,""10"":83}","{""1"":105,""2"":88,""3"":102,""4"":111,""5"":87,""6"":89,""7"":88,""8"":97,""9"":104,""10"":107}",12,"{""1"":80,""2"":100,""3"":50,""4"":40,""5"":40}",304014,50,"[41,29]",5,"[104014110,104014210,104014310,104014410]",司职后卫，能力非常全面，进攻端能突能投，具备较强的处理球能力，防守端非常积极，甚至可以顶到三号位。,33|100|120,98,,0,,,1
104015,吴冠希,104015,3,211,111,0,3,[5],11,4,"{""1"":92,""2"":84,""3"":65,""4"":75,""5"":60,""6"":81,""7"":88,""8"":81,""9"":85,""10"":91}","{""1"":119,""2"":109,""3"":84,""4"":97,""5"":78,""6"":105,""7"":114,""8"":105,""9"":110,""10"":118}",5,"{""1"":40,""2"":40,""3"":70,""4"":80,""5"":100}",304015,50,"[41,33]",5,"[104015110,104015210,104015310,104015410]",司职中锋，身体素质在国内内线中非常出色，而他的移动速度在相同身高上也是优势明显，在防守端优势明显。,33|100|120,104,,0,,,1
104016,吴前,104016,4,188,82,0,1,"[2,1]",33,4,"{""1"":90,""2"":67,""3"":85,""4"":84,""5"":71,""6"":68,""7"":60,""8"":74,""9"":82,""10"":81}","{""1"":117,""2"":87,""3"":110,""4"":109,""5"":92,""6"":88,""7"":78,""8"":96,""9"":106,""10"":105}",5,"{""1"":90,""2"":100,""3"":50,""4"":40,""5"":40}",304016,50,"[31,12]",5,"[104016110,104016210,104016310,104016410]",司职后卫，无球摆脱防守人的能力比较强，具备较强的三分能力，自信心比较足，敢于出手投篮。,33|100|120,99,凡是没杀死我们的，都将使我们变得更加强大!加油，加油，加油!,0,,,1
104017,林庭谦,104017,3,190,80,0,1,"[2,1]",0,4,"{""1"":86,""2"":70,""3"":80,""4"":85,""5"":88,""6"":88,""7"":76,""8"":63,""9"":80,""10"":83}","{""1"":111,""2"":91,""3"":104,""4"":110,""5"":114,""6"":114,""7"":98,""8"":81,""9"":104,""10"":107}",5,"{""1"":90,""2"":100,""3"":50,""4"":40,""5"":40}",304017,50,"[12,20]",5,"[104017110,104017210,104017310,104017410]",司职后卫，作为NCAA体系下出来的球员，高个后卫，具备较强的阅读防守能力，能通过球路的判断做出抢断；投射能力出众，三分命中率高。,33|100|120,103,,0,,,1
104018,陈盈骏,104018,3,182,86,0,1,"[1,2]",9,4,"{""1"":90,""2"":70,""3"":90,""4"":91,""5"":73,""6"":69,""7"":60,""8"":61,""9"":87,""10"":85}","{""1"":117,""2"":91,""3"":117,""4"":118,""5"":94,""6"":89,""7"":78,""8"":79,""9"":113,""10"":110}",5,"{""1"":100,""2"":90,""3"":50,""4"":40,""5"":40}",304018,50,"[31,39]",5,"[104018110,104018210,104018310,104018410]",司职控球后卫，非常有灵性，敢打敢拼，传球富有创造性，防守端积极主动凭借自己总结的经验来做到防守，限制对手得分。,73|100|120,101,,0,,,1
104019,葛昭宝,104019,3,212,116,0,3,[5],35,4,"{""1"":87,""2"":81,""3"":72,""4"":75,""5"":80,""6"":80,""7"":72,""8"":69,""9"":87,""10"":87}","{""1"":113,""2"":105,""3"":93,""4"":97,""5"":104,""6"":104,""7"":93,""8"":89,""9"":113,""10"":113}",5,"{""1"":40,""2"":40,""3"":70,""4"":80,""5"":100}",304019,50,"[29,6]",5,"[104019110,104019210,104019310,104019410]",司职中锋，队内线防守屏障，更是球队进攻端的犀利武器。以投篮能力见长，射程甚至延伸至三分线以外。,73|100|120,102,,0,,,1
104020,赵岩昊,104020,4,195,79,0,1,[2],25,4,"{""1"":87,""2"":67,""3"":74,""4"":86,""5"":84,""6"":83,""7"":71,""8"":79,""9"":78,""10"":83}","{""1"":113,""2"":87,""3"":96,""4"":111,""5"":109,""6"":107,""7"":92,""8"":102,""9"":101,""10"":107}",5,"{""1"":80,""2"":100,""3"":50,""4"":40,""5"":40}",304020,50,"[28,30]",5,"[104020110,104020210,104020310,104020410]",司职后卫，身体素质上的优点，赵岩昊在防守端的态度非常积极，可以缠斗对手。同时有着出色的预判，抢断能力非常突出。,33|100|120,103,,0,,,1
104021,林书豪,104021,3,191,91,0,1,[1],7,4,"{""1"":82,""2"":74,""3"":86,""4"":88,""5"":85,""6"":82,""7"":67,""8"":74,""9"":85,""10"":82}","{""1"":106,""2"":96,""3"":111,""4"":114,""5"":110,""6"":106,""7"":87,""8"":96,""9"":110,""10"":106}",3,"{""1"":100,""2"":80,""3"":50,""4"":40,""5"":40}",304021,50,"[35,9]",5,"[104021110,104021210,104021310,104021410]",司职控球后卫。第一步奇快、篮筐周围手感出色、变向惊人、善于选择突破线路、非常善于利用掩护、运球扎实、能突破篮下创造机会、善于打反击、勤奋努力。,33|100|120,104,,0,,,1
104022,范子铭,104022,2,211,118,0,3,"[5,4]",17,4,"{""1"":84,""2"":84,""3"":71,""4"":75,""5"":62,""6"":69,""7"":74,""8"":72,""9"":88,""10"":89}","{""1"":109,""2"":109,""3"":92,""4"":97,""5"":80,""6"":89,""7"":96,""8"":93,""9"":114,""10"":115}",5,"{""1"":40,""2"":40,""3"":70,""4"":90,""5"":100}",304022,50,"[16,36]",5,"[104022110,104022210,104022310,104022410]",司职中锋/大前锋，具备较强的中距离跳投能力，还能够在上线策应队友，篮下进攻非常强硬，防守端无惧身体对抗，打法非常硬朗。,33|100|120,99,珍惜机会!创造属于自己的未来!加油。,0,,,1
104023,姜伟泽,104023,4,181,72,0,1,"[1,2]",11,4,"{""1"":88,""2"":67,""3"":74,""4"":86,""5"":66,""6"":63,""7"":60,""8"":72,""9"":80,""10"":81}","{""1"":114,""2"":87,""3"":96,""4"":111,""5"":85,""6"":81,""7"":78,""8"":93,""9"":104,""10"":105}",5,"{""1"":100,""2"":90,""3"":50,""4"":40,""5"":40}",304023,50,"[28,39]",5,"[104023110,104023210,104023310,104023410]",司职后卫，具备较强的三分能力，速度非常快，拥有一颗大心脏，当找到节奏时，具备较强的得分爆发力。,33|100|120,95,,0,,,1
104024,西热力江,104024,2,190,92,0,1,"[2,1]",20,4,"{""1"":88,""2"":72,""3"":88,""4"":85,""5"":77,""6"":74,""7"":62,""8"":61,""9"":86,""10"":78}","{""1"":114,""2"":93,""3"":114,""4"":110,""5"":100,""6"":96,""7"":80,""8"":79,""9"":111,""10"":101}",0,"{""1"":90,""2"":100,""3"":50,""4"":40,""5"":40}",304024,50,"[20,31]",5,"[104024110,104024210,104024310,104024410]",司职控球后卫，球风硬朗，防守强悍，而且还具备着不俗的三分球投射能力。,33|100|120,100,命里有时终须有，命里无时莫强求。,0,,,1
104025,高诗岩,104025,1,186,82,0,1,[1],1,4,"{""1"":80,""2"":73,""3"":90,""4"":90,""5"":86,""6"":81,""7"":60,""8"":66,""9"":83,""10"":80}","{""1"":104,""2"":94,""3"":117,""4"":117,""5"":111,""6"":105,""7"":78,""8"":85,""9"":107,""10"":104}",0,"{""1"":100,""2"":80,""3"":50,""4"":40,""5"":40}",304025,50,"[26,38]",5,"[104025110,104025210,104025310,104025410]",司职后卫，控球能力突出，速度快，传球视野不错。防守上对对方持球人缠绕防守压迫感十足，可以打乱对方的进攻节奏，甚至直接抢断反击。,66|100|120,102,,0,,,1
104026,邹雨宸,104026,3,206,125,0,3,"[5,4]",10,4,"{""1"":77,""2"":86,""3"":63,""4"":75,""5"":74,""6"":90,""7"":90,""8"":85,""9"":93,""10"":86}","{""1"":100,""2"":111,""3"":81,""4"":97,""5"":96,""6"":117,""7"":117,""8"":110,""9"":120,""10"":111}",0,"{""1"":40,""2"":40,""3"":70,""4"":90,""5"":100}",304026,50,"[16,37]",5,"[104026110,104026210,104026310,104026410]",司职中锋/前锋，身材非常强壮，对抗能力出色，篮下进攻非常强硬，具备较强的中投能力，防守端非常拼命，卡位能力比较强。,37|100|120,106,,0,,,1
104027,贺希宁,104027,2,195,103,0,1,"[2,3]",3,4,"{""1"":85,""2"":74,""3"":74,""4"":86,""5"":84,""6"":79,""7"":60,""8"":76,""9"":89,""10"":84}","{""1"":110,""2"":96,""3"":96,""4"":111,""5"":109,""6"":102,""7"":78,""8"":98,""9"":115,""10"":109}",2,"{""1"":80,""2"":100,""3"":90,""4"":40,""5"":40}",304027,50,"[14,2]",5,"[104027110,104027210,104027310,104027410]",司职后卫，身材比较强壮，对抗能力出色，防守比较强硬，能力全面，进攻端能突能投，拥有一颗大心脏。,37|100|120,102,,0,,,1
104028,顾全,104028,4,201,98,0,2,"[3,4]",12,4,"{""1"":89,""2"":76,""3"":67,""4"":82,""5"":79,""6"":76,""7"":62,""8"":68,""9"":84,""10"":85}","{""1"":115,""2"":98,""3"":87,""4"":106,""5"":102,""6"":98,""7"":80,""8"":88,""9"":109,""10"":110}",1,"{""1"":60,""2"":70,""3"":100,""4"":90,""5"":70}",304028,50,"[9,11]",5,"[104028110,104028210,104028310,104028410]",司职前锋，具备较强的三分能力，投篮自信心十足，三分出手速度快，几乎不需要调整，冲抢前场篮板的习惯比较好。,37|113|120,99,,0,,,1
104029,陈林坚,104029,1,197,91,0,2,"[3,2]",15,4,"{""1"":87,""2"":69,""3"":67,""4"":82,""5"":74,""6"":72,""7"":65,""8"":78,""9"":83,""10"":81}","{""1"":113,""2"":89,""3"":87,""4"":106,""5"":96,""6"":93,""7"":84,""8"":101,""9"":107,""10"":105}",2,"{""1"":60,""2"":90,""3"":100,""4"":80,""5"":70}",304029,50,"[22,32]",5,"[104029110,104029210,104029310,104029410]",司职前锋，技术手段多样，是个出色的得分机器。,37|113|120,98,,0,,,1
104030,姜宇星,104030,1,192,94,0,2,"[3,2]",13,4,"{""1"":86,""2"":73,""3"":70,""4"":83,""5"":74,""6"":74,""7"":68,""8"":72,""9"":86,""10"":88}","{""1"":111,""2"":94,""3"":91,""4"":107,""5"":96,""6"":96,""7"":88,""8"":93,""9"":111,""10"":114}",1,"{""1"":60,""2"":90,""3"":100,""4"":80,""5"":70}",304030,50,"[14,32]",5,"[104030110,104030210,104030310,104030410]",司职小前锋，锋卫摇摆人，身体素质出众，尤其擅长突破，另外防守也很积极。,73|113|120,100,,0,,,1
104031,崔永熙,104031,2,199,93,0,2,[3],8,4,"{""1"":95,""2"":79,""3"":73,""4"":81,""5"":71,""6"":76,""7"":75,""8"":79,""9"":83,""10"":85}","{""1"":123,""2"":102,""3"":94,""4"":105,""5"":92,""6"":98,""7"":97,""8"":102,""9"":107,""10"":110}",2,"{""1"":60,""2"":70,""3"":100,""4"":90,""5"":70}",304031,50,"[18,11]",5,"[104031110,104031210,104031310,104031410]",司职小前锋，CBA联赛中最好的外线防守人之一。,37|100|120,102,,0,,,1
104032,曾凡博,104032,4,208,96,0,2,[3],1,4,"{""1"":83,""2"":73,""3"":64,""4"":81,""5"":80,""6"":77,""7"":65,""8"":95,""9"":84,""10"":82}","{""1"":107,""2"":94,""3"":83,""4"":105,""5"":104,""6"":100,""7"":84,""8"":123,""9"":109,""10"":106}",1,"{""1"":60,""2"":90,""3"":100,""4"":80,""5"":70}",304032,50,"[10,26]",5,"[104032110,104032210,104032310,104032410]",司职前锋，作为一名攻守兼备的锋线球员，有着优异的身体素质、良好的防守意识和出色的投射能力。,37|113|120,99,即使摔的再重，球迷也能让我感觉不到疼痛,0,,,1
104033,林葳,104033,1,191,85,0,1,[2],23,4,"{""1"":87,""2"":67,""3"":74,""4"":86,""5"":84,""6"":83,""7"":71,""8"":79,""9"":78,""10"":83}","{""1"":113,""2"":87,""3"":96,""4"":111,""5"":109,""6"":107,""7"":92,""8"":102,""9"":101,""10"":107}",2,"{""1"":90,""2"":100,""3"":50,""4"":40,""5"":40}",304033,50,"[31,12]",5,"[104033110,104033210,104033310,104033410]",司职控球后卫/得分后卫，控运能力突出，有很好的得分能力，冲击力极强。,37|113|120,98,,0,,,1
104034,程帅澎,104034,1,191,90,0,1,[2],6,4,"{""1"":88,""2"":72,""3"":88,""4"":85,""5"":77,""6"":74,""7"":62,""8"":61,""9"":86,""10"":78}","{""1"":114,""2"":93,""3"":114,""4"":110,""5"":100,""6"":96,""7"":80,""8"":79,""9"":111,""10"":101}",1,"{""1"":90,""2"":100,""3"":50,""4"":40,""5"":40}",304034,50,"[12,20]",5,"[104034110,104034210,104034310,104034410]",司职后卫，属于攻守平衡的球员，防守也比较出色。,73|113|120,100,,0,,,1
104035,周琦,104035,1,217,113,0,3,[5],15,4,"{""1"":92,""2"":90,""3"":60,""4"":70,""5"":70,""6"":87,""7"":92,""8"":78,""9"":88,""10"":70}","{""1"":119,""2"":117,""3"":78,""4"":91,""5"":91,""6"":113,""7"":119,""8"":101,""9"":114,""10"":91}",13,"{""1"":40,""2"":40,""3"":70,""4"":80,""5"":100}",304035,50,"[16,36]",5,"[104035110,104035210,104035310,104035410]",司职中锋，拥有亚洲球员史诗级天赋和较高的球商。,35|122|120,100,,0,,,1
104036,陈国豪,104036,4,202,105,0,2,[4],23,4,"{""1"":83,""2"":93,""3"":60,""4"":73,""5"":68,""6"":73,""7"":75,""8"":75,""9"":90,""10"":81}","{""1"":108,""2"":103,""3"":89,""4"":98,""5"":89,""6"":96,""7"":99,""8"":100,""9"":110,""10"":105}",0,"{""1"":40,""2"":40,""3"":80,""4"":100,""5"":90}",304036,50,"[10,26]",5,"[104036110,104036210,104036310,104036410]",,,100,,1,,,1
104037,邹阳,104037,4,199,85,0,2,[3],6,4,"{""1"":89,""2"":76,""3"":68,""4"":80,""5"":75,""6"":76,""7"":70,""8"":87,""9"":83,""10"":83}","{""1"":118,""2"":98,""3"":85,""4"":100,""5"":98,""6"":99,""7"":90,""8"":109,""9"":106,""10"":106}",0,"{""1"":60,""2"":70,""3"":100,""4"":90,""5"":70}",304037,50,"[18,11]",5,"[104037110,104037210,104037310,104037410]",,,100,,0,,,1
104038,杨瀚森,104038,4,218,113,0,3,[5],77,4,"{""1"":93,""2"":90,""3"":63,""4"":68,""5"":70,""6"":85,""7"":90,""8"":80,""9"":88,""10"":73}","{""1"":120,""2"":115,""3"":80,""4"":90,""5"":90,""6"":111,""7"":120,""8"":103,""9"":115,""10"":93}",1,"{""1"":40,""2"":40,""3"":70,""4"":80,""5"":100}",304038,50,"[16,36]",5,"[104038110,104038210,104038310,104038410]",,,100,,0,,,1
104039,李晓旭,104039,4,207,105,0,2,"[4,5]",22,4,"{""1"":93,""2"":98,""3"":67,""4"":80,""5"":85,""6"":80,""7"":98,""8"":88,""9"":90,""10"":88}","{""1"":120,""2"":127,""3"":87,""4"":104,""5"":110,""6"":104,""7"":127,""8"":114,""9"":117,""10"":114}",0,"{""1"":40,""2"":40,""3"":80,""4"":110,""5"":90}",304039,50,"[21,24]",5,"[104039110,104039210,104039310,104039410]",司职中锋/大前锋，技术特点很鲜明，篮板和防守是他的长项!,,100,,0,2012-2013,Peak,1
104040,赵睿,104040,1,195,93,0,1,"[1,2]",10,4,"{""1"":110,""2"":78,""3"":115,""4"":88,""5"":88,""6"":85,""7"":66,""8"":76,""9"":88,""10"":88}","{""1"":127,""2"":98,""3"":107,""4"":150,""5"":121,""6"":125,""7"":88,""8"":100,""9"":115,""10"":115}",100,"{""1"":105,""2"":90,""3"":50,""4"":40,""5"":40}",304040,50,"[31,39]",5,"[104040110,104040210,104040310,104040410]",司职后卫，身材强壮，对抗出色，进攻端能突能投，防守能力也非常强，堪称外线防守大闸，还具备较强的组织能力，能力非常全面，攻防一体。,,100,,0,全明星,AllStar,1
104041,胡明轩,104041,4,191,81,0,1,[2],3,4,"{""1"":115,""2"":69,""3"":110,""4"":88,""5"":68,""6"":85,""7"":88,""8"":83,""9"":88,""10"":88}","{""1"":150,""2"":98,""3"":125,""4"":127,""5"":121,""6"":107,""7"":93,""8"":95,""9"":115,""10"":115}",100,"{""1"":80,""2"":105,""3"":50,""4"":40,""5"":40}",304041,50,"[41,29]",5,"[104041110,104041210,104041310,104041410]",司职后卫，能力非常全面，进攻端能突能投，具备较强的处理球能力，防守端非常积极，甚至可以顶到三号位。,,100,,0,全明星,AllStar,1
104042,张镇麟,104042,3,205,102,0,2,[3],7,4,"{""1"":95,""2"":81,""3"":71,""4"":93,""5"":88,""6"":88,""7"":72,""8"":110,""9"":93,""10"":91}","{""1"":120,""2"":106,""3"":93,""4"":118,""5"":117,""6"":113,""7"":95,""8"":142,""9"":123,""10"":120}",100,"{""1"":60,""2"":70,""3"":105,""4"":85,""5"":70}",304042,50,"[18,11]",5,"[104042110,104042210,104042310,104042410]",,,100,,0,全明星,AllStar,1
104043,崔永熙,104043,2,199,93,0,2,[3],8,4,"{""1"":99,""2"":87,""3"":81,""4"":88,""5"":80,""6"":81,""7"":83,""8"":87,""9"":90,""10"":95}","{""1"":142,""2"":115,""3"":93,""4"":118,""5"":95,""6"":109,""7"":117,""8"":115,""9"":120,""10"":123}",100,"{""1"":60,""2"":70,""3"":105,""4"":95,""5"":70}",304043,50,"[18,11]",5,"[104043110,104043210,104043310,104043410]",,,100,,0,全明星,AllStar,1
104044,阿不都沙拉木,104044,4,203,98,0,2,[4],23,4,"{""1"":93,""2"":88,""3"":90,""4"":80,""5"":85,""6"":84,""7"":86,""8"":95,""9"":82,""10"":100}","{""1"":102,""2"":130,""3"":130,""4"":108,""5"":98,""6"":111,""7"":102,""8"":111,""9"":120,""10"":135}",100,"{""1"":40,""2"":40,""3"":95,""4"":105,""5"":80}",304044,50,"[10,26]",5,"[104044110,104044210,104044310,104044410]",,,100,,0,全明星,AllStar,1
104045,胡金秋,104045,2,211,111,0,2,[4],21,4,"{""1"":90,""2"":89,""3"":90,""4"":80,""5"":85,""6"":84,""7"":86,""8"":93,""9"":85,""10"":101}","{""1"":130,""2"":130,""3"":102,""4"":111,""5"":106,""6"":102,""7"":111,""8"":102,""9"":118,""10"":135}",100,"{""1"":40,""2"":40,""3"":80,""4"":105,""5"":95}",304045,50,"[16,37]",5,"[104045110,104045210,104045310,104045410]",,,100,,0,全明星,AllStar,1
104046,赵继伟,104046,2,183,79,0,1,[1],3,4,"{""1"":84,""2"":90,""3"":94,""4"":89,""5"":92,""6"":85,""7"":89,""8"":88,""9"":85,""10"":85}","{""1"":108,""2"":126,""3"":121,""4"":115,""5"":119,""6"":111,""7"":112,""8"":119,""9"":108,""10"":108}",100,"{""1"":105,""2"":80,""3"":50,""4"":40,""5"":40}",304046,50,"[33,1]",5,"[104046110,104046210,104046310,104046410]",,,100,,0,全明星,AllStar,1
104047,孙铭徽,104047,2,186,79,0,1,[1],17,4,"{""1"":88,""2"":90,""3"":96,""4"":88,""5"":88,""6"":85,""7"":84,""8"":95,""9"":83,""10"":84}","{""1"":114,""2"":125,""3"":124,""4"":114,""5"":114,""6"":110,""7"":118,""8"":115,""9"":107,""10"":106}",100,"{""1"":105,""2"":80,""3"":50,""4"":40,""5"":40}",304047,50,"[18,5]",5,"[104047110,104047210,104047310,104047410]",,,100,,0,全明星,AllStar,1
103001,余嘉豪,103001,0,221,130,0,3,[5],11,3,"{""1"":80,""2"":89,""3"":60,""4"":75,""5"":69,""6"":86,""7"":89,""8"":86,""9"":88,""10"":89}","{""1"":88,""2"":97,""3"":66,""4"":82,""5"":75,""6"":94,""7"":97,""8"":94,""9"":96,""10"":97}",0,"{""1"":40,""2"":40,""3"":70,""4"":80,""5"":100}",303001,30,[5],5,"[103001110,103001210,103001310]",司职中锋，有身高有吨位，灵活性也不错。在进攻端不仅具备一定的吃饼能力，而且还有一手不错离谱的中距离投篮。,,89,,0,,,0
103002,钟诚,103002,0,205,124,0,2,"[4,5]",12,3,"{""1"":71,""2"":79,""3"":77,""4"":78,""5"":88,""6"":89,""7"":77,""8"":68,""9"":94,""10"":82}","{""1"":78,""2"":86,""3"":84,""4"":85,""5"":96,""6"":97,""7"":84,""8"":74,""9"":103,""10"":90}",0,"{""1"":40,""2"":40,""3"":80,""4"":100,""5"":90}",303002,30,[36],5,"[103002110,103002210,103002310]",司职大前锋，全能型中锋，投射面积大，能够拉开空间，能够护筐，还有一手传球能力。,,88,,0,,,0
103003,刘东,103003,0,209,107,0,3,"[5,4]",15,3,"{""1"":76,""2"":86,""3"":65,""4"":75,""5"":75,""6"":85,""7"":84,""8"":83,""9"":84,""10"":85}","{""1"":83,""2"":94,""3"":71,""4"":82,""5"":82,""6"":93,""7"":92,""8"":91,""9"":92,""10"":93}",0,"{""1"":40,""2"":40,""3"":70,""4"":90,""5"":100}",303003,30,[16],5,"[103003110,103003210,103003310]",司职中锋，有打无球的能力，同时他在场上积极努力的态度会对球队产生积极的影响，这对任何球队来说都是非常有价值的。,,87,,0,,,0
103004,王奕博,103004,0,182,88,0,1,"[1,2]",15,3,"{""1"":77,""2"":66,""3"":89,""4"":90,""5"":75,""6"":71,""7"":60,""8"":69,""9"":88,""10"":85}","{""1"":84,""2"":72,""3"":97,""4"":99,""5"":82,""6"":78,""7"":66,""8"":75,""9"":96,""10"":93}",0,"{""1"":100,""2"":90,""3"":50,""4"":40,""5"":40}",303004,30,[12],5,"[103004110,103004210,103004310]",司职后卫，拼抢非常积极，在场上防守非常拼命，进攻端能突能投，还能够组织串联，体能非常充沛。,,84,,0,,,0
103005,于德豪,103005,0,190,92,0,1,"[1,2]",19,3,"{""1"":72,""2"":75,""3"":93,""4"":87,""5"":89,""6"":84,""7"":60,""8"":68,""9"":86,""10"":77}","{""1"":79,""2"":82,""3"":102,""4"":95,""5"":97,""6"":92,""7"":66,""8"":74,""9"":94,""10"":84}",0,"{""1"":100,""2"":90,""3"":50,""4"":40,""5"":40}",303005,30,[31],5,"[103005110,103005210,103005310]",司职控球后卫，有身高，速度快，作风顽强，防卫积极，技术全面，完整具备了打二号位的才能。,,87,,0,,,0
103006,袁堂文,103006,0,183,78,0,1,[1],3,3,"{""1"":61,""2"":68,""3"":94,""4"":91,""5"":94,""6"":87,""7"":60,""8"":63,""9"":82,""10"":78}","{""1"":67,""2"":74,""3"":103,""4"":100,""5"":103,""6"":95,""7"":66,""8"":69,""9"":90,""10"":85}",0,"{""1"":100,""2"":80,""3"":50,""4"":40,""5"":40}",303006,30,[17],5,"[103006110,103006210,103006310]",司职后卫，防守端不遗余力，拥有一定的传球能力。,,85,,0,,,0
103007,黎伊扬,103007,0,181,81,0,1,[1],10,3,"{""1"":71,""2"":72,""3"":91,""4"":86,""5"":85,""6"":80,""7"":60,""8"":64,""9"":85,""10"":79}","{""1"":78,""2"":79,""3"":100,""4"":94,""5"":93,""6"":88,""7"":66,""8"":70,""9"":93,""10"":86}",0,"{""1"":100,""2"":80,""3"":50,""4"":40,""5"":40}",303007,30,[20],5,"[103007110,103007210,103007310]",司职组织后卫，有一定的球商、传球技巧、抢断能力、人球结合能力。身体素质也非常好，很有爆发力。,,85,,0,,,0
103008,王洪,103008,0,182,73,0,1,"[1,2]",22,3,"{""1"":61,""2"":69,""3"":88,""4"":90,""5"":95,""6"":89,""7"":62,""8"":62,""9"":80,""10"":76}","{""1"":67,""2"":75,""3"":96,""4"":99,""5"":104,""6"":97,""7"":68,""8"":68,""9"":88,""10"":83}",0,"{""1"":100,""2"":90,""3"":50,""4"":40,""5"":40}",303008,30,[20],5,"[103008110,103008210,103008310]",司职后卫，擅长组织进攻，助攻多，防守出色，手很快特别善于抢断。,,85,,0,,,0
103009,李原宇,103009,0,206,127,0,3,"[5,4]",15,3,"{""1"":71,""2"":83,""3"":66,""4"":75,""5"":76,""6"":86,""7"":84,""8"":68,""9"":94,""10"":86}","{""1"":78,""2"":91,""3"":72,""4"":82,""5"":83,""6"":94,""7"":92,""8"":74,""9"":103,""10"":94}",0,"{""1"":40,""2"":40,""3"":70,""4"":90,""5"":100}",303009,30,[36],5,"[103009110,103009210,103009310]",司职中锋，具备较好的背打能力和内线脚步，有投射技术。是一个技术丰富的空间型内线。,,86,,0,,,0
103010,徐杰,103010,0,179,67,0,1,[1],2,3,"{""1"":80,""2"":65,""3"":80,""4"":93,""5"":75,""6"":71,""7"":60,""8"":63,""9"":78,""10"":83}","{""1"":88,""2"":71,""3"":88,""4"":102,""5"":82,""6"":78,""7"":66,""8"":69,""9"":85,""10"":91}",0,"{""1"":100,""2"":80,""3"":50,""4"":40,""5"":40}",303010,30,[40],5,"[103010110,103010210,103010310]",司职控球后卫，非常有灵性，拼抢积极，三分球比较精准，拥有一手抛投技术，心态比较稳定，在场上敢打敢拼。,,82,,0,,,0
103011,祝铭震,103011,0,196,105,0,2,[3],7,3,"{""1"":81,""2"":68,""3"":62,""4"":84,""5"":70,""6"":70,""7"":66,""8"":79,""9"":90,""10"":83}","{""1"":89,""2"":74,""3"":68,""4"":92,""5"":77,""6"":77,""7"":72,""8"":86,""9"":99,""10"":91}",0,"{""1"":60,""2"":70,""3"":100,""4"":80,""5"":70}",303011,30,[21],5,"[103011110,103011210,103011310]",司职小前锋，身材比较强壮，对抗能力出色，防守能力非常强，具备较强的三分能力。,,83,,0,,,0
103012,李慕豪,103012,0,220,122,0,3,[5],2,3,"{""1"":77,""2"":80,""3"":61,""4"":75,""5"":67,""6"":76,""7"":79,""8"":90,""9"":86,""10"":91}","{""1"":84,""2"":88,""3"":67,""4"":82,""5"":73,""6"":83,""7"":86,""8"":99,""9"":94,""10"":100}",0,"{""1"":40,""2"":40,""3"":70,""4"":80,""5"":100}",303012,30,[37],5,"[103012110,103012210,103012310]",司职中锋/大前锋，身体素质劲爆，运动能力非常强，无论静态天赋还是动态天赋都非常出色，在篮下具备较强的吃饼能力。,,86,,0,,,0
103013,任骏飞,103013,0,203,96,0,2,[4],20,3,"{""1"":80,""2"":80,""3"":75,""4"":78,""5"":72,""6"":78,""7"":78,""8"":70,""9"":82,""10"":87}","{""1"":88,""2"":88,""3"":82,""4"":85,""5"":79,""6"":85,""7"":85,""8"":77,""9"":90,""10"":95}",0,"{""1"":40,""2"":40,""3"":80,""4"":100,""5"":80}",303013,30,[21],5,"[103013110,103013210,103013310]",司职前锋，具备较强的策应能力，阅读比赛的能力非常强，进攻端能内能外，防守端非常强硬。,,85,,0,,,0
103014,孟子凯,103014,0,206,93,0,2,"[4,3]",1,3,"{""1"":80,""2"":79,""3"":64,""4"":78,""5"":69,""6"":81,""7"":84,""8"":79,""9"":80,""10"":84}","{""1"":88,""2"":86,""3"":70,""4"":85,""5"":75,""6"":89,""7"":92,""8"":86,""9"":88,""10"":92}",0,"{""1"":40,""2"":40,""3"":90,""4"":100,""5"":80}",303014,30,[43],5,"[103014110,103014210,103014310]",司职前锋，球风干练、身材轻盈，尤其是作为一名4号位球员，却拥有一手精准的外线三分。,,85,,0,,,0
103015,朱旭航,103015,0,201,95,0,2,"[4,5]",21,3,"{""1"":83,""2"":77,""3"":64,""4"":78,""5"":80,""6"":81,""7"":72,""8"":82,""9"":83,""10"":82}","{""1"":91,""2"":84,""3"":70,""4"":85,""5"":88,""6"":89,""7"":79,""8"":90,""9"":91,""10"":90}",0,"{""1"":40,""2"":40,""3"":80,""4"":100,""5"":90}",303015,30,[16],5,"[103015110,103015210,103015310]",司职大前锋，进攻主要三分为主，还有内线造杀伤，防守积极，够强硬，肯干脏活累活。,,86,,0,,,0
103016,廖三宁,103016,0,189,82,0,1,"[1,2]",2,3,"{""1"":80,""2"":72,""3"":80,""4"":90,""5"":78,""6"":80,""7"":74,""8"":76,""9"":82,""10"":83}","{""1"":88,""2"":79,""3"":88,""4"":99,""5"":85,""6"":88,""7"":81,""8"":83,""9"":90,""10"":91}",0,"{""1"":100,""2"":90,""3"":50,""4"":40,""5"":40}",303016,30,[39],5,"[103016110,103016210,103016310]",司职后卫，在比赛中的攻守转换极其老道，有开阔的视野和精准的传球能力，转换时机、传球把握，以及突然间的加速，这让对手极其头痛。,,87,,0,,,0
103017,李炎哲,103017,0,211,135,0,3,[5],13,3,"{""1"":71,""2"":80,""3"":60,""4"":75,""5"":66,""6"":82,""7"":86,""8"":78,""9"":95,""10"":91}","{""1"":78,""2"":88,""3"":66,""4"":82,""5"":72,""6"":90,""7"":94,""8"":85,""9"":104,""10"":100}",0,"{""1"":40,""2"":40,""3"":70,""4"":80,""5"":100}",303017,30,[16],5,"[103017110,103017210,103017310]",司职中锋，防守端，毕竟身高和体型摆在那边，想在他的手中轻易得分并不容易。,,86,,0,,,0
103018,李安,103018,0,209,118,0,3,[5],4,3,"{""1"":76,""2"":79,""3"":61,""4"":75,""5"":74,""6"":81,""7"":79,""8"":82,""9"":89,""10"":87}","{""1"":83,""2"":86,""3"":67,""4"":82,""5"":81,""6"":89,""7"":86,""8"":90,""9"":97,""10"":95}",0,"{""1"":40,""2"":40,""3"":70,""4"":80,""5"":100}",303018,30,[8],5,"[103018110,103018210,103018310]",司职中锋，中距离投篮很准，三分线内20厘米全是他的射程。,,86,,0,,,0
103019,张帆,103019,0,195,87,0,1,"[2,1]",6,3,"{""1"":88,""2"":66,""3"":75,""4"":85,""5"":71,""6"":68,""7"":60,""8"":69,""9"":81,""10"":83}","{""1"":96,""2"":72,""3"":82,""4"":93,""5"":78,""6"":74,""7"":66,""8"":75,""9"":89,""10"":91}",0,"{""1"":90,""2"":100,""3"":50,""4"":40,""5"":40}",303019,30,[39],5,"[103019110,103019210,103019310]",司职后卫，防守积极，篮下封盖意识强，前后场篮板球拼抢积极，中距离跳投有较高的命中率，善于与同伴配合，寻找机会。,,82,,0,,,0
103020,邢志强,103020,0,205,109,0,2,[4],12,3,"{""1"":79,""2"":78,""3"":61,""4"":80,""5"":72,""6"":77,""7"":76,""8"":76,""9"":87,""10"":81}","{""1"":86,""2"":85,""3"":67,""4"":88,""5"":79,""6"":84,""7"":83,""8"":83,""9"":95,""10"":89}",0,"{""1"":40,""2"":40,""3"":80,""4"":100,""5"":80}",303020,30,[24],5,"[103020110,103020210,103020310]",司职大前锋，具投射能力和机动性的锋线球员。,,84,,0,,,0
103021,韩硕,103021,0,197,91,0,1,"[1,2]",33,3,"{""1"":80,""2"":72,""3"":81,""4"":90,""5"":78,""6"":74,""7"":60,""8"":63,""9"":83,""10"":82}","{""1"":88,""2"":79,""3"":89,""4"":99,""5"":85,""6"":81,""7"":66,""8"":69,""9"":91,""10"":90}",0,"{""1"":100,""2"":90,""3"":50,""4"":40,""5"":40}",303021,30,[20],5,"[103021110,103021210,103021310]",司职后卫，年少成名，以出色的身体条件和技术，曾被认为是最有潜力的控球后卫之一，,,84,,0,,,0
103022,鲁吐布拉,103022,0,207,109,0,2,"[4,5]",14,3,"{""1"":69,""2"":80,""3"":62,""4"":78,""5"":70,""6"":82,""7"":84,""8"":90,""9"":86,""10"":86}","{""1"":75,""2"":88,""3"":68,""4"":85,""5"":77,""6"":90,""7"":92,""8"":99,""9"":94,""10"":94}",0,"{""1"":40,""2"":40,""3"":80,""4"":100,""5"":90}",303022,30,[16],5,"[103022110,103022210,103022310]",司职大前锋和中锋，很典型的内线球员的特点，有足够的内线高度、能在篮下卡位并且获得出手的机会,,86,,0,,,0
103023,张兆旭,103023,0,220,125,0,3,[5],33,3,"{""1"":66,""2"":82,""3"":60,""4"":75,""5"":70,""6"":82,""7"":84,""8"":87,""9"":87,""10"":87}","{""1"":72,""2"":90,""3"":66,""4"":82,""5"":77,""6"":90,""7"":92,""8"":95,""9"":95,""10"":95}",0,"{""1"":40,""2"":40,""3"":70,""4"":80,""5"":100}",303023,30,[37],5,"[103023110,103023210,103023310]",司职中锋，成名已久的老将，篮板球和盖帽能力比较突出。,,85,,0,,,0
103024,崔晓龙,103024,0,194,85,0,1,"[1,2]",0,3,"{""1"":72,""2"":67,""3"":72,""4"":88,""5"":92,""6"":89,""7"":68,""8"":64,""9"":81,""10"":78}","{""1"":79,""2"":73,""3"":79,""4"":96,""5"":101,""6"":97,""7"":74,""8"":70,""9"":89,""10"":85}",0,"{""1"":100,""2"":90,""3"":50,""4"":40,""5"":40}",303024,30,[31],5,"[103024110,103024210,103024310]",司职后卫，优于进攻的球员，拦截防守、篮板、盖帽、相同位置的高水平，突破冲击篮网的比较多，组织比较稳定。,,84,,0,,,0
103025,翟晓川,103025,0,205,111,0,2,[3],20,3,"{""1"":78,""2"":82,""3"":71,""4"":81,""5"":71,""6"":74,""7"":72,""8"":76,""9"":88,""10"":83}","{""1"":85,""2"":90,""3"":78,""4"":89,""5"":78,""6"":81,""7"":79,""8"":83,""9"":96,""10"":91}",0,"{""1"":60,""2"":70,""3"":100,""4"":80,""5"":70}",303025,30,[11],5,"[103025110,103025210,103025310]",司职小前锋，防守端非常强硬，尤其擅长拼抢前场篮板，具备较强的无球打法，尤其擅长空切篮下得分，经验非常丰富。,,85,,0,,,0
103026,王子瑞,103026,0,188,80,0,1,"[1,2]",1,3,"{""1"":83,""2"":67,""3"":83,""4"":89,""5"":72,""6"":68,""7"":60,""8"":64,""9"":81,""10"":81}","{""1"":91,""2"":73,""3"":91,""4"":97,""5"":79,""6"":74,""7"":66,""8"":70,""9"":89,""10"":89}",0,"{""1"":100,""2"":90,""3"":50,""4"":40,""5"":40}",303026,30,[20],5,"[103026110,103026210,103026310]",司职后卫，基本功非常扎实，具备较为出色的投射能力和不错的大局观，同时防守积极性也比较强。,,82,,0,,,0
103027,赵率舟,103027,0,197,97,0,2,[3],37,3,"{""1"":81,""2"":70,""3"":62,""4"":84,""5"":81,""6"":79,""7"":64,""8"":69,""9"":85,""10"":82}","{""1"":89,""2"":77,""3"":68,""4"":92,""5"":89,""6"":86,""7"":70,""8"":75,""9"":93,""10"":90}",0,"{""1"":60,""2"":70,""3"":100,""4"":80,""5"":70}",303027,30,[30],5,"[103027110,103027210,103027310]",司职小前锋，进攻效率很高，在锋线位置上提供比较强硬的防守和篮板保护,,83,,0,,,0
103028,方硕,103028,0,189,88,0,1,"[1,2]",8,3,"{""1"":74,""2"":68,""3"":83,""4"":91,""5"":76,""6"":73,""7"":60,""8"":67,""9"":85,""10"":79}","{""1"":81,""2"":74,""3"":91,""4"":100,""5"":83,""6"":80,""7"":66,""8"":73,""9"":93,""10"":86}",0,"{""1"":100,""2"":90,""3"":50,""4"":40,""5"":40}",303028,30,[12],5,"[103028110,103028210,103028310]",司职控球后卫，球商非常高的人，能充分利用自己的身体，突破和投篮都不错。,,83,,0,,,0
103029,赵柏清,103029,0,203,108,0,2,"[4,5]",11,3,"{""1"":81,""2"":77,""3"":61,""4"":78,""5"":66,""6"":70,""7"":71,""8"":80,""9"":88,""10"":87}","{""1"":89,""2"":84,""3"":67,""4"":85,""5"":72,""6"":77,""7"":78,""8"":88,""9"":96,""10"":95}",0,"{""1"":40,""2"":40,""3"":80,""4"":100,""5"":90}",303029,30,[16],5,"[103029110,103029210,103029310]",司职大前锋，进攻技术是十分均衡而全面的，他身体强壮在内线不惧对抗,,83,,0,,,0
103030,刘铮,103030,0,191,82,0,1,"[2,3]",5,3,"{""1"":78,""2"":71,""3"":73,""4"":86,""5"":88,""6"":85,""7"":70,""8"":60,""9"":81,""10"":84}","{""1"":85,""2"":78,""3"":80,""4"":94,""5"":96,""6"":93,""7"":77,""8"":66,""9"":89,""10"":92}",0,"{""1"":80,""2"":100,""3"":90,""4"":40,""5"":40}",303030,30,[14],5,"[103030110,103030210,103030310]",司职前锋，他技术全面，基本功扎实，具有出色的进攻能力和无球跑动能力。,,85,,0,,,0
103031,齐麟,103031,0,199,91,0,2,[3],11,3,"{""1"":83,""2"":67,""3"":68,""4"":81,""5"":68,""6"":72,""7"":72,""8"":84,""9"":82,""10"":82}","{""1"":91,""2"":73,""3"":74,""4"":89,""5"":74,""6"":79,""7"":79,""8"":92,""9"":90,""10"":90}",0,"{""1"":60,""2"":70,""3"":100,""4"":80,""5"":70}",303031,30,[11],5,"[103031110,103031210,103031310]",司职小前锋，他的弹跳和爆发力在年轻人中都属于顶尖的行列，他进攻手段十分丰富，运球突破、三分线外的投篮。,,83,,0,,,0
103032,景菡一,103032,0,194,96,0,1,"[2,3]",1,3,"{""1"":80,""2"":72,""3"":72,""4"":86,""5"":76,""6"":76,""7"":69,""8"":66,""9"":86,""10"":83}","{""1"":88,""2"":79,""3"":79,""4"":94,""5"":83,""6"":83,""7"":75,""8"":72,""9"":94,""10"":91}",0,"{""1"":80,""2"":100,""3"":90,""4"":40,""5"":40}",303032,30,[32],5,"[103032110,103032210,103032310]",司职前锋，身体强壮技术不错，得分手段也非常丰富。,,84,,0,,,0
103033,王少杰,103033,0,208,102,0,2,"[4,5]",14,3,"{""1"":72,""2"":81,""3"":63,""4"":78,""5"":70,""6"":78,""7"":79,""8"":79,""9"":83,""10"":85}","{""1"":79,""2"":89,""3"":69,""4"":85,""5"":77,""6"":85,""7"":86,""8"":86,""9"":91,""10"":93}",0,"{""1"":40,""2"":40,""3"":80,""4"":100,""5"":90}",303033,30,[37],5,"[103033110,103033210,103033310]",司职大前锋，运动天赋出众，主打内线可灵活度非常高，控球感觉比一般内线都要好。,,84,,0,,,0
103034,李晓旭,103034,0,207,105,0,2,"[4,5]",22,3,"{""1"":67,""2"":82,""3"":65,""4"":81,""5"":83,""6"":81,""7"":69,""8"":83,""9"":84,""10"":85}","{""1"":73,""2"":90,""3"":71,""4"":89,""5"":91,""6"":89,""7"":75,""8"":91,""9"":92,""10"":93}",0,"{""1"":40,""2"":40,""3"":80,""4"":100,""5"":90}",303034,30,[16],5,"[103034110,103034210,103034310]",司职中锋/大前锋，技术特点很鲜明，篮板和防守是他的长项!,,85,,0,,,0
103035,焦海龙,103035,0,206,103,0,2,[4],16,3,"{""1"":68,""2"":77,""3"":63,""4"":81,""5"":71,""6"":79,""7"":80,""8"":81,""9"":84,""10"":80}","{""1"":74,""2"":84,""3"":69,""4"":89,""5"":78,""6"":86,""7"":88,""8"":89,""9"":92,""10"":88}",0,"{""1"":40,""2"":40,""3"":80,""4"":100,""5"":80}",303035,30,[8],5,"[103035110,103035210,103035310]",司职中锋，技术非常全面，具有很好的策应能力，曾被队友称为“进攻万花筒”,,84,,0,,,0
103036,俞长栋,103036,0,206,110,0,2,"[4,5]",7,3,"{""1"":76,""2"":84,""3"":66,""4"":78,""5"":67,""6"":69,""7"":69,""8"":74,""9"":87,""10"":85}","{""1"":83,""2"":92,""3"":72,""4"":85,""5"":73,""6"":75,""7"":75,""8"":81,""9"":95,""10"":93}",0,"{""1"":40,""2"":40,""3"":80,""4"":100,""5"":90}",303036,30,[16],5,"[103036110,103036210,103036310]",司职大前锋，技术非常全面，无论篮下还是三分线外都能给对手打击。,,82,,0,,,0
103037,朱俊龙,103037,0,201,94,0,2,[3],10,3,"{""1"":76,""2"":75,""3"":62,""4"":84,""5"":72,""6"":78,""7"":78,""8"":80,""9"":82,""10"":86}","{""1"":83,""2"":82,""3"":68,""4"":92,""5"":79,""6"":85,""7"":85,""8"":88,""9"":90,""10"":94}",0,"{""1"":60,""2"":70,""3"":100,""4"":80,""5"":70}",303037,30,[22],5,"[103037110,103037210,103037310]",司职小前锋，防守端非常拼命，在场上不遗余力，横移速度比较快，具备较强的三分能力，还能够策应队友。,,85,,0,,,0
103038,李江淮,103038,0,190,82,0,1,"[2,1]",5,3,"{""1"":75,""2"":69,""3"":78,""4"":86,""5"":77,""6"":77,""7"":70,""8"":65,""9"":81,""10"":82}","{""1"":82,""2"":75,""3"":85,""4"":94,""5"":84,""6"":84,""7"":77,""8"":71,""9"":89,""10"":90}",0,"{""1"":90,""2"":100,""3"":50,""4"":40,""5"":40}",303038,30,[39],5,"[103038110,103038210,103038310]",司职后卫，不错的三分射手，大部分时候能保持一个优秀的命中率。,,83,,0,,,0
103039,任骏威,103039,0,200,96,0,2,"[4,3]",24,3,"{""1"":79,""2"":76,""3"":66,""4"":78,""5"":71,""6"":73,""7"":71,""8"":70,""9"":84,""10"":85}","{""1"":86,""2"":83,""3"":72,""4"":85,""5"":78,""6"":80,""7"":78,""8"":77,""9"":92,""10"":93}",0,"{""1"":40,""2"":40,""3"":90,""4"":100,""5"":80}",303039,30,[41],5,"[103039110,103039210,103039310]",司职前锋，进攻端能内能外，三分线外把握性十足，还能够低位背打，防守端拼抢积极，具备一定策应能力。,,82,,0,,,0
103040,崔晋铭,103040,0,195,91,0,1,"[1,2]",5,3,"{""1"":82,""2"":68,""3"":73,""4"":93,""5"":74,""6"":71,""7"":60,""8"":66,""9"":83,""10"":85}","{""1"":90,""2"":74,""3"":80,""4"":102,""5"":81,""6"":78,""7"":66,""8"":72,""9"":91,""10"":93}",0,"{""1"":100,""2"":90,""3"":50,""4"":40,""5"":40}",303040,30,[12],5,"[103040110,103040210,103040310]",司职得分后卫，定点投射、无球跑位能力较强，有一定的关键球能力。,,83,,0,,,0
103041,王岚嵚,103041,0,185,80,0,1,[1],8,3,"{""1"":80,""2"":72,""3"":80,""4"":90,""5"":78,""6"":80,""7"":74,""8"":76,""9"":82,""10"":83}","{""1"":79,""2"":73,""3"":79,""4"":96,""5"":101,""6"":97,""7"":74,""8"":70,""9"":89,""10"":85}",0,"{""1"":100,""2"":80,""3"":50,""4"":40,""5"":40}",303041,30,[41],5,"[103041110,103041210,103041310]",司职后卫，场上头脑很清晰，具备成为一名球队大脑的潜质。,,82,,0,,,0
103042,陆文博,103042,0,192,93,0,1,[2],8,3,"{""1"":78,""2"":71,""3"":73,""4"":86,""5"":88,""6"":85,""7"":70,""8"":60,""9"":81,""10"":84}","{""1"":96,""2"":72,""3"":82,""4"":93,""5"":78,""6"":74,""7"":66,""8"":75,""9"":89,""10"":91}",0,"{""1"":90,""2"":100,""3"":50,""4"":40,""5"":40}",303042,30,[12],5,"[103042110,103042210,103042310]",司职前锋，进攻不俗，是因为陆文博有精准的三分能力。,,83,,0,,,0
102001,张彪,102001,0,201,101,0,2,"[4,3]",14,2,"{""1"":85,""2"":66,""3"":68,""4"":78,""5"":71,""6"":70,""7"":64,""8"":78,""9"":85,""10"":87}","{""1"":80,""2"":62,""3"":64,""4"":74,""5"":67,""6"":66,""7"":60,""8"":74,""9"":80,""10"":82}",0,"{""1"":40,""2"":40,""3"":90,""4"":100,""5"":80}",302001,10,[0],5,"[102001110,102001210]",这个球员非常屌71,,71,,0,,,0
102002,史鸿飞,102002,0,178,73,0,1,"[1,2]",4,2,"{""1"":78,""2"":64,""3"":85,""4"":89,""5"":65,""6"":61,""7"":60,""8"":60,""9"":82,""10"":79}","{""1"":74,""2"":60,""3"":80,""4"":84,""5"":61,""6"":57,""7"":57,""8"":57,""9"":77,""10"":75}",0,"{""1"":100,""2"":90,""3"":50,""4"":40,""5"":40}",302002,10,[0],5,"[102002110,102002210]",这个球员非常屌72,,68,,0,,,0
102003,时德帅,102003,0,205,100,0,2,"[4,5]",23,2,"{""1"":75,""2"":77,""3"":61,""4"":78,""5"":80,""6"":77,""7"":61,""8"":76,""9"":83,""10"":82}","{""1"":71,""2"":73,""3"":57,""4"":74,""5"":76,""6"":73,""7"":57,""8"":72,""9"":78,""10"":77}",0,"{""1"":40,""2"":40,""3"":80,""4"":100,""5"":90}",302003,10,[0],5,"[102003110,102003210]",这个球员非常屌73,,71,,0,,,0
102004,张宁,102004,0,191,97,0,2,"[3,1]",8,3,"{""1"":81,""2"":68,""3"":62,""4"":84,""5"":70,""6"":70,""7"":66,""8"":79,""9"":90,""10"":83}","{""1"":89,""2"":77,""3"":68,""4"":92,""5"":89,""6"":86,""7"":70,""8"":75,""9"":93,""10"":90}",0,"{""1"":90,""2"":70,""3"":100,""4"":80,""5"":70}",302004,30,[11],5,"[102004110,102004210,102004310]",司职小前锋，身体对抗出色，有不错的持球进攻能力，是一名大心脏的关键先生。,,70,,0,,,0
102005,原帅,102005,0,194,90,0,1,[2],7,3,"{""1"":80,""2"":72,""3"":72,""4"":86,""5"":76,""6"":76,""7"":69,""8"":66,""9"":86,""10"":83}","{""1"":96,""2"":72,""3"":82,""4"":93,""5"":78,""6"":74,""7"":66,""8"":75,""9"":89,""10"":91}",0,"{""1"":80,""2"":100,""3"":50,""4"":40,""5"":40}",302005,30,[32],5,"[102005110,102005210,102005310]",司职后卫，定点投手，擅长无球跑动，大部分时候都是接球就投，具备较强的调整能力。,,67,,0,,,0
102006,陈培东,102006,0,189,89,0,1,[2],44,2,"{""1"":77,""2"":63,""3"":75,""4"":86,""5"":78,""6"":73,""7"":60,""8"":65,""9"":85,""10"":82}","{""1"":73,""2"":59,""3"":71,""4"":81,""5"":74,""6"":69,""7"":57,""8"":61,""9"":80,""10"":77}",0,"{""1"":80,""2"":100,""3"":50,""4"":40,""5"":40}",302006,10,[0],5,"[102006110,102006210]",这个球员非常屌76,,70,,0,,,0
102007,金鑫,102007,0,196,104,0,2,"[4,3]",10,2,"{""1"":76,""2"":77,""3"":61,""4"":79,""5"":72,""6"":70,""7"":63,""8"":81,""9"":89,""10"":82}","{""1"":72,""2"":73,""3"":57,""4"":75,""5"":68,""6"":66,""7"":59,""8"":76,""9"":84,""10"":77}",0,"{""1"":40,""2"":40,""3"":90,""4"":100,""5"":80}",302007,10,[0],5,"[102007110,102007210]",这个球员非常屌77,,71,,0,,,0
102008,黄毅超,102008,0,195,94,0,1,"[2,3]",14,2,"{""1"":80,""2"":74,""3"":61,""4"":86,""5"":76,""6"":73,""7"":60,""8"":71,""9"":85,""10"":83}","{""1"":76,""2"":70,""3"":57,""4"":81,""5"":72,""6"":69,""7"":57,""8"":67,""9"":80,""10"":78}",0,"{""1"":80,""2"":100,""3"":90,""4"":40,""5"":40}",302008,10,[0],5,"[102008110,102008210]",这个球员非常屌78,,71,,0,,,0
102009,刘泽一,102009,0,201,103,0,2,"[4,5]",10,2,"{""1"":70,""2"":79,""3"":60,""4"":78,""5"":67,""6"":72,""7"":73,""8"":85,""9"":86,""10"":89}","{""1"":66,""2"":75,""3"":57,""4"":74,""5"":63,""6"":68,""7"":69,""8"":80,""9"":81,""10"":84}",0,"{""1"":40,""2"":40,""3"":80,""4"":100,""5"":90}",302009,10,[0],5,"[102009110,102009210]",这个球员非常屌79,,72,,0,,,0
102010,李柏润,102010,0,186,90,0,1,"[1,2]",8,2,"{""1"":78,""2"":65,""3"":80,""4"":88,""5"":71,""6"":69,""7"":60,""8"":60,""9"":87,""10"":81}","{""1"":74,""2"":61,""3"":76,""4"":83,""5"":67,""6"":65,""7"":57,""8"":57,""9"":82,""10"":76}",0,"{""1"":100,""2"":90,""3"":50,""4"":40,""5"":40}",302010,10,[0],5,"[102010110,102010210]",这个球员非常屌80,,70,,0,,,0
102011,丁彦雨航,102011,0,200,99,0,2,[3],2,2,"{""1"":80,""2"":69,""3"":65,""4"":81,""5"":63,""6"":64,""7"":63,""8"":74,""9"":85,""10"":79}","{""1"":76,""2"":65,""3"":61,""4"":76,""5"":59,""6"":60,""7"":59,""8"":70,""9"":80,""10"":75}",0,"{""1"":60,""2"":70,""3"":100,""4"":80,""5"":70}",302011,10,[0],5,"[102011110,102011210]",这个球员非常屌81,,68,,0,,,0
102012,张殿梁,102012,0,201,104,0,2,[4],12,2,"{""1"":79,""2"":78,""3"":64,""4"":78,""5"":64,""6"":64,""7"":63,""8"":67,""9"":87,""10"":86}","{""1"":75,""2"":74,""3"":60,""4"":74,""5"":60,""6"":60,""7"":59,""8"":63,""9"":82,""10"":81}",0,"{""1"":40,""2"":40,""3"":80,""4"":100,""5"":80}",302012,10,[0],5,"[102012110,102012210]",这个球员非常屌82,,69,,0,,,0
102013,贾诚,102013,0,208,108,0,2,[4],23,2,"{""1"":70,""2"":81,""3"":62,""4"":79,""5"":60,""6"":65,""7"":71,""8"":80,""9"":85,""10"":81}","{""1"":66,""2"":76,""3"":58,""4"":75,""5"":57,""6"":61,""7"":67,""8"":76,""9"":80,""10"":76}",0,"{""1"":40,""2"":40,""3"":80,""4"":100,""5"":80}",302013,10,[0],5,"[102013110,102013210]",这个球员非常屌83,,69,,0,,,0
102014,罗汉琛,102014,0,183,82,0,1,"[1,2]",33,2,"{""1"":74,""2"":62,""3"":75,""4"":95,""5"":74,""6"":70,""7"":60,""8"":63,""9"":84,""10"":83}","{""1"":70,""2"":58,""3"":71,""4"":90,""5"":70,""6"":66,""7"":57,""8"":59,""9"":79,""10"":78}",0,"{""1"":100,""2"":90,""3"":50,""4"":40,""5"":40}",302014,10,[0],5,"[102014110,102014210]",这个球员非常屌84,,70,,0,,,0
102015,王睿泽,102015,0,197,93,0,2,"[3,4]",2,2,"{""1"":75,""2"":71,""3"":66,""4"":82,""5"":74,""6"":72,""7"":64,""8"":79,""9"":83,""10"":83}","{""1"":71,""2"":67,""3"":62,""4"":77,""5"":70,""6"":68,""7"":60,""8"":75,""9"":78,""10"":78}",0,"{""1"":60,""2"":70,""3"":100,""4"":90,""5"":70}",302015,10,[0],5,"[102015110,102015210]",这个球员非常屌85,,71,,0,,,0
102016,朱荣振,102016,0,218,115,0,3,[5],35,2,"{""1"":81,""2"":78,""3"":64,""4"":78,""5"":64,""6"":68,""7"":63,""8"":67,""9"":87,""10"":86}","{""1"":75,""2"":74,""3"":60,""4"":74,""5"":60,""6"":60,""7"":59,""8"":63,""9"":82,""10"":81}",0,"{""1"":40,""2"":40,""3"":70,""4"":80,""5"":100}",302016,10,[0],5,"[102016110,102016210]",这个球员非常屌86,,70,,0,,,0
102017,李禄曈,102017,0,213,88,0,3,[5],33,2,"{""1"":75,""2"":81,""3"":62,""4"":79,""5"":68,""6"":65,""7"":71,""8"":80,""9"":85,""10"":81}","{""1"":66,""2"":76,""3"":58,""4"":75,""5"":57,""6"":61,""7"":67,""8"":76,""9"":80,""10"":76}",0,"{""1"":40,""2"":40,""3"":70,""4"":80,""5"":100}",302017,10,[0],5,"[102017110,102017210]",这个球员非常屌87,,72,,0,,,0
101001,张祖铭,101001,0,205,95,0,2,"[4,3]",28,1,"{""1"":72,""2"":75,""3"":63,""4"":78,""5"":67,""6"":71,""7"":72,""8"":84,""9"":81,""10"":86}","{""1"":57,""2"":60,""3"":50,""4"":62,""5"":53,""6"":56,""7"":57,""8"":67,""9"":64,""10"":68}",0,"{""1"":40,""2"":40,""3"":90,""4"":100,""5"":80}",301001,5,[0],5,[101001110],这个球员非常屌88,,59,,0,,,0
101002,马振翔,101002,0,200,105,0,2,"[3,4]",50,1,"{""1"":72,""2"":71,""3"":64,""4"":83,""5"":70,""6"":79,""7"":81,""8"":72,""9"":88,""10"":79}","{""1"":57,""2"":56,""3"":51,""4"":66,""5"":56,""6"":63,""7"":64,""8"":57,""9"":70,""10"":63}",0,"{""1"":60,""2"":70,""3"":100,""4"":90,""5"":70}",301002,5,[0],5,[101002110],这个球员非常屌89,,60,,0,,,0
101003,朱彦西,101003,0,207,114,0,2,[4],13,1,"{""1"":71,""2"":66,""3"":62,""4"":81,""5"":71,""6"":73,""7"":71,""8"":78,""9"":88,""10"":85}","{""1"":56,""2"":52,""3"":49,""4"":64,""5"":56,""6"":58,""7"":56,""8"":62,""9"":70,""10"":68}",0,"{""1"":40,""2"":40,""3"":80,""4"":100,""5"":80}",301003,5,[0],5,[101003110],这个球员非常屌90,,59,,0,,,0
101004,容子峰,101004,0,186,82,0,1,[1],8,1,"{""1"":64,""2"":63,""3"":70,""4"":93,""5"":80,""6"":76,""7"":62,""8"":74,""9"":83,""10"":81}","{""1"":51,""2"":50,""3"":56,""4"":74,""5"":64,""6"":60,""7"":49,""8"":59,""9"":66,""10"":64}",0,"{""1"":100,""2"":80,""3"":50,""4"":40,""5"":40}",301004,5,[0],5,[101004110],这个球员非常屌91,,59,,0,,,0
101005,王仔路,101005,0,200,91,0,2,"[3,2]",23,1,"{""1"":67,""2"":75,""3"":69,""4"":82,""5"":81,""6"":77,""7"":61,""8"":81,""9"":81,""10"":85}","{""1"":53,""2"":60,""3"":55,""4"":65,""5"":64,""6"":61,""7"":48,""8"":64,""9"":64,""10"":68}",0,"{""1"":60,""2"":90,""3"":100,""4"":80,""5"":70}",301005,5,[0],5,[101005110],这个球员非常屌92,,60,,0,,,0
101006,赵嘉仁,101006,0,203,96,0,2,[4],32,1,"{""1"":69,""2"":72,""3"":64,""4"":79,""5"":63,""6"":65,""7"":65,""8"":79,""9"":82,""10"":87}","{""1"":55,""2"":57,""3"":51,""4"":63,""5"":50,""6"":52,""7"":52,""8"":63,""9"":65,""10"":69}",0,"{""1"":40,""2"":40,""3"":80,""4"":100,""5"":80}",301006,5,[0],5,[101006110],这个球员非常屌93,,58,,0,,,0
101007,郭金林,101007,0,197,100,0,2,"[3,4]",27,1,"{""1"":68,""2"":68,""3"":67,""4"":82,""5"":66,""6"":65,""7"":60,""8"":74,""9"":87,""10"":84}","{""1"":54,""2"":54,""3"":53,""4"":65,""5"":52,""6"":52,""7"":48,""8"":59,""9"":69,""10"":67}",0,"{""1"":60,""2"":70,""3"":100,""4"":90,""5"":70}",301007,5,[0],5,[101007110],这个球员非常屌94,,57,,0,,,0
101008,赵嘉义,101008,0,205,98,0,2,[4],35,1,"{""1"":65,""2"":78,""3"":60,""4"":78,""5"":60,""6"":61,""7"":63,""8"":79,""9"":82,""10"":84}","{""1"":52,""2"":62,""3"":48,""4"":62,""5"":48,""6"":48,""7"":50,""8"":63,""9"":65,""10"":67}",0,"{""1"":40,""2"":40,""3"":80,""4"":100,""5"":80}",301008,5,[0],5,[101008110],这个球员非常屌95,,57,,0,,,0
101009,田宇恒,101009,0,193,84,0,1,"[2,1]",10,1,"{""1"":69,""2"":67,""3"":66,""4"":86,""5"":72,""6"":69,""7"":60,""8"":69,""9"":81,""10"":80}","{""1"":55,""2"":53,""3"":52,""4"":68,""5"":57,""6"":55,""7"":48,""8"":55,""9"":64,""10"":64}",0,"{""1"":90,""2"":100,""3"":50,""4"":40,""5"":40}",301009,5,[0],5,[101009110],这个球员非常屌96,,57,,0,,,0
101010,赵俊峰,101010,0,193,83,0,1,[1],17,1,"{""1"":69,""2"":65,""3"":74,""4"":91,""5"":64,""6"":62,""7"":60,""8"":67,""9"":80,""10"":77}","{""1"":55,""2"":52,""3"":59,""4"":72,""5"":51,""6"":49,""7"":48,""8"":53,""9"":64,""10"":61}",0,"{""1"":100,""2"":80,""3"":50,""4"":40,""5"":40}",301010,5,[0],5,[101010110],这个球员非常屌97,,56,,0,,,0
101011,邬挺嘉,101011,0,180,83,0,1,"[2,1]",4,1,"{""1"":66,""2"":61,""3"":69,""4"":86,""5"":69,""6"":66,""7"":60,""8"":60,""9"":86,""10"":79}","{""1"":52,""2"":48,""3"":55,""4"":68,""5"":55,""6"":52,""7"":48,""8"":48,""9"":68,""10"":63}",0,"{""1"":90,""2"":100,""3"":50,""4"":40,""5"":40}",301011,5,[0],5,[101011110],这个球员非常屌98,,56,,0,,,0
101012,贾昊,101012,0,197,90,0,2,[3],10,1,"{""1"":63,""2"":70,""3"":64,""4"":83,""5"":74,""6"":73,""7"":64,""8"":76,""9"":82,""10"":80}","{""1"":50,""2"":56,""3"":51,""4"":66,""5"":59,""6"":58,""7"":51,""8"":60,""9"":65,""10"":64}",0,"{""1"":60,""2"":70,""3"":100,""4"":80,""5"":70}",301012,5,[0],5,[101012110],这个球员非常屌99,,58,,0,,,0
101013,王化东,101013,0,203,107,0,2,"[4,5]",32,1,"{""1"":60,""2"":65,""3"":60,""4"":78,""5"":60,""6"":60,""7"":60,""8"":74,""9"":87,""10"":90}","{""1"":48,""2"":52,""3"":48,""4"":62,""5"":48,""6"":48,""7"":48,""8"":59,""9"":69,""10"":72}",0,"{""1"":40,""2"":40,""3"":80,""4"":100,""5"":90}",301013,5,[0],5,[101013110],这个球员非常屌100,,55,,0,,,0
101014,杨金蒙,101014,0,190,88,0,1,"[2,1]",7,1,"{""1"":60,""2"":64,""3"":67,""4"":86,""5"":67,""6"":63,""7"":60,""8"":72,""9"":84,""10"":75}","{""1"":48,""2"":51,""3"":53,""4"":68,""5"":53,""6"":50,""7"":48,""8"":57,""9"":67,""10"":60}",0,"{""1"":90,""2"":100,""3"":50,""4"":40,""5"":40}",301014,5,[0],5,[101014110],这个球员非常屌101,,56,,0,,,0
101015,刘志轩,101015,0,196,88,0,2,"[3,2]",11,1,"{""1"":60,""2"":65,""3"":78,""4"":82,""5"":60,""6"":60,""7"":62,""8"":75,""9"":82,""10"":76}","{""1"":48,""2"":52,""3"":62,""4"":65,""5"":48,""6"":48,""7"":49,""8"":60,""9"":65,""10"":60}",0,"{""1"":60,""2"":90,""3"":100,""4"":80,""5"":70}",301015,5,[0],5,[101015110],这个球员非常屌102,,56,,0,,,0
101016,朱传宇,101016,0,226,122,0,3,[5],16,1,"{""1"":64,""2"":64,""3"":67,""4"":86,""5"":67,""6"":63,""7"":60,""8"":75,""9"":84,""10"":75}","{""1"":48,""2"":51,""3"":53,""4"":68,""5"":53,""6"":50,""7"":48,""8"":57,""9"":67,""10"":60}",0,"{""1"":40,""2"":40,""3"":70,""4"":80,""5"":100}",301016,5,[0],5,[101016110],这个球员非常屌103,,56,,0,,,0
101017,孟天艺,101017,0,206,113,0,3,[5],21,1,"{""1"":60,""2"":60,""3"":82,""4"":82,""5"":60,""6"":60,""7"":62,""8"":75,""9"":82,""10"":76}","{""1"":48,""2"":52,""3"":62,""4"":65,""5"":48,""6"":48,""7"":49,""8"":60,""9"":65,""10"":60}",0,"{""1"":40,""2"":40,""3"":70,""4"":80,""5"":100}",301017,5,[0],5,[101017110],这个球员非常屌104,,56,,0,,,0
